{
	"block.minecraft.bedrock_slab": "Llosa de roca base",
	"block.minecraft.birch_wood_slab": "Llosa de bedoll",
	"block.minecraft.bone_block_slab": "Llosa d'os",
	"block.minecraft.chiseled_quartz_block_slab": "Losa de cuarzo grabado",
	"block.minecraft.chiseled_stone_bricks_slab": "Losa de ladrillos de piedra grabados",
	"block.minecraft.clay_slab": "Llosa d'argila",
	"block.minecraft.coal_ore_slab": "Llosa de mineral de carbó",
	"block.minecraft.concrete": "Formigó",
	"block.minecraft.concrete_powder": "Pols de formigó",
	"block.minecraft.concrete_powder_slab": "Llosa de pols de formigó",
	"block.minecraft.concrete_slab": "Llosa de formigó",
	"block.minecraft.cracked_stone_bricks_slab": "Llosa de maons de pedra esquerdats",
	"block.minecraft.gravel_slab": "Llosa de grava",
	"block.minecraft.iron_block_slab": "Llosa de bloc de ferro",
	"block.minecraft.metal": "Bloc de metall",
	"block.minecraft.metal_slab": "Llosa de metall",
	"block.minecraft.planks": "Taulons de fusta",
	"block.minecraft.planks_slab": "Llosa de taulons de fusta",
	"block.minecraft.purpur_block_slab": "Llosa de Púrpur",
	"block.minecraft.purpur_pillar_slab": "Llosa de pilar de púrpur",
	"block.minecraft.quartz_block_slab": "Llosa de quars",
	"block.minecraft.quartz_bricks_slab": "Llosa de maons de quars",
	"block.minecraft.quartz_pillar_slab": "Llosa de pilar de quars",
	"block.minecraft.snow_block_slab": "Llosa de bloc de neu",
	"block.minecraft.stained_glass": "Vidre tintat",
	"block.minecraft.stained_glass_slab": "Llosa de vidre tenyit",
	"block.minecraft.stone_bricks_slab": "Llosa de maons de roca",
	"block.minecraft.wool": "Llana",
	"block.minecraft.wool_slab": "Llosa de llana",
	"block.mtr.airplane_node": "Node d'avió",
	"block.mtr.apg_door": "Portes d'andana automàtiques",
	"block.mtr.apg_glass": "Portes d'andana automàtiques",
	"block.mtr.apg_glass_end": "Portes d'andana automàtiques",
	"block.mtr.arrival_projector_1_large": "Projector d'arribada (3x3)",
	"block.mtr.arrival_projector_1_medium": "Projector d'arribada (3x2)",
	"block.mtr.arrival_projector_1_small": "Projector d'arribada (1x1)",
	"block.mtr.boat_node": "Node de la barca",
	"block.mtr.cable_car_node_lower": "Node de telefèric",
	"block.mtr.cable_car_node_station": "Node d'estació de telefèric",
	"block.mtr.cable_car_node_upper": "Node de telefèric",
	"block.mtr.ceiling": "Sostre",
	"block.mtr.ceiling_light": "Sostre (amb llum)",
	"block.mtr.ceiling_no_light": "Sostre (sense llum)",
	"block.mtr.clock": "Rellotge",
	"block.mtr.clock_pole": "Pal de rellotge",
	"block.mtr.escalator_side": "Escales Mecàniques",
	"block.mtr.escalator_step": "Escales Mecàniques",
	"block.mtr.glass_fence_cio": "Panell de vidre",
	"block.mtr.glass_fence_ckt": "Panell de vidre",
	"block.mtr.glass_fence_heo": "Panell de vidre",
	"block.mtr.glass_fence_mos": "Panell de vidre",
	"block.mtr.glass_fence_plain": "Panell de vidre",
	"block.mtr.glass_fence_shm": "Panell de vidre",
	"block.mtr.glass_fence_stained": "Panell de vidre",
	"block.mtr.glass_fence_stw": "Panell de vidre",
	"block.mtr.glass_fence_tsh": "Panell de vidre",
	"block.mtr.glass_fence_wks": "Panell de vidre",
	"block.mtr.lift_buttons_1": "Botons d'ascensor",
	"block.mtr.lift_door_1": "Portes d'ascensor",
	"block.mtr.lift_door_odd_1": "Portes d'ascensor",
	"block.mtr.lift_panel_even_1": "Panell de visualització de l'ascensor",
	"block.mtr.lift_panel_even_2": "Panell de visualització de l'ascensor",
	"block.mtr.lift_panel_odd_1": "Panell de visualització de l'ascensor",
	"block.mtr.lift_panel_odd_2": "Panell de visualització de l'ascensor",
	"block.mtr.lift_track_1": "Raïl d'ascensor",
	"block.mtr.lift_track_floor_1": "Raïl de planta",
	"block.mtr.logo": "Logo de la MTR",
	"block.mtr.marble_blue": "Marbre blau",
	"block.mtr.marble_blue_slab": "Llosa de marbre blau",
	"block.mtr.marble_sandy": "Marbre de sorra",
	"block.mtr.marble_sandy_slab": "Llosa de marbre de sorra",
	"block.mtr.metal": "Metall",
	"block.mtr.metal_slab": "Llosa de metall",
	"block.mtr.pids_1": "Panell d'informació pels passatgers",
	"block.mtr.pids_2": "Panell d'informació pels passatgers",
	"block.mtr.pids_3": "Panell d'informació pels passatgers",
	"block.mtr.pids_pole": "Pal pel panell d'informació pels passatgers",
	"block.mtr.platform": "Plataforma (Hong Kong)",
	"block.mtr.platform_indented": "Andana (Hong Kong)",
	"block.mtr.platform_na_1": "Andana (Nord Amèrica)",
	"block.mtr.platform_na_1_indented": "Andana (Nord Amèrica)",
	"block.mtr.platform_na_2": "Andana (Nord Amèrica)",
	"block.mtr.platform_na_2_indented": "Andana (Nord Amèrica)",
	"block.mtr.platform_uk_1": "Andana (Regne Unit)",
	"block.mtr.platform_uk_1_indented": "Andana (Regne Unit)",
	"block.mtr.psd_door": "Portes d'andana",
	"block.mtr.psd_door_2": "Portes d'andana",
	"block.mtr.psd_glass": "Portes d'andana",
	"block.mtr.psd_glass_2": "Portes d'andana",
	"block.mtr.psd_glass_end": "Portes d'andana",
	"block.mtr.psd_glass_end_2": "Portes d'andana",
	"block.mtr.psd_top": "Portes d'andana",
	"block.mtr.rail": "Node de rail",
	"block.mtr.railway_sign": "Senyal ferroviària",
	"block.mtr.railway_sign_pole": "Pal per senyal ferroviària",
	"block.mtr.route_sign_standing_light": "Senyal de ruta (sostre de llum)",
	"block.mtr.route_sign_standing_metal": "Senyal de ruta (sostre de metall)",
	"block.mtr.route_sign_wall_light": "Senyal de ruta (paret de llum)",
	"block.mtr.route_sign_wall_metal": "Senyal de ruta (paret de metall)",
	"block.mtr.rubbish_bin_1": "Paperera",
	"block.mtr.signal_light_1": "Llum de senyalització (2 Aspectes)",
	"block.mtr.signal_light_2": "Llum de senyalització (2 Aspectes, Doble cara)",
	"block.mtr.signal_light_3": "Llum de senyalització (2 Aspectes)",
	"block.mtr.signal_light_3_aspect_1": "Llum de senyalització (3 Aspectes)",
	"block.mtr.signal_light_3_aspect_2": "Llum de senyalització (3 Aspectes, Doble cara)",
	"block.mtr.signal_light_4": "Llum de senyalització (2 Aspectes, Doble cara)",
	"block.mtr.signal_light_4_aspect_1": "Llum de senyalització (4 Aspectes)",
	"block.mtr.signal_light_4_aspect_2": "Llum de senyalització (4 Aspectes, Doble cara)",
	"block.mtr.signal_pole": "Pal per senyal",
	"block.mtr.signal_semaphore_1": "Semàfor ferroviari",
	"block.mtr.signal_semaphore_2": "Semàfor (Doble cara)",
	"block.mtr.station_name_entrance": "Nom de l'estació (Entrada)",
	"block.mtr.station_name_tall_block": "Nom de l'estació (Bloc)",
	"block.mtr.station_name_tall_block_double_sided": "Nom d'estació (Bloc alt, doble cara)",
	"block.mtr.station_name_tall_wall": "Nom de l'estació (Text per paret)",
	"block.mtr.station_name_wall": "Nom d'estació (Mur, Blanc)",
	"block.mtr.station_name_wall_black": "Nom d'estació (Mur, negre)",
	"block.mtr.station_name_wall_gray": "Nom d'estació (Mur, gris)",
	"block.mtr.station_pole": "Pal per color de l'estació",
	"block.mtr.tactile_map": "Mapa tàctil",
	"block.mtr.ticket_barrier_entrance_1": "Validadora (entrada)",
	"block.mtr.ticket_barrier_exit_1": "Validadora (sortida)",
	"block.mtr.ticket_machine": "Màquina de bitllets",
	"block.mtr.ticket_processor": "Lector de bitllets",
	"block.mtr.ticket_processor_enquiry": "Processador de consultes",
	"block.mtr.ticket_processor_entrance": "Lector de bitllets (Entrada)",
	"block.mtr.ticket_processor_exit": "Lector de bitllets (Sortida)",
	"block.mtr.train_announcer": "Anunciante",
	"block.mtr.train_cargo_loader": "Cargador de Mercancías",
	"block.mtr.train_cargo_unloader": "Descargador de Mercancías",
	"block.mtr.train_schedule_sensor": "Sensor d'horari",
	"block.mtr.train_sensor": "Sensor de redstone",
	"category.mtr.keybinding": "Dreceres de teclat del Minecraft Transit Railway",
	"entity.mtr.seat": "",
	"gui.mtr.acceleration": "Acceleració del vehicle",
	"gui.mtr.add_balance_for_emeralds": "Afegeixi $%s per %s maragdes",
	"gui.mtr.add_depot": "Afegeix cotxera",
	"gui.mtr.add_exit": "Afegeix sortida de l'estació",
	"gui.mtr.add_exit_destination": "Afegeix una destinació de sortida",
	"gui.mtr.add_route": "Afegeix ruta",
	"gui.mtr.add_station": "Afegeix estació",
	"gui.mtr.add_value": "Afegeix valor",
	"gui.mtr.already_entered": "Estació ja introduïda",
	"gui.mtr.already_exited": "No s'han trobat registres",
	"gui.mtr.announcement_message": "Títol de l'avís",
	"gui.mtr.anticlockwise_to": "Sentit antihorari a %s",
	"gui.mtr.anticlockwise_to_cjk": "Sentit antihorari a %s",
	"gui.mtr.anticlockwise_via": "Sentit antihorari a %s",
	"gui.mtr.anticlockwise_via_cjk": "Sentit antihorari a %s",
	"gui.mtr.arrival_car": "%s-vagó",
	"gui.mtr.arrival_car_cjk": "%s-vagó",
	"gui.mtr.arrival_min": "%s min",
	"gui.mtr.arrival_min_cjk": "%s min",
	"gui.mtr.arrival_sec": "%s seg",
	"gui.mtr.arrival_sec_cjk": "%s seg",
	"gui.mtr.automatically_detect_nearby_platform": "Detecta automàticament l'andana més propera",
	"gui.mtr.available": "Disponible",
	"gui.mtr.available_model_parts": "Parts del model disponibles",
	"gui.mtr.balance": "Balanç: $%s",
	"gui.mtr.cable_car_invalid_orientation": "Connexió de cable invàlida",
	"gui.mtr.cars_to_spawn": "Cotxes per generar: %s",
	"gui.mtr.clear_vehicles": "Esborrar vehicles",
	"gui.mtr.clockwise_to": "Sentit horari a %s",
	"gui.mtr.clockwise_to_cjk": "Sentit horari a %s",
	"gui.mtr.clockwise_via": "Sentit horari a %s",
	"gui.mtr.clockwise_via_cjk": "Sentit horari a %s",
	"gui.mtr.color": "Color",
	"gui.mtr.comma": ", ",
	"gui.mtr.comma_cjk": "、",
	"gui.mtr.comma_last": " i ",
	"gui.mtr.comma_last_cjk": "或",
	"gui.mtr.connecting_station_interchange_announcement_part": "el %1$s a l'estació %2$s",
	"gui.mtr.connecting_station_interchange_announcement_part_cjk": "往%2$s站轉乘%1$s",
	"gui.mtr.connecting_station_part": "Els passatgers poden canviar a %s.",
	"gui.mtr.connecting_station_part_cjk": "乘客可在該站%s。",
	"gui.mtr.cruising_altitude": "Altitud de creuer",
	"gui.mtr.custom_destination_suggestion": "Destinació (\\r per reiniciar)",
	"gui.mtr.custom_resources_export_resource_pack": "Exportar paquet de recursos",
	"gui.mtr.custom_resources_gangway_connection_id": "ID de connexió de passarel·la",
	"gui.mtr.custom_resources_id": "ID",
	"gui.mtr.custom_resources_name": "Nom",
	"gui.mtr.custom_resources_rider_offset": "Compensació de viatgers: %s",
	"gui.mtr.custom_resources_train_barrier_id": "ID de la barrera del tren",
	"gui.mtr.delete_confirmation": "Està segur que vol esborrar %s?",
	"gui.mtr.depot_color": "Color de la cotxera",
	"gui.mtr.depot_name": "Nom de la cotxera",
	"gui.mtr.depots": "Cotxeres",
	"gui.mtr.disable_next_station_announcements": "Deshabilitar els anuncis de les properes estacions",
	"gui.mtr.dismount_hold": "Mantingues pressionat %s per desmuntar-te: %s",
	"gui.mtr.display_page": "Número de pàgina",
	"gui.mtr.door_animation_type_bouncy_1": "Portes: Rebot (1)",
	"gui.mtr.door_animation_type_bouncy_2": "Portes: Rebot (2)",
	"gui.mtr.door_animation_type_constant": "Portes: Constant",
	"gui.mtr.door_animation_type_mlr": "Portes: MLR",
	"gui.mtr.door_animation_type_plug_fast": "Portes: Endoll ràpid",
	"gui.mtr.door_animation_type_plug_slow": "Portes: Endoll lent",
	"gui.mtr.door_animation_type_r179": "Portes: R179",
	"gui.mtr.door_animation_type_r211": "Portes: R179",
	"gui.mtr.door_animation_type_standard": "Portes: Estàndard",
	"gui.mtr.door_animation_type_standard_slow": "Portes: Lent",
	"gui.mtr.drag_file_to_upload": "Arrossegui arxiu per pujar",
	"gui.mtr.dwell_time": "Temps d'espera del vehicle",
	"gui.mtr.edit_area": "Feu clic i arrossegueu per dibuixar una àrea.",
	"gui.mtr.edit_instructions": "Editar instruccions",
	"gui.mtr.edit_route": "Cliqui una andana per afegir-la a la ruta.",
	"gui.mtr.editing_part": "Editant %s",
	"gui.mtr.emeralds": "Maragdes: %s",
	"gui.mtr.enter_barrier": "Introduït %s - Balanç: $%s",
	"gui.mtr.exit_barrier": "Extret %s - Tarifa: $%s - Balanç: $%s",
	"gui.mtr.exit_destinations": "Sortides",
	"gui.mtr.exit_parents": "Sortides de l'estació",
	"gui.mtr.file_model": "Arxiu de blockbench",
	"gui.mtr.file_properties": "Arxiu de propietats (opcional)",
	"gui.mtr.file_texture": "Arxiu de textures",
	"gui.mtr.file_upload": "Carregar...",
	"gui.mtr.filtered_platforms": "Plataformes seleccionades (%s)",
	"gui.mtr.filtered_routes": "Rutes filtrades (%s)",
	"gui.mtr.filtered_routes_condition": "Aquest bloc serà activat sol pels vehicles què serveixin les rutes seleccionades aqui",
	"gui.mtr.filtered_routes_empty": "Aquest bloc serà activat per tots els vehicles",
	"gui.mtr.game_time": "Temps de joc",
	"gui.mtr.generate_map": "Genera mapa de rutes",
	"gui.mtr.generating_path": "Generant camí",
	"gui.mtr.hide_arrival": "Amaga arribades",
	"gui.mtr.insufficient_balance": "Balanç insuficient ($%s)",
	"gui.mtr.interchange_announcement": "Enllaç amb %s.",
	"gui.mtr.interchange_announcement_cjk": "Els passatgers poden fer enllaç a %s",
	"gui.mtr.invalid_orientation": "No es pot connectar el rail. Orientació invàlida",
	"gui.mtr.is_anticlockwise_route": "Ruta circular en sentit antihorari",
	"gui.mtr.is_clockwise_route": "Ruta circular en sentit horari",
	"gui.mtr.is_light_rail_route": "Té la ruta número",
	"gui.mtr.is_manual": "Vehicle conduïble",
	"gui.mtr.is_route_hidden": "Amagar ruta",
	"gui.mtr.last_airplane_station": "Aquest vol, té com a destinació: %s",
	"gui.mtr.last_airplane_station_cjk": "本航班往%s",
	"gui.mtr.last_boat_station": "Vaixell amb destinació %s",
	"gui.mtr.last_boat_station_cjk": "本渡輪往%s",
	"gui.mtr.last_cable_car_station": "Telefèric amb destinació %s",
	"gui.mtr.last_cable_car_station_cjk": "本纜車往%s",
	"gui.mtr.last_train_station": "Tren amb destinació %s",
	"gui.mtr.last_train_station_cjk": "本列車往%s",
	"gui.mtr.left": "Esquerra",
	"gui.mtr.lift_buttons_locked": "Botó bloquejat",
	"gui.mtr.lift_buttons_unlocked": "Botó desbloquejat",
	"gui.mtr.lift_floor_description": "Descripció",
	"gui.mtr.lift_floor_number": "Número de planta",
	"gui.mtr.lift_is_double_sided": "Doble cara",
	"gui.mtr.lift_should_ding": "Fer un \"ding\"",
	"gui.mtr.lift_style": "Estil: %s",
	"gui.mtr.lift_style_opaque": "Opac",
	"gui.mtr.lift_style_transparent": "Transparent",
	"gui.mtr.lift_track_required": "Pistes de l'ascensor necessàries",
	"gui.mtr.light_rail_route_announcement": "Tren amb origen %s té com destinació %s.",
	"gui.mtr.light_rail_route_announcement_cjk": "Tren amb origen %s té com destinació %s",
	"gui.mtr.light_rail_route_number": "Ruta número",
	"gui.mtr.london_train_interchange_announcement": "Correspondència amb %s.",
	"gui.mtr.london_train_interchange_announcement_cjk": "乘客可在該站轉乘%s。",
	"gui.mtr.london_train_next_station_announcement": "La propera parada és %s.",
	"gui.mtr.london_train_next_station_announcement_cjk": "下一站是%s。",
	"gui.mtr.london_train_route_announcement": "Tren %s amb destinació %s.",
	"gui.mtr.london_train_route_announcement_cjk": "本班為%s列車前往%s。",
	"gui.mtr.london_train_terminating_announcement": "Aquest tren finalitza el seu recorregut en aquesta estació.",
	"gui.mtr.london_train_terminating_announcement_cjk": "列車以本站為終點站。",
	"gui.mtr.london_train_this_station_announcement": "Aquesta estació és %s.",
	"gui.mtr.london_train_this_station_announcement_cjk": "本站是%s。",
	"gui.mtr.manual_to_automatic_time": "Temps d'espera del conductor",
	"gui.mtr.max_manual_speed": "Velocitat màxima de conducció",
	"gui.mtr.max_vehicles": "Nombre màxim de vehicles per cotxera",
	"gui.mtr.mismatched_versions": "Si us plau, actualitza el mod del Minecraft Transit Railway i prova-ho un altre cop.",
	"gui.mtr.mismatched_versions_server_version": "Versió del server: %s",
	"gui.mtr.mismatched_versions_your_version": "La teva versió: %s",
	"gui.mtr.moving_only": "Sol vehicles en moviment",
	"gui.mtr.mtr_options": "Opcions de Minecraft Transit Railway",
	"gui.mtr.name": "Nom",
	"gui.mtr.next_departure": "Propera sortida estimada: %s",
	"gui.mtr.next_departure_none": "No hi ha sortides programades",
	"gui.mtr.next_route_airplane_announcement": "Aquest vol efectuarà un canvi de destinació de %s a %s.",
	"gui.mtr.next_route_airplane_announcement_cjk": "本航班會改為%s前往%s。",
	"gui.mtr.next_route_boat_announcement": "Aquest vaixell efectuarà un canvi de destinació de %s a %s.",
	"gui.mtr.next_route_boat_announcement_cjk": "本渡輪會改為%s前往%s。",
	"gui.mtr.next_route_boat_light_rail_announcement": "Aquesta ruta serà canviada a %s. Passatgers amb destinació %s, agafeu aquest vaixell.",
	"gui.mtr.next_route_boat_light_rail_announcement_cjk": "本渡輪會改為%s路綫。前往%s沿途各站之乘客，可乘本渡輪。",
	"gui.mtr.next_route_cable_car_announcement": "Aquest telefèric efectuarà un canvi de destinació de %s a %s.",
	"gui.mtr.next_route_cable_car_announcement_cjk": "本纜車會改為%s前往%s。",
	"gui.mtr.next_route_train_announcement": "Aquest tren efectuarà un canvi de destinació de %s a %s.",
	"gui.mtr.next_route_train_announcement_cjk": "本班車會改為%s前往%s。",
	"gui.mtr.next_route_train_light_rail_announcement": "Aquesta ruta serà canviada a %s. Passatgers amb destinació %s, agafeu aquest tren.",
	"gui.mtr.next_route_train_light_rail_announcement_cjk": "本班車會改為%s路綫。前往%s沿途各站之乘客，可乘本列車。",
	"gui.mtr.next_station": "Pròxima estació: %s",
	"gui.mtr.next_station_announcement": "Pròxima estació: %s.",
	"gui.mtr.next_station_announcement_cjk": "Pròxima estació: %s",
	"gui.mtr.next_station_cjk": "Pròxima estació: %s",
	"gui.mtr.next_station_light_rail_announcement": "Pròxima estació: %s.",
	"gui.mtr.next_station_light_rail_announcement_cjk": "Pròxima estació: %s",
	"gui.mtr.no_lift_tracks_floor_found": "No s'ha trobat un camí per l'ascensor",
	"gui.mtr.offset_x": "Posició X: %s",
	"gui.mtr.offset_y": "Posició Y: %s",
	"gui.mtr.offset_z": "Posició Z: %s",
	"gui.mtr.part_blacklisted_cars": "Cotxes a la llista negra",
	"gui.mtr.part_display_cjk_size_ratio": "Mida de CJK: %s",
	"gui.mtr.part_display_force_single_line": "Forçar línia única",
	"gui.mtr.part_display_force_upper_case": "Force Upper Case",
	"gui.mtr.part_display_should_scroll": "Quadre de text desplaçable",
	"gui.mtr.part_display_text_color": "Color",
	"gui.mtr.part_display_text_color_cjk": "Color de CJK/no-CJK",
	"gui.mtr.part_display_type_destination": "Tipus: Destinació",
	"gui.mtr.part_display_type_next_station_kcr": "Tipus: Pròxima estació (KCR)",
	"gui.mtr.part_display_type_next_station_mtr": "Tipus: Pròxima estació (MTR)",
	"gui.mtr.part_display_type_next_station_plain": "Tipus: Pròxima estació",
	"gui.mtr.part_display_type_next_station_uk": "Tipus: Pròxima estació (RU)",
	"gui.mtr.part_display_type_route_number": "Tipus: Número de ruta",
	"gui.mtr.part_display_x_padding": "Farciment X: %s",
	"gui.mtr.part_display_y_padding": "Farciment Y: %s",
	"gui.mtr.part_door_offset_left_negative": "Desplaçament de porta: -Esquerra",
	"gui.mtr.part_door_offset_left_positive": "Desplaçament de porta: +Esquerra",
	"gui.mtr.part_door_offset_none": "Desplaçament de porta: Cap",
	"gui.mtr.part_door_offset_right_negative": "Desplaçament de porta: -Dreta",
	"gui.mtr.part_door_offset_right_positive": "Desplaçament de porta: +Dreta",
	"gui.mtr.part_is_display": "Es mostra",
	"gui.mtr.part_mirror": "Mirallat",
	"gui.mtr.part_positions": "Posicions",
	"gui.mtr.part_render_condition_all": "Renderitzar: Sempre",
	"gui.mtr.part_render_condition_door_left_closed": "Renderitzador: Portes esquerres tancades",
	"gui.mtr.part_render_condition_door_left_open": "Renderitzador: Portes esquerres obertes",
	"gui.mtr.part_render_condition_door_right_closed": "Renderitzador: Portes dretes tancades",
	"gui.mtr.part_render_condition_door_right_open": "Renderitzador: Portes dretes obertes",
	"gui.mtr.part_render_condition_doors_closed": "Renderitzador: Portes tancades",
	"gui.mtr.part_render_condition_doors_open": "Renderitzador: Portes obertes",
	"gui.mtr.part_render_condition_moving_backwards": "Renderitzador: Moure's cap enrere",
	"gui.mtr.part_render_condition_moving_forwards": "Renderitzador: Moure's cap endavant",
	"gui.mtr.part_skip_rendering_if_too_far": "Amagar si és lluny",
	"gui.mtr.part_stage_always_on_lights": "Lights (Always On)",
	"gui.mtr.part_stage_exterior": "Exterior",
	"gui.mtr.part_stage_interior": "Interior",
	"gui.mtr.part_stage_interior_translucent": "Interior (Translucent)",
	"gui.mtr.part_stage_lights": "Llums",
	"gui.mtr.part_whitelisted_cars": "Whitelisted Cars",
	"gui.mtr.path_found": "Camí creat amb èxit",
	"gui.mtr.path_not_found_between": "Camí no trobat a|> %s|entre|> %s|i|> %s|",
	"gui.mtr.path_not_generated": "Camí no generat",
	"gui.mtr.percentage_complete_bridge": "Building Bridge (%s%%)",
	"gui.mtr.percentage_complete_tunnel": "Building Tunnel (%s%%)",
	"gui.mtr.percentage_complete_tunnel_wall": "Building Tunnel Wall (%s%%)",
	"gui.mtr.pids_message": "Missatge personalitzat",
	"gui.mtr.platform": "Via %s",
	"gui.mtr.platform_number": "Andana número",
	"gui.mtr.platform_or_siding_exists": "Cada node ferroviari només es pot connectar a una plataforma o andana",
	"gui.mtr.press_to_select_floor": "Premeu %s per seleccionar la planta",
	"gui.mtr.psd_apg_door_locked": "Door Locked",
	"gui.mtr.psd_apg_door_unlocked": "Door Unlocked",
	"gui.mtr.radius_too_small": "No es pot connectar el rail, el radi ha de ser almenys de 2",
	"gui.mtr.rail_action_bridge": "Bridge by %s (%s blocks long, %s)",
	"gui.mtr.rail_action_tunnel": "Tunnel by %s (%s blocks long)",
	"gui.mtr.rail_action_tunnel_wall": "Tunnel Wall by %s (%s blocks long, %s)",
	"gui.mtr.rail_actions": "Current Build Operations",
	"gui.mtr.rail_actions_button": "Operations...",
	"gui.mtr.rail_not_found": "No es pot crear el senyal, rail no trobat",
	"gui.mtr.rail_not_found_action": "No se pudo realizar la acción; no se encontró el riel",
	"gui.mtr.refresh_path": "Recarrega el camí",
	"gui.mtr.repeat_indefinitely": "Repeat Instructions Forever",
	"gui.mtr.reset_sign": "Restableix",
	"gui.mtr.right": "Right",
	"gui.mtr.rotate_anticlockwise": "Rotate Anticlockwise",
	"gui.mtr.rotate_clockwise": "Rotate Clockwise",
	"gui.mtr.route_color": "Color de ruta",
	"gui.mtr.route_name": "Nom de la Ruta",
	"gui.mtr.route_type_boat_high_speed": "Type: Fast Ferry",
	"gui.mtr.route_type_boat_light_rail": "Type: Cruise",
	"gui.mtr.route_type_boat_normal": "Type: Ferry",
	"gui.mtr.route_type_train_high_speed": "Type: High Speed",
	"gui.mtr.route_type_train_light_rail": "Type: Light Rail",
	"gui.mtr.route_type_train_normal": "Tipus: Normal",
	"gui.mtr.routes": "Rutes",
	"gui.mtr.s": "s",
	"gui.mtr.schedule_mode_real_time_off": "Schedule: Minecraft Time",
	"gui.mtr.schedule_mode_real_time_on": "Schedule: Real Time",
	"gui.mtr.search": "Cerca",
	"gui.mtr.select_all_platforms": "Mostra les arribades de totes les andanes",
	"gui.mtr.selected": "Seleccionat",
	"gui.mtr.selected_vehicle": "Vehicle seleccionat",
	"gui.mtr.separator": "/",
	"gui.mtr.separator_cjk": "/",
	"gui.mtr.settings": "Configuració",
	"gui.mtr.siding_number": "Número de separador",
	"gui.mtr.sidings_in_depot": "Separadors de les cotxeres: %s",
	"gui.mtr.sound_file": "Arxiu de so",
	"gui.mtr.station": "Estació %s",
	"gui.mtr.station_cjk": "Estació %s",
	"gui.mtr.station_color": "Color de l'estació",
	"gui.mtr.station_name": "Nom de l'estació",
	"gui.mtr.stations": "Estacions",
	"gui.mtr.stopped_only": "Sol vehicles parats",
	"gui.mtr.support": "Assistència",
	"gui.mtr.this_station": "Aquesta és l'estació %s",
	"gui.mtr.this_station_cjk": "Aquesta és l'estació %s",
	"gui.mtr.to": "direcció %s",
	"gui.mtr.to_cjk": "a %s",
	"gui.mtr.tph": "/hr",
	"gui.mtr.train_schedule_sensor": "Compensació d'arribada (en segons)",
	"gui.mtr.transport_mode_airplane": "Type: Airplane",
	"gui.mtr.transport_mode_boat": "Tipus: Vaixell",
	"gui.mtr.transport_mode_cable_car": "Tipus: Telefèric",
	"gui.mtr.transport_mode_train": "Tipus: Tren",
	"gui.mtr.unlimited": "Unlimited",
	"gui.mtr.unlimited_vehicles": "Vehicles il·limitats",
	"gui.mtr.untitled": "Sense títol",
	"gui.mtr.use_time_and_wind_sync": "Automatically sync time using the Time & Wind mod",
	"gui.mtr.used_model_parts": "Parts de model seleccionades",
	"gui.mtr.vehicle_brightness": "Brightness: %s%%",
	"gui.mtr.vehicle_cars": "Cars: %s",
	"gui.mtr.vehicle_direction_backwards": "Direction: Backwards",
	"gui.mtr.vehicle_direction_forwards": "Direction: Forwards",
	"gui.mtr.vehicle_door_max": "Door: %s",
	"gui.mtr.vehicle_length": "Length: %s",
	"gui.mtr.vehicle_speed": "Velocitat: %s m/s (%s km/h)",
	"gui.mtr.vehicle_width": "Width: %s",
	"gui.mtr.vehicles_per_hour": "Vehicles Per Hour",
	"gui.mtr.welcome_station": "Benvingut a l'estació de %s.",
	"gui.mtr.welcome_station_cjk": "歡迎光臨%s站。",
	"gui.mtr.zone": "Zona tarifària",
	"gui.mtr.zone_number": "Zona %s",
	"item.mtr.apg_door": "Portes d'andana automàtiques",
	"item.mtr.apg_glass": "Portes d'andana automàtiques",
	"item.mtr.apg_glass_end": "Portes d'andana automàtiques",
	"item.mtr.bridge_creator_3": "Bridge Creator",
	"item.mtr.bridge_creator_5": "Bridge Creator",
	"item.mtr.bridge_creator_7": "Bridge Creator",
	"item.mtr.bridge_creator_9": "Bridge Creator",
	"item.mtr.brush": "Pinzell",
	"item.mtr.dashboard": "Tauler de control ferroviari",
	"item.mtr.dashboard_2": "Boat Dashboard",
	"item.mtr.dashboard_3": "Cable Car Dashboard",
	"item.mtr.dashboard_4": "Flight Dashboard",
	"item.mtr.driver_key": "Clau del conductor",
	"item.mtr.escalator": "Escales Mecàniques",
	"item.mtr.lift_buttons_link_connector": "Lift / Elevator Buttons Link Connector",
	"item.mtr.lift_buttons_link_remover": "Lift / Elevator Buttons Link Remover",
	"item.mtr.lift_door_1": "Lift / Elevator Doors",
	"item.mtr.lift_door_odd_1": "Lift / Elevator Doors",
	"item.mtr.lift_refresher": "Lift / Elevator Refresher",
	"item.mtr.psd_door": "Portes d'andana",
	"item.mtr.psd_door_2": "Portes d'andana",
	"item.mtr.psd_glass": "Portes d'andana",
	"item.mtr.psd_glass_2": "Portes d'andana",
	"item.mtr.psd_glass_end": "Portes d'andana",
	"item.mtr.psd_glass_end_2": "Portes d'andana",
	"item.mtr.rail_connector_120": "Obsidian Rail Connector",
	"item.mtr.rail_connector_120_one_way": "Obsidian Rail Connector (One-way)",
	"item.mtr.rail_connector_160": "Blaze Rail Connector",
	"item.mtr.rail_connector_160_one_way": "Blaze Rail Connector (One-way)",
	"item.mtr.rail_connector_20": "Wooden Rail Connector",
	"item.mtr.rail_connector_200": "Quartz Rail Connector",
	"item.mtr.rail_connector_200_one_way": "Quartz Rail Connector (One-way)",
	"item.mtr.rail_connector_20_one_way": "Wooden Rail Connector (One-way)",
	"item.mtr.rail_connector_300": "Diamond Rail Connector",
	"item.mtr.rail_connector_300_one_way": "Diamond Rail Connector (One-way)",
	"item.mtr.rail_connector_40": "Stone Rail Connector",
	"item.mtr.rail_connector_40_one_way": "Stone Rail Connector (One-way)",
	"item.mtr.rail_connector_60": "Emerald Rail Connector",
	"item.mtr.rail_connector_60_one_way": "Emerald Rail Connector (One-way)",
	"item.mtr.rail_connector_80": "Iron Rail Connector",
	"item.mtr.rail_connector_80_one_way": "Iron Rail Connector (One-way)",
	"item.mtr.rail_connector_cable_car": "Cable Car Connector",
	"item.mtr.rail_connector_platform": "Connector de via per andana",
	"item.mtr.rail_connector_runway": "Runway Rail Connector",
	"item.mtr.rail_connector_siding": "Connector de via per separador",
	"item.mtr.rail_connector_turn_back": "Connector de via per fer mitja volta",
	"item.mtr.rail_remover": "Eliminador de via",
	"item.mtr.resource_pack_creator": "Creador de pack de textures",
	"item.mtr.signal_connector_black": "Connector de senyal negre",
	"item.mtr.signal_connector_blue": "Connector de senyal blava",
	"item.mtr.signal_connector_brown": "Connector de senyal marró",
	"item.mtr.signal_connector_cyan": "Connector de senyal cian",
	"item.mtr.signal_connector_gray": "Connector de senyal gris",
	"item.mtr.signal_connector_green": "Connector de senyal verd",
	"item.mtr.signal_connector_light_blue": "Connector de senyal blau clar",
	"item.mtr.signal_connector_light_gray": "Light Grey Signal Connector",
	"item.mtr.signal_connector_lime": "Connector de senyal llima",
	"item.mtr.signal_connector_magenta": "Connector de senyal magenta",
	"item.mtr.signal_connector_orange": "Connector de senyal taronja",
	"item.mtr.signal_connector_pink": "Connector de senyal rosa",
	"item.mtr.signal_connector_purple": "Connector de senyal lila",
	"item.mtr.signal_connector_red": "Connector de senyal vermell",
	"item.mtr.signal_connector_white": "Connector de senyal blanc",
	"item.mtr.signal_connector_yellow": "Connector de senyal groc",
	"item.mtr.signal_remover_black": "Eliminador de senyal negre",
	"item.mtr.signal_remover_blue": "Eliminador de senyal blau",
	"item.mtr.signal_remover_brown": "Eliminador de senyal marró",
	"item.mtr.signal_remover_cyan": "Eliminador de senyal cian",
	"item.mtr.signal_remover_gray": "Grey Signal Remover",
	"item.mtr.signal_remover_green": "Eliminador de senyal verd",
	"item.mtr.signal_remover_light_blue": "Eliminador de senyal blau clar",
	"item.mtr.signal_remover_light_gray": "Eliminador de senyal gris clar",
	"item.mtr.signal_remover_lime": "Eliminador de senyal llima",
	"item.mtr.signal_remover_magenta": "Eliminador de senyal magenta",
	"item.mtr.signal_remover_orange": "Eliminador de senyal taronja",
	"item.mtr.signal_remover_pink": "Eliminador de senyal rosa",
	"item.mtr.signal_remover_purple": "Eliminador de senyal lila",
	"item.mtr.signal_remover_red": "Eliminador de senyal vermell",
	"item.mtr.signal_remover_white": "Eliminador de senyal blanc",
	"item.mtr.signal_remover_yellow": "Eliminador de senyal groc",
	"item.mtr.tunnel_creator_4_3": "Tunnel Creator",
	"item.mtr.tunnel_creator_4_5": "Tunnel Creator",
	"item.mtr.tunnel_creator_4_7": "Tunnel Creator",
	"item.mtr.tunnel_creator_4_9": "Tunnel Creator",
	"item.mtr.tunnel_creator_5_3": "Tunnel Creator",
	"item.mtr.tunnel_creator_5_5": "Tunnel Creator",
	"item.mtr.tunnel_creator_5_7": "Tunnel Creator",
	"item.mtr.tunnel_creator_5_9": "Tunnel Creator",
	"item.mtr.tunnel_creator_6_3": "Tunnel Creator",
	"item.mtr.tunnel_creator_6_5": "Tunnel Creator",
	"item.mtr.tunnel_creator_6_7": "Tunnel Creator",
	"item.mtr.tunnel_creator_6_9": "Tunnel Creator",
	"item.mtr.tunnel_wall_creator_4_3": "Tunnel Wall Creator",
	"item.mtr.tunnel_wall_creator_4_5": "Tunnel Wall Creator",
	"item.mtr.tunnel_wall_creator_4_7": "Tunnel Wall Creator",
	"item.mtr.tunnel_wall_creator_4_9": "Tunnel Wall Creator",
	"item.mtr.tunnel_wall_creator_5_3": "Tunnel Wall Creator",
	"item.mtr.tunnel_wall_creator_5_5": "Tunnel Wall Creator",
	"item.mtr.tunnel_wall_creator_5_7": "Tunnel Wall Creator",
	"item.mtr.tunnel_wall_creator_5_9": "Tunnel Wall Creator",
	"item.mtr.tunnel_wall_creator_6_3": "Tunnel Wall Creator",
	"item.mtr.tunnel_wall_creator_6_5": "Tunnel Wall Creator",
	"item.mtr.tunnel_wall_creator_6_7": "Tunnel Wall Creator",
	"item.mtr.tunnel_wall_creator_6_9": "Tunnel Wall Creator",
	"itemGroup.mtr.core": "Nucli de Minecraft Transit Railway",
	"itemGroup.mtr.escalators_lifts": "Escalators and Lifts / Elevators",
	"itemGroup.mtr.railway_facilities": "Instal·lacions Ferroviàries",
	"itemGroup.mtr.station_building_blocks": "Blocs de construcció d'estació",
	"key.mtr.debug_1_negative": "Debug Field 1 (Subtract)",
	"key.mtr.debug_1_positive": "Debug Field 1 (Add)",
	"key.mtr.debug_2_negative": "Debug Field 2 (Subtract)",
	"key.mtr.debug_2_positive": "Debug Field 2 (Add)",
	"key.mtr.debug_3_negative": "Debug Field 3 (Subtract)",
	"key.mtr.debug_3_positive": "Debug Field 3 (Add)",
	"key.mtr.debug_cycle_negative": "Cycle Debug Category (Backwards)",
	"key.mtr.debug_cycle_positive": "Cycle Debug Category (Forwards)",
	"key.mtr.lift_menu": "Open Lift / Elevator Floor Selection",
	"key.mtr.train_accelerate": "Accelerate Vehicle",
	"key.mtr.train_brake": "Brake Vehicle",
	"key.mtr.train_toggle_doors": "Toggle Doors",
	"options.mtr.anonymous": "Anònim",
	"options.mtr.dynamic_texture_resolution": "Resolución dinámica de las texturas (¡los valores más altos pueden bloquearse!)",
	"options.mtr.hide_special_rail_colors": "Amaga colors de rails especials",
	"options.mtr.hide_translucent_parts": "Hide translucent parts on vehicles",
	"options.mtr.language_options": "Language display on signs",
	"options.mtr.language_options_0": "Per defecte",
	"options.mtr.language_options_1": "CJK Only",
	"options.mtr.language_options_2": "Non-CJK",
	"options.mtr.off": "Apagat",
	"options.mtr.on": "Encès",
	"options.mtr.shift_to_toggle_sitting": "Use %s to toggle sitting inside vehicles",
	"options.mtr.show_announcement_messages": "Mostra els missatges de \"pròxima estació\" al xat",
	"options.mtr.support_patreon": "Dona suport al mod a Patreon!",
	"options.mtr.track_texture_offset": "Offset de la textura de la via",
	"options.mtr.use_dynamic_fps": "Augmentar dinàmicament els FPS",
	"options.mtr.use_mtr_font": "Utilitza les fonts de la MTR (pot no funcionar en alguns ordinadors)",
	"options.mtr.use_tts_announcements": "Activa la megafonia de \"pròxima estació\"",
	"options.mtr.vehicle_render_distance_ratio": "Vehicle rendering to Minecraft render distance ratio",
	"sign.mtr.airport": "Aeroport",
	"sign.mtr.airport_arrivals": "Arribades",
	"sign.mtr.airport_arrivals_cjk": "抵港",
	"sign.mtr.airport_cjk": "機場",
	"sign.mtr.airport_departures": "Sortides",
	"sign.mtr.airport_departures_cjk": "離港",
	"sign.mtr.airport_express": "Trens a l'aeroport",
	"sign.mtr.airport_express_city": "Trens a la ciutat",
	"sign.mtr.airport_express_city_cjk": "Trens a la ciutat",
	"sign.mtr.airport_express_cjk": "Trens a l'aeroport",
	"sign.mtr.airport_transfer": "Transfer",
	"sign.mtr.airport_transfer_cjk": "轉機",
	"sign.mtr.baggage_claim": "Recollida d'equipatges",
	"sign.mtr.baggage_claim_cjk": "提取行李",
	"sign.mtr.boat": "Ferries",
	"sign.mtr.boat_cjk": "渡輪",
	"sign.mtr.cable_car": "Cable Cars",
	"sign.mtr.cable_car_cjk": "纜車",
	"sign.mtr.check_in_passengers": "Facturació",
	"sign.mtr.check_in_passengers_cjk": "Facturació",
	"sign.mtr.cross": "No passi",
	"sign.mtr.cross_cjk": "No passi",
	"sign.mtr.customer_service_centre": "Centre d'atenció al client",
	"sign.mtr.customer_service_centre_cjk": "Centre d'atenció al client",
	"sign.mtr.emergency_exit": "Sortida d'emergència",
	"sign.mtr.emergency_exit_cjk": "Sortida d'emergència",
	"sign.mtr.escalator_to_concourse_down": "A vestíbul",
	"sign.mtr.escalator_to_concourse_down_cjk": "A vestíbul",
	"sign.mtr.escalator_to_concourse_up": "A vestíbul",
	"sign.mtr.escalator_to_concourse_up_cjk": "A vestíbul",
	"sign.mtr.female": "Lavabo de dones",
	"sign.mtr.female_cjk": "Lavabo de dones",
	"sign.mtr.in_town_check_in": "Facturació",
	"sign.mtr.in_town_check_in_cjk": "Facturació",
	"sign.mtr.lift_1": "Ascensor",
	"sign.mtr.lift_1_cjk": "Ascensor",
	"sign.mtr.lift_2": "Ascensor",
	"sign.mtr.lift_2_cjk": "Ascensor",
	"sign.mtr.light_rail_1": "Tren lleuger",
	"sign.mtr.light_rail_1_cjk": "Tren lleuger",
	"sign.mtr.light_rail_2": "Tren lleuger",
	"sign.mtr.light_rail_2_cjk": "Tren lleuger",
	"sign.mtr.light_rail_3": "Tren lleuger",
	"sign.mtr.light_rail_3_cjk": "Tren lleuger",
	"sign.mtr.light_rail_4": "Tren lleuger",
	"sign.mtr.light_rail_4_cjk": "Tren lleuger",
	"sign.mtr.logo": "Minecraft Transit Railway",
	"sign.mtr.logo_cjk": "Minecraft Transit Railway",
	"sign.mtr.male": "Lavabo d'homes",
	"sign.mtr.male_cjk": "Lavabo d'homes",
	"sign.mtr.platform": "Andana",
	"sign.mtr.platform_cjk": "Andana",
	"sign.mtr.sp1900": "Trens",
	"sign.mtr.sp1900_cjk": "Trens",
	"sign.mtr.station": "Estació",
	"sign.mtr.station_cjk": "車站",
	"sign.mtr.tickets": "Tiquets",
	"sign.mtr.tickets_cjk": "Tiquets",
	"sign.mtr.toilets": "Lavabos",
	"sign.mtr.toilets_cjk": "Lavabos",
	"sign.mtr.train": "Trens",
	"sign.mtr.train_cjk": "Trens",
	"sign.mtr.train_old": "Trens",
	"sign.mtr.train_old_cjk": "Trens",
	"sign.mtr.wheelchair": "Lavabos",
	"sign.mtr.wheelchair_cjk": "Lavabos",
	"sign.mtr.wifi": "Wi-Fi gratuït",
	"sign.mtr.wifi_cjk": "Wi-Fi gratuït",
	"sign.mtr.xrl_1": "Trens d'Alta Velocitat",
	"sign.mtr.xrl_1_cjk": "Trens d'Alta Velocitat",
	"sign.mtr.xrl_2": "Trens d'Alta Velocitat",
	"sign.mtr.xrl_2_cjk": "Trens d'Alta Velocitat",
	"sign.mtr.yellow_head_1": "Trens",
	"sign.mtr.yellow_head_1_cjk": "Trens",
	"sign.mtr.yellow_head_2": "Trens",
	"sign.mtr.yellow_head_2_cjk": "Trens",
	"tooltip.block.mtr.glass_fence_cio": "City One (Ciutat)",
	"tooltip.block.mtr.glass_fence_ckt": "Temple de Che Kung",
	"tooltip.block.mtr.glass_fence_heo": "Heng On",
	"tooltip.block.mtr.glass_fence_mos": "Ma On Shan",
	"tooltip.block.mtr.glass_fence_plain": "Panell de vidre",
	"tooltip.block.mtr.glass_fence_shm": "Shek Mun",
	"tooltip.block.mtr.glass_fence_stained": "Vidre tintat",
	"tooltip.block.mtr.glass_fence_stw": "Sha Tin Wai",
	"tooltip.block.mtr.glass_fence_tsh": "Tai Shui Hang",
	"tooltip.block.mtr.glass_fence_wks": "Wu Kai Sha",
	"tooltip.mtr.cable_car_node": "No platform and sidings\nStraight connections only",
	"tooltip.mtr.cable_car_node_station": "Platforms and sidings may be created\nCurves may be created",
	"tooltip.mtr.pole_placement": "Ha de ser posat a sobre d'un %s existent",
	"tooltip.mtr.psd_apg_door": "Secció de la porta",
	"tooltip.mtr.psd_apg_door_2": "Secció de la porta",
	"tooltip.mtr.psd_apg_glass": "Secció de vidre",
	"tooltip.mtr.psd_apg_glass_2": "Secció de vidre",
	"tooltip.mtr.psd_apg_glass_end": "Fi de secció de vidre",
	"tooltip.mtr.rail_action_depth": "Depth: %s",
	"tooltip.mtr.rail_action_height": "Height: %s",
	"tooltip.mtr.rail_action_width": "Width: %s",
	"tooltip.mtr.rail_speed_limit": "Límit de velocitat: %s",
	"tooltip.mtr.railway_sign_even": "Orientació: Parell",
	"tooltip.mtr.railway_sign_length": "Longitud: %s",
	"tooltip.mtr.railway_sign_odd": "Orientació: Senar",
	"tooltip.mtr.selected_block": "Bloc seleccionat: %s",
	"tooltip.mtr.selected_material": "Selected Material: %s",
	"tooltip.mtr.shift_right_click_to_clear": "Hold %s and use on|a %s to reset",
	"tooltip.mtr.shift_right_click_to_select_material": "Hold %s and use on|a block to select material",
	"tooltip.mtr.station_color": "El color depèn de les estacions",
	"tooltip.mtr.station_color_name": "El color i text depèn de les estacions",
	"train.mtr.a320": "Airbus A320",
	"train.mtr.a_train_ael": "CAF Airport Express",
	"train.mtr.a_train_ael_mini": "CAF Airport Express (Mini)",
	"train.mtr.a_train_tcl": "Linia CAF Tung Chung",
	"train.mtr.a_train_tcl_mini": "Linia CAF Tung Chung (Mini)",
	"train.mtr.a_train_tcl_small": "Linia CAF Tung Chung (Petit)",
	"train.mtr.acacia_boat": "Acacia Boat",
	"train.mtr.birch_boat": "Birch Boat",
	"train.mtr.br_423": "DB BR 423",
	"train.mtr.c1141a": "C1141A / TML C-Train",
	"train.mtr.c1141a_mini": "C1141A / TML C-Train (Mini)",
	"train.mtr.c1141a_small": "C1141A / TML C-Train (Petit)",
	"train.mtr.c_train": "C-Train",
	"train.mtr.c_train_mini": "C-Train (Mini)",
	"train.mtr.c_train_small": "C-Train (Petit)",
	"train.mtr.class_377_southern": "British Rail Class 377 (Southern)",
	"train.mtr.class_802_gwr": "British Rail Class 802 (GWR)",
	"train.mtr.class_802_gwr_mini": "British Rail Class 802 (GWR, Mini)",
	"train.mtr.class_802_tpe": "British Rail Class 802 (TPE)",
	"train.mtr.class_802_tpe_mini": "British Rail Class 802 (TPE, Mini)",
	"train.mtr.cm_stock": "Metro-Cammell Train (Unrefurbished M-Train)",
	"train.mtr.cm_stock_mini": "Metro-Cammell Train (Unrefurbished M-Train, Mini)",
	"train.mtr.cm_stock_small": "Metro-Cammell Train (Unrefurbished M-Train, Small)",
	"train.mtr.dark_oak_boat": "Barca de pomer fosc",
	"train.mtr.drl": "Disneyland Resort Line Train",
	"train.mtr.e44": "KCR E44 (Cap groc)",
	"train.mtr.e44_mini": "KCR E44 (Cap groc, Mini)",
	"train.mtr.flying_minecart": "Vagoneta voladora",
	"train.mtr.jungle_boat": "Barca de jungla",
	"train.mtr.k_train": "K-Train",
	"train.mtr.k_train_ael": "K-Train Airport Exprés",
	"train.mtr.k_train_ael_mini": "K-Train Airport Exprés (Mini)",
	"train.mtr.k_train_ael_small": "K-Train Airport Exprés (Petit)",
	"train.mtr.k_train_mini": "K-Train (Mini)",
	"train.mtr.k_train_small": "K-Train (Petit)",
	"train.mtr.k_train_tcl": "Linia K-Train Tung Chung",
	"train.mtr.k_train_tcl_mini": "Linia K-Train Tung Chung (Mini)",
	"train.mtr.k_train_tcl_small": "Linia K-Train Tung Chung (Petit)",
	"train.mtr.light_rail_1": "Light Rail (Phase 1, LHT)",
	"train.mtr.light_rail_1_orange": "Light Rail (Phase 1, Orange Livery, LHT)",
	"train.mtr.light_rail_1_orange_rht": "Light Rail (Phase 1, Orange Livery, RHT)",
	"train.mtr.light_rail_1_rht": "Light Rail (Phase 1, RHT)",
	"train.mtr.light_rail_1r": "Light Rail (Phase 1 Refurbished, LHT)",
	"train.mtr.light_rail_1r_old": "Light Rail (Phase 1 Refurbished, Blue Livery, LHT)",
	"train.mtr.light_rail_1r_old_rht": "Light Rail (Phase 1 Refurbished, Blue Livery, RHT)",
	"train.mtr.light_rail_1r_orange": "Light Rail (Phase 1 Refurbished, Orange Livery, LHT)",
	"train.mtr.light_rail_1r_orange_rht": "Light Rail (Phase 1 Refurbished, Orange Livery, RHT)",
	"train.mtr.light_rail_1r_rht": "Light Rail (Phase 1 Refurbished, RHT)",
	"train.mtr.light_rail_2": "Light Rail (Phase 2, LHT)",
	"train.mtr.light_rail_2r": "Light Rail (Phase 2 Refurbished, LHT)",
	"train.mtr.light_rail_2r_rht": "Light Rail (Phase 2 Refurbished, RHT)",
	"train.mtr.light_rail_2_orange": "Light Rail (Phase 2, Orange Livery, LHT)",
	"train.mtr.light_rail_2_orange_rht": "Light Rail (Phase 2, Orange Livery, RHT)",
	"train.mtr.light_rail_2_rht": "Light Rail (Phase 2, RHT)",
	"train.mtr.light_rail_3": "Light Rail (Phase 3, LHT)",
	"train.mtr.light_rail_3r": "Light Rail (Phase 3 Refurbished, LHT)",
	"train.mtr.light_rail_3r_rht": "Light Rail (Phase 3 Refurbished, RHT)",
	"train.mtr.light_rail_3_orange": "Light Rail (Phase 3, Orange Livery, LHT)",
	"train.mtr.light_rail_3_orange_rht": "Light Rail (Phase 3, Orange Livery, RHT)",
	"train.mtr.light_rail_3_rht": "Light Rail (Phase 3, RHT)",
	"train.mtr.light_rail_4": "Light Rail (Phase 4, LHT)",
	"train.mtr.light_rail_4_old": "Light Rail (Phase 4, Blue Livery, LHT)",
	"train.mtr.light_rail_4_old_rht": "Light Rail (Phase 4, Blue Livery, RHT)",
	"train.mtr.light_rail_4_orange": "Light Rail (Phase 4, Orange Livery, LHT)",
	"train.mtr.light_rail_4_orange_rht": "Light Rail (Phase 4, Orange Livery, RHT)",
	"train.mtr.light_rail_4_rht": "Light Rail (Phase 4, RHT)",
	"train.mtr.light_rail_5": "Light Rail (Phase 5, LHT)",
	"train.mtr.light_rail_5_old": "Light Rail (Phase 5, Blue Livery, LHT)",
	"train.mtr.light_rail_5_old_rht": "Light Rail (Phase 5, Blue Livery, RHT)",
	"train.mtr.light_rail_5_orange": "Light Rail (Phase 5, Orange Livery, LHT)",
	"train.mtr.light_rail_5_orange_rht": "Light Rail (Phase 5, Orange Livery, RHT)",
	"train.mtr.light_rail_5_rht": "Light Rail (Phase 5, RHT)",
	"train.mtr.london_underground_1995": "London Underground Sèrie 1995",
	"train.mtr.london_underground_1996": "London Underground 1996 Stock",
	"train.mtr.london_underground_d78": "London Underground D78 Stock",
	"train.mtr.london_underground_d78_mini": "London Underground D78 Stock (Mini)",
	"train.mtr.m_train": "M-Train",
	"train.mtr.m_train_mini": "M-Train (Mini)",
	"train.mtr.m_train_small": "M-Train (Petit)",
	"train.mtr.minecart": "Vagoneta",
	"train.mtr.mlr": "Tren MLR",
	"train.mtr.mlr_christmas": "MLR Train Christmas Edition",
	"train.mtr.mlr_christmas_mini": "MLR Train Christmas Edition (Mini)",
	"train.mtr.mlr_christmas_small": "MLR Train Christmas Edition (Small)",
	"train.mtr.mlr_mini": "Tren MLR (Mini)",
	"train.mtr.mlr_small": "Tren MLR (Petit)",
	"train.mtr.mpl_85": "MPL 85",
	"train.mtr.ngong_ping_360_crystal": "Cabina de Cristall Ngong Ping 360 (LHT)",
	"train.mtr.ngong_ping_360_crystal_rht": "Cabina de Cristall Ngong Ping 360 (RHT)",
	"train.mtr.ngong_ping_360_crystal_plus": "Ngong Ping 360 Crystal+ Cabin (LHT)",
	"train.mtr.ngong_ping_360_crystal_plus_rht": "Ngong Ping 360 Crystal+ Cabin (RHT)",
	"train.mtr.ngong_ping_360_normal_light_blue": "Ngong Ping 360 (Blau Clar, LHT)",
	"train.mtr.ngong_ping_360_normal_light_blue_rht": "Ngong Ping 360 (Blau Clar, RHT)",
	"train.mtr.ngong_ping_360_normal_orange": "Ngong Ping 360 (Taronja, LHT)",
	"train.mtr.ngong_ping_360_normal_orange_rht": "Ngong Ping 360 (Taronja, RHT)",
	"train.mtr.ngong_ping_360_normal_red": "Ngong Ping 360 (Vermell, LHT)",
	"train.mtr.ngong_ping_360_normal_red_rht": "Ngong Ping 360 (Vermell, RHT)",
	"train.mtr.oak_boat": "Barca de roure",
	"train.mtr.r179": "R179 (Metro de New York)",
	"train.mtr.r179_mini": "R179 (Metro de New York, Mini)",
	"train.mtr.r211": "R211 (Metro de Nova York)",
	"train.mtr.r211_mini": "R211 (Metro de Nova York, Mini)",
	"train.mtr.r211t": "R211T (Metro de Nova York)",
	"train.mtr.r211t_mini": "R211T (Metro de Nova York, Mini)",
	"train.mtr.r_train": "R-Train",
	"train.mtr.r_train_mini": "R-Train (Mini)",
	"train.mtr.r_train_small": "R-Train (Petit)",
	"train.mtr.s_train": "S-Train",
	"train.mtr.s_train_mini": "S-Train (Mini)",
	"train.mtr.s_train_small": "S-Train (Petit)",
	"train.mtr.sp1900": "SP1900",
	"train.mtr.sp1900_mini": "SP1900 (Mini)",
	"train.mtr.sp1900_small": "SP1900 (Petit)",
	"train.mtr.spruce_boat": "Barca d'avet"
}
