{
	"block.minecraft.bedrock_slab": "Půlblok z podloží",
	"block.minecraft.birch_wood_slab": "Březový půlblok",
	"block.minecraft.bone_block_slab": "Půlblok z kostí",
	"block.minecraft.chiseled_quartz_block_slab": "Opracovaný půlblok křemene",
	"block.minecraft.chiseled_stone_bricks_slab": "Půlblok popraskaných kamenných cihel",
	"block.minecraft.clay_slab": "Jílový půlblok",
	"block.minecraft.coal_ore_slab": "Uhelný půlblok",
	"block.minecraft.concrete": "Beton",
	"block.minecraft.concrete_powder": "Cement",
	"block.minecraft.concrete_powder_slab": "Cementový půlblok",
	"block.minecraft.concrete_slab": "Betonový půlblok",
	"block.minecraft.cracked_stone_bricks_slab": "Rozbitý půlblok z kamenných cihel",
	"block.minecraft.gravel_slab": "Štěrkový půlblok",
	"block.minecraft.iron_block_slab": "půblok ze železa",
	"block.minecraft.metal": "Kovový blok",
	"block.minecraft.metal_slab": "Kovový půlbok",
	"block.minecraft.planks": "Dřevěná prkna",
	"block.minecraft.planks_slab": "Půlblok z dřevěných prken",
	"block.minecraft.purpur_block_slab": "Půlblok z purpurového bloku",
	"block.minecraft.purpur_pillar_slab": "Půlblok z purpurového pilíře",
	"block.minecraft.quartz_block_slab": "Půlblok z křemenného bloku",
	"block.minecraft.quartz_bricks_slab": "Půlblok z křemenných cihel",
	"block.minecraft.quartz_pillar_slab": "Půlblok z křemenného pilíře",
	"block.minecraft.snow_block_slab": "půlblok ze sněhu",
	"block.minecraft.stained_glass": "Barevné sklo",
	"block.minecraft.stained_glass_slab": "Půlblok z Barevného Skla",
	"block.minecraft.stone_bricks_slab": "Půlblok z kamenných cihel",
	"block.minecraft.wool": "Vlna",
	"block.minecraft.wool_slab": "Půlblok z vlny",
	"block.mtr.airplane_node": "Bod letadla",
	"block.mtr.apg_door": "Automatické nástupištní dveře (nízké)",
	"block.mtr.apg_glass": "Automatické nástupištní dveře (nízké)",
	"block.mtr.apg_glass_end": "Automatické nástupištní dveře (nízké)",
	"block.mtr.arrival_projector_1_large": "Velká odjezdová tabule (3x3)",
	"block.mtr.arrival_projector_1_medium": "Velká odjezdová tabule (3x2)",
	"block.mtr.arrival_projector_1_small": "Malá odjezdová tabule (1x1)",
	"block.mtr.boat_node": "Bod lodní cesty",
	"block.mtr.cable_car_node_lower": "Bod Lanovky (nižší)",
	"block.mtr.cable_car_node_station": "Bod Stanice Lanovky",
	"block.mtr.cable_car_node_upper": "Bod Lanovky (vyšší)",
	"block.mtr.ceiling": "Strop",
	"block.mtr.ceiling_light": "Strop (se světlem)",
	"block.mtr.ceiling_no_light": "Strop (bez světla)",
	"block.mtr.clock": "Hodiny",
	"block.mtr.clock_pole": "Tyč na hodiny",
	"block.mtr.escalator_side": "Eskalátor",
	"block.mtr.escalator_step": "Eskalátor",
	"block.mtr.glass_fence_cio": "Skleněné zábradlí",
	"block.mtr.glass_fence_ckt": "Skleněné zábradlí",
	"block.mtr.glass_fence_heo": "Skleněné zábradlí",
	"block.mtr.glass_fence_mos": "Skleněné zábradlí",
	"block.mtr.glass_fence_plain": "Skleněné zábradlí",
	"block.mtr.glass_fence_shm": "Skleněné zábradlí",
	"block.mtr.glass_fence_stained": "Skleněné zábradlí",
	"block.mtr.glass_fence_stw": "Skleněné zábradlí",
	"block.mtr.glass_fence_tsh": "Skleněné zábradlí",
	"block.mtr.glass_fence_wks": "Skleněné zábradlí",
	"block.mtr.lift_buttons_1": "Výtah / Tlačítka Výtahu",
	"block.mtr.lift_door_1": "Výtah / Dveře Výtahu",
	"block.mtr.lift_door_odd_1": "Výtah / Dveře Výtahu",
	"block.mtr.lift_panel_even_1": "Zobrazovací panel výtahů",
	"block.mtr.lift_panel_even_2": "Zobrazovací panel výtahů",
	"block.mtr.lift_panel_odd_1": "Zobrazovací panel výtahů",
	"block.mtr.lift_panel_odd_2": "Zobrazovací panel výtahů",
	"block.mtr.lift_track_1": "Výtah / Kolejnice Výtahu",
	"block.mtr.lift_track_floor_1": "Výtah / Podlaha Výtahu",
	"block.mtr.logo": "Logo MTR",
	"block.mtr.marble_blue": "Modrý mramor",
	"block.mtr.marble_blue_slab": "Modrý mramorový půlblok",
	"block.mtr.marble_sandy": "Pískový mramor",
	"block.mtr.marble_sandy_slab": "Pískový mramorový půlblok",
	"block.mtr.metal": "Kovový blok",
	"block.mtr.metal_slab": "Kovový půlblok",
	"block.mtr.pids_1": "Odjezdová tabule (Pragotron)",
	"block.mtr.pids_2": "Odjezdová tabule (Pragotron)",
	"block.mtr.pids_3": "Odjezdová tabule (Pragotron)",
	"block.mtr.pids_pole": "Tyč příjezdové tabule",
	"block.mtr.platform": "Nástupištní hrana (Hong Kong)",
	"block.mtr.platform_indented": "Nástupištní hrana (Hong Kong)",
	"block.mtr.platform_na_1": "Nástupištní hrana (Severní Amerika)",
	"block.mtr.platform_na_1_indented": "Nástupištní hrana (Severní Amerika)",
	"block.mtr.platform_na_2": "Nástupištní hrana (Severní Amerika)",
	"block.mtr.platform_na_2_indented": "Nástupištní hrana (Severní Amerika)",
	"block.mtr.platform_uk_1": "Nástupištní hrana (Velká Británie)",
	"block.mtr.platform_uk_1_indented": "Nástupištní hrana (Velká Británie)",
	"block.mtr.psd_door": "Automatické nástupištní dveře",
	"block.mtr.psd_door_2": "Automatické nástupištní dveře",
	"block.mtr.psd_glass": "Automatické nástupištní dveře",
	"block.mtr.psd_glass_2": "Automatické nástupištní dveře",
	"block.mtr.psd_glass_end": "Automatické nástupištní dveře",
	"block.mtr.psd_glass_end_2": "Automatické nástupištní dveře",
	"block.mtr.psd_top": "Automatické nástupištní dveře",
	"block.mtr.rail": "Bod železniční cesty",
	"block.mtr.railway_sign": "Směrová tabule",
	"block.mtr.railway_sign_pole": "Sloup železniční značky",
	"block.mtr.route_sign_standing_light": "Tabule s informacemi o lince (stojící, osvětlená)",
	"block.mtr.route_sign_standing_metal": "Tabule s informacemi o lince (stojící, neosvětlená)",
	"block.mtr.route_sign_wall_light": "Tabule s informacemi o lince (nástěnná, osvětlená)",
	"block.mtr.route_sign_wall_metal": "Tabule s informacemi o lince (nástěnná, neosvětlená)",
	"block.mtr.rubbish_bin_1": "Odpadkový koš",
	"block.mtr.signal_light_1": "Signálni světlo (2 aspekty)",
	"block.mtr.signal_light_2": "Signálni světlo (2 aspekty, oboustranné)",
	"block.mtr.signal_light_3": "Signálni světlo (2 aspekty)",
	"block.mtr.signal_light_3_aspect_1": "Signálni světlo (3 aspekty)",
	"block.mtr.signal_light_3_aspect_2": "Signálni světlo (3 aspekty, oboustranné)",
	"block.mtr.signal_light_4": "Signálne světlo (2 aspekty, oboustranné)",
	"block.mtr.signal_light_4_aspect_1": "Signálne světlo (4 aspekty)",
	"block.mtr.signal_light_4_aspect_2": "Signálne světlo (4 aspekty, oboustranné)",
	"block.mtr.signal_pole": "Tyč návěstidla",
	"block.mtr.signal_semaphore_1": "Železniční semafor",
	"block.mtr.signal_semaphore_2": "Semaforové světlo (oboustranné)",
	"block.mtr.station_name_entrance": "Název stanice (vstup)",
	"block.mtr.station_name_tall_block": "Název stanice (sloup)",
	"block.mtr.station_name_tall_block_double_sided": "Název Stanice (Vysoký Blok, Oboustranný)",
	"block.mtr.station_name_tall_wall": "Název stanice (nástěnný)",
	"block.mtr.station_name_wall": "Název Stanice (Nástěnný, Bílý)",
	"block.mtr.station_name_wall_black": "Název Stanice (Nástěnný, Černý)",
	"block.mtr.station_name_wall_gray": "Název Stanice (Nástěnný, Šedý)",
	"block.mtr.station_pole": "Barevná tyč stanice",
	"block.mtr.tactile_map": "Dotyková mapa",
	"block.mtr.ticket_barrier_entrance_1": "Turniket (vstup)",
	"block.mtr.ticket_barrier_exit_1": "Turniket (výstup)",
	"block.mtr.ticket_machine": "Automat na jízdenky",
	"block.mtr.ticket_processor": "Označovač jízdenek (obousměrný)",
	"block.mtr.ticket_processor_enquiry": "Kontrolovač hodnot jízdenek",
	"block.mtr.ticket_processor_entrance": "Označovač jízdenek (vstup)",
	"block.mtr.ticket_processor_exit": "Označovač jízdenek (výstup)",
	"block.mtr.train_announcer": "Oznamovač",
	"block.mtr.train_cargo_loader": "Nakladač nákladního vlaku",
	"block.mtr.train_cargo_unloader": "Vykládač nákladního vlaku",
	"block.mtr.train_schedule_sensor": "Senzor trasy vlaků",
	"block.mtr.train_sensor": "Ruditový snímač vlaků",
	"category.mtr.keybinding": "Nastavení Ovládání (Minecraft Transit Railway)",
	"entity.mtr.seat": "",
	"gui.mtr.acceleration": "Zrychlení Vozidla",
	"gui.mtr.add_balance_for_emeralds": "Přidat $%s za %s smaragdy",
	"gui.mtr.add_depot": "Přidat depo",
	"gui.mtr.add_exit": "Přidat východ ze stanice",
	"gui.mtr.add_exit_destination": "Přidat směr východu",
	"gui.mtr.add_route": "Přidat linku",
	"gui.mtr.add_station": "Přidat stanici",
	"gui.mtr.add_value": "Přidat hodnotu",
	"gui.mtr.already_entered": "Stanice je již vložena",
	"gui.mtr.already_exited": "Žádný vstupní záznam nenalezen",
	"gui.mtr.announcement_message": "Hlášení",
	"gui.mtr.anticlockwise_to": "Proti směru hodinových ručiček do %s",
	"gui.mtr.anticlockwise_to_cjk": "逆時針往%s",
	"gui.mtr.anticlockwise_via": "Proti směru hodinových ručiček přes %s",
	"gui.mtr.anticlockwise_via_cjk": "逆時針經%s",
	"gui.mtr.arrival_car": "%s vozů",
	"gui.mtr.arrival_car_cjk": "%s 卡",
	"gui.mtr.arrival_min": "%s min",
	"gui.mtr.arrival_min_cjk": "%s 分鐘",
	"gui.mtr.arrival_sec": "%s sek",
	"gui.mtr.arrival_sec_cjk": "%s 秒",
	"gui.mtr.automatically_detect_nearby_platform": "Automaticky detekovat blízkou platformu",
	"gui.mtr.available": "Dostupný",
	"gui.mtr.available_model_parts": "Dostupné části modelu",
	"gui.mtr.balance": "Stav konta: $%s",
	"gui.mtr.cable_car_invalid_orientation": "Neplatná orientace lanové dráhy",
	"gui.mtr.cars_to_spawn": "Auta k vytvořeni: %s",
	"gui.mtr.clear_vehicles": "Vymazat vozidla",
	"gui.mtr.clockwise_to": "Po směru hodinových ručiček do %s",
	"gui.mtr.clockwise_to_cjk": "順時針往%s",
	"gui.mtr.clockwise_via": "Po směru hodinových ručiček přes %s",
	"gui.mtr.clockwise_via_cjk": "順時針經%s",
	"gui.mtr.color": "Barva",
	"gui.mtr.comma": ", ",
	"gui.mtr.comma_cjk": ",",
	"gui.mtr.comma_last": " a ",
	"gui.mtr.comma_last_cjk": "nebo",
	"gui.mtr.connecting_station_interchange_announcement_part": "%1$s na stanici %2$s",
	"gui.mtr.connecting_station_interchange_announcement_part_cjk": "Přestup na %1$s na stanici %2$s",
	"gui.mtr.connecting_station_part": "Pasažéři mohou změnit na %s.",
	"gui.mtr.connecting_station_part_cjk": "Přestup na stanici: %s",
	"gui.mtr.cruising_altitude": "Cestovní nadmořská výška",
	"gui.mtr.custom_destination_suggestion": "Cíl (\\r k resetování)",
	"gui.mtr.custom_resources_export_resource_pack": "Exportovat balíček zdrojů",
	"gui.mtr.custom_resources_gangway_connection_id": "ID připojení uličky",
	"gui.mtr.custom_resources_id": "ID",
	"gui.mtr.custom_resources_name": "Jméno",
	"gui.mtr.custom_resources_rider_offset": "Odsazení jezdce: %s",
	"gui.mtr.custom_resources_train_barrier_id": "ID vlakové bariéry",
	"gui.mtr.delete_confirmation": "Opravdu chcete smazat %s?",
	"gui.mtr.depot_color": "Barva depa",
	"gui.mtr.depot_name": "Název depa",
	"gui.mtr.depots": "Depa",
	"gui.mtr.disable_next_station_announcements": "Zakázat oznámení o další stanici",
	"gui.mtr.dismount_hold": "Podrž %s pro vynucené vystoupení: %s",
	"gui.mtr.display_page": "Číslo stránky",
	"gui.mtr.door_animation_type_bouncy_1": "Dveře: Odolné (1)",
	"gui.mtr.door_animation_type_bouncy_2": "Dveře: Odolné (2)",
	"gui.mtr.door_animation_type_constant": "Dveře: Konstantní",
	"gui.mtr.door_animation_type_mlr": "Dveře MLR",
	"gui.mtr.door_animation_type_plug_fast": "Dveře: Rychlá zástrčka",
	"gui.mtr.door_animation_type_plug_slow": "Dveře: Pomalá zastrčka",
	"gui.mtr.door_animation_type_r179": "Dveře: R179",
	"gui.mtr.door_animation_type_r211": "Dveře: R211",
	"gui.mtr.door_animation_type_standard": "Dveře: Standartní",
	"gui.mtr.door_animation_type_standard_slow": "Dveře: Pomalé",
	"gui.mtr.drag_file_to_upload": "Přetáhni soubor k nahrávání",
	"gui.mtr.dwell_time": "Doba zastavení",
	"gui.mtr.edit_area": "Prostor nakreslíte kliknutím a tažením myší.",
	"gui.mtr.edit_instructions": "Upravit instrukce",
	"gui.mtr.edit_route": "Kliknutím na nástupiště ho přidáte do linky.",
	"gui.mtr.editing_part": "Upravování %s",
	"gui.mtr.emeralds": "Smaragdů: %s",
	"gui.mtr.enter_barrier": "Vstoupil\\a jste do stanice %s - Stav konta: $%s",
	"gui.mtr.exit_barrier": "Opustil jste stanici %s - Zaplaceno: $%s - Stav konta: $%s",
	"gui.mtr.exit_destinations": "Směry východu",
	"gui.mtr.exit_parents": "Výstupy ze stanice",
	"gui.mtr.file_model": "Soubor Blockbench",
	"gui.mtr.file_properties": "Vlastnosti souboru (Dobrovolný)",
	"gui.mtr.file_texture": "Soubor Textury",
	"gui.mtr.file_upload": "Nahrávání...",
	"gui.mtr.filtered_platforms": "Filtrované platformy (%s)",
	"gui.mtr.filtered_routes": "Filtrované trasy (%s)",
	"gui.mtr.filtered_routes_condition": "Tento blok aktivují pouze vozidla na následujících linkách",
	"gui.mtr.filtered_routes_empty": "Všechny vlaky aktivují tento block",
	"gui.mtr.game_time": "Herní čas",
	"gui.mtr.generate_map": "Generovat mapu linek",
	"gui.mtr.generating_path": "Generuji cestu",
	"gui.mtr.hide_arrival": "Skrýt příjezd",
	"gui.mtr.insufficient_balance": "Příliš nízký stav konta ($%s)",
	"gui.mtr.interchange_announcement": "Přestup na %s.",
	"gui.mtr.interchange_announcement_cjk": "乘客可以轉乘%s。",
	"gui.mtr.invalid_orientation": "Nelze spojit kolej; nesprávná orientace",
	"gui.mtr.is_anticlockwise_route": "Je okružní proti směru hodinových ručiček",
	"gui.mtr.is_clockwise_route": "Je okružní po směru hodinových ručiček",
	"gui.mtr.is_light_rail_route": "Má číslo linky",
	"gui.mtr.is_manual": "Řiditelné Vozidlo",
	"gui.mtr.is_route_hidden": "Skrýt trať",
	"gui.mtr.last_airplane_station": "Tento let letí do %s",
	"gui.mtr.last_airplane_station_cjk": "Tento let končí na letiště %s",
	"gui.mtr.last_boat_station": "Tato loď pluje do stanice %s",
	"gui.mtr.last_boat_station_cjk": "本渡輪往%s",
	"gui.mtr.last_cable_car_station": "Tato kabinková lanovka jede do stanice %s",
	"gui.mtr.last_cable_car_station_cjk": "本纜車往%s",
	"gui.mtr.last_train_station": "Tento Vlak jede ve směru %s",
	"gui.mtr.last_train_station_cjk": "本列車往%s",
	"gui.mtr.left": "Vlevo",
	"gui.mtr.lift_buttons_locked": "Tlačítka uzamčena",
	"gui.mtr.lift_buttons_unlocked": "Tlačítka odemčena",
	"gui.mtr.lift_floor_description": "Popisek",
	"gui.mtr.lift_floor_number": "Číslo Patra",
	"gui.mtr.lift_is_double_sided": "Oboustranné",
	"gui.mtr.lift_should_ding": "Přehrát zvuk \"Ding\"",
	"gui.mtr.lift_style": "Styl: %s",
	"gui.mtr.lift_style_opaque": "Neprůhledný",
	"gui.mtr.lift_style_transparent": "Průhledný",
	"gui.mtr.lift_track_required": "Vyžaduje se výtahová dráha",
	"gui.mtr.light_rail_route_announcement": "Linka %s ve směru %s.",
	"gui.mtr.light_rail_route_announcement_cjk": "本班為%s綫列車前往%s",
	"gui.mtr.light_rail_route_number": "Číslo linky",
	"gui.mtr.london_train_interchange_announcement": "Změňte zde %s.",
	"gui.mtr.london_train_interchange_announcement_cjk": "乘客可在該站轉乘%s。",
	"gui.mtr.london_train_next_station_announcement": "Další stanice: %s.",
	"gui.mtr.london_train_next_station_announcement_cjk": "下一站是%s。",
	"gui.mtr.london_train_route_announcement": "Toto je %s vlak končící ve stanici %s.",
	"gui.mtr.london_train_route_announcement_cjk": "Tento vlak třídy %s končí ve stanici %s",
	"gui.mtr.london_train_terminating_announcement": "Tento vlak zde končí.",
	"gui.mtr.london_train_terminating_announcement_cjk": "Tento vlak zde končí",
	"gui.mtr.london_train_this_station_announcement": "Stanice: %s.",
	"gui.mtr.london_train_this_station_announcement_cjk": "本站是%s。",
	"gui.mtr.manual_to_automatic_time": "Čas přepnutí z manuálního do automatického režimu",
	"gui.mtr.max_manual_speed": "Maximální rychlost jízdy",
	"gui.mtr.max_vehicles": "Maximální počet vozidel na kolej",
	"gui.mtr.mismatched_versions": "Aktualizujte, prosím, Minecraft Transit Railway mód a zkuste to znovu.",
	"gui.mtr.mismatched_versions_server_version": "Verze serveru %s",
	"gui.mtr.mismatched_versions_your_version": "Vaše verze %s",
	"gui.mtr.moving_only": "Pouze vozidla v pohybu",
	"gui.mtr.mtr_options": "Nastavení Minecraft Transit Railway",
	"gui.mtr.name": "Název",
	"gui.mtr.next_departure": "Předpokládaný další odjezd: %s",
	"gui.mtr.next_departure_none": "Žádné plánované odjezdy",
	"gui.mtr.next_route_airplane_announcement": "Tento let bude změněn na let %s do %s.",
	"gui.mtr.next_route_airplane_announcement_cjk": "本航班會改為%s前往%s。",
	"gui.mtr.next_route_boat_announcement": "Loď bude dále pokračovat jako %s ve směru %s.",
	"gui.mtr.next_route_boat_announcement_cjk": "本渡輪會改為%s前往%s",
	"gui.mtr.next_route_boat_light_rail_announcement": "Tato trasa bude změněna na trasu %s. Cestující do stanice %s, jeďte tímto plavidlem.",
	"gui.mtr.next_route_boat_light_rail_announcement_cjk": "本渡輪會改為%s路綫。前往%s沿途各站之乘客，可乘本渡輪。",
	"gui.mtr.next_route_cable_car_announcement": "Tato kabinková lanovka bude dále pokračovat jako linka %s do stanice %s.",
	"gui.mtr.next_route_cable_car_announcement_cjk": "本纜車會改為%s前往%s。",
	"gui.mtr.next_route_train_announcement": "Tento vlak bude dále pokračovat jako linka %s do stanice %s.",
	"gui.mtr.next_route_train_announcement_cjk": "本班車會改為%s前往%s。",
	"gui.mtr.next_route_train_light_rail_announcement": "Tato trasa bude změněna na trasu %s. Cestující do stanice %s, jeďte tímto vlakem.",
	"gui.mtr.next_route_train_light_rail_announcement_cjk": "本班車會改為%s路綫。前往%s沿途各站之乘客，可乘本列車。",
	"gui.mtr.next_station": "Příští stanice je %s",
	"gui.mtr.next_station_announcement": "Příští stanice: %s.",
	"gui.mtr.next_station_announcement_cjk": "下一站：%s。",
	"gui.mtr.next_station_cjk": "下一站是%s",
	"gui.mtr.next_station_light_rail_announcement": "Příští zastávka: %s.",
	"gui.mtr.next_station_light_rail_announcement_cjk": "下一站：%s。",
	"gui.mtr.no_lift_tracks_floor_found": "Nebyly nalezeny žádné stopy v podlaze výtahu",
	"gui.mtr.offset_x": "Odsazení X: %s",
	"gui.mtr.offset_y": "Odsazení Y: %s",
	"gui.mtr.offset_z": "Odsazení Z: %s",
	"gui.mtr.part_blacklisted_cars": "Zablokovaná vozidla",
	"gui.mtr.part_display_cjk_size_ratio": "Velikost CJK: %s",
	"gui.mtr.part_display_force_single_line": "Vynutit jeden řádek",
	"gui.mtr.part_display_force_upper_case": "Vynutit velká písmena",
	"gui.mtr.part_display_should_scroll": "Rolování textu",
	"gui.mtr.part_display_text_color": "Barva",
	"gui.mtr.part_display_text_color_cjk": "Barva CJK/Ne-CJK",
	"gui.mtr.part_display_type_destination": "Typ: Cíl",
	"gui.mtr.part_display_type_next_station_kcr": "Typ: Další stanice (KCR)",
	"gui.mtr.part_display_type_next_station_mtr": "Typ: Další stanice (MTR)",
	"gui.mtr.part_display_type_next_station_plain": "Typ: Další stanice",
	"gui.mtr.part_display_type_next_station_uk": "Typ: Další stanice (Velká Británie)",
	"gui.mtr.part_display_type_route_number": "Typ: Číslo trasy",
	"gui.mtr.part_display_x_padding": "Polstrování X: %s",
	"gui.mtr.part_display_y_padding": "Polstrování Y: %s",
	"gui.mtr.part_door_offset_left_negative": "Odsazení dveří: -vlevo",
	"gui.mtr.part_door_offset_left_positive": "Odsazení dveří: +vlevo",
	"gui.mtr.part_door_offset_none": "Odsazení dveří: žádný",
	"gui.mtr.part_door_offset_right_negative": "Odsazení dveří: -vpravo",
	"gui.mtr.part_door_offset_right_positive": "Odsazení dveří: +vpravo",
	"gui.mtr.part_is_display": "Je zobrazen",
	"gui.mtr.part_mirror": "Zrcadlit",
	"gui.mtr.part_positions": "Umístění",
	"gui.mtr.part_render_condition_all": "Vykreslování: Vždy",
	"gui.mtr.part_render_condition_door_left_closed": "Vykreslování: Levé dveře zavřeny",
	"gui.mtr.part_render_condition_door_left_open": "Vykreslování: Levé dveře otevřeny",
	"gui.mtr.part_render_condition_door_right_closed": "Vykreslování: Pravé dveře zavřeny",
	"gui.mtr.part_render_condition_door_right_open": "Vykreslování: Pravé dveře otevřeny",
	"gui.mtr.part_render_condition_doors_closed": "Vykreslování: Dveře zavřeny",
	"gui.mtr.part_render_condition_doors_open": "Vykreslování: Dveře otevřeny",
	"gui.mtr.part_render_condition_moving_backwards": "Vykreslování: Pohyb zpět",
	"gui.mtr.part_render_condition_moving_forwards": "Vykreslování: Pohyb vpřed",
	"gui.mtr.part_skip_rendering_if_too_far": "Skrýt pokud je daleko",
	"gui.mtr.part_stage_always_on_lights": "Světla (vždy zapnuta)",
	"gui.mtr.part_stage_exterior": "Vnějšek",
	"gui.mtr.part_stage_interior": "Vnitřek",
	"gui.mtr.part_stage_interior_translucent": "Vnitřek (průsvitný)",
	"gui.mtr.part_stage_lights": "Světla",
	"gui.mtr.part_whitelisted_cars": "Povolené vozy",
	"gui.mtr.path_found": "Cesta byla úspěšně vytvořena",
	"gui.mtr.path_not_found_between": "Cesta na lince|> %s|mezi stanicemi|> %s|a|> %s| nebyla nalezena",
	"gui.mtr.path_not_generated": "Cesta nebyla vytvořena",
	"gui.mtr.percentage_complete_bridge": "Stavba Mostu (%s%%)",
	"gui.mtr.percentage_complete_tunnel": "Stavba Tunelu (%s%%)",
	"gui.mtr.percentage_complete_tunnel_wall": "Stavba Stěny Tunelu (%s%%)",
	"gui.mtr.pids_message": "Vlastní zpráva na odjezdové tabuli",
	"gui.mtr.platform": "Nástupiště %s",
	"gui.mtr.platform_number": "Číslo nástupiště",
	"gui.mtr.platform_or_siding_exists": "Každý uzel lze připojit pouze k jedné nástupištní nebo obratové koleji",
	"gui.mtr.press_to_select_floor": "Stisknětě %s pro vybrání podlaží",
	"gui.mtr.psd_apg_door_locked": "Dveře uzamčeny",
	"gui.mtr.psd_apg_door_unlocked": "Dveře odemknuty",
	"gui.mtr.radius_too_small": "Nelze spojit cestu; musí být alespoň 2 bloky od sebe",
	"gui.mtr.rail_action_bridge": "Most vytvořen %s (%s bloků dlouhý, %s)",
	"gui.mtr.rail_action_tunnel": "Tunnel vytvořen %s (%s bloků dlouhý)",
	"gui.mtr.rail_action_tunnel_wall": "Stěna tunelu vytvořena %s (%s bloků dlouhá, %s)",
	"gui.mtr.rail_actions": "Aktuální stavby tunelů/mostů",
	"gui.mtr.rail_actions_button": "Operace...",
	"gui.mtr.rail_not_found": "Nepodařilo se vytvořit návěstidlo; kolej nebyla nalezena",
	"gui.mtr.rail_not_found_action": "Akce se nezdařila; kolej nebyla nalezena",
	"gui.mtr.refresh_path": "Obnovit cestu",
	"gui.mtr.repeat_indefinitely": "Vozidlo nezajíždí do depa",
	"gui.mtr.reset_sign": "Resetovat",
	"gui.mtr.right": "Pravý",
	"gui.mtr.rotate_anticlockwise": "Otočte proti směru hodinových ručiček",
	"gui.mtr.rotate_clockwise": "Otáčet po směru hodinových ručiček",
	"gui.mtr.route_color": "Barva linky",
	"gui.mtr.route_name": "Název linky",
	"gui.mtr.route_type_boat_high_speed": "Typ: Rychlý trajekt",
	"gui.mtr.route_type_boat_light_rail": "Typ: Výletní loď",
	"gui.mtr.route_type_boat_normal": "Typ: trajekt",
	"gui.mtr.route_type_train_high_speed": "Typ: Vysokorychlostní",
	"gui.mtr.route_type_train_light_rail": "Typ: Lehká Kolejová Doprava / Tramvaj",
	"gui.mtr.route_type_train_normal": "Typ: Normální",
	"gui.mtr.routes": "Linky",
	"gui.mtr.s": "s",
	"gui.mtr.schedule_mode_real_time_off": "Jízdní řád: Čas v Minecraftu",
	"gui.mtr.schedule_mode_real_time_on": "Jízdní řád: Reálný čas (UTC)",
	"gui.mtr.search": "Hledat",
	"gui.mtr.select_all_platforms": "Zobrazit příjezdy ze všech nástupišť",
	"gui.mtr.selected": "Vybráno",
	"gui.mtr.selected_vehicle": "Vybrané vozidlo",
	"gui.mtr.separator": "/",
	"gui.mtr.separator_cjk": "/",
	"gui.mtr.settings": "Nastavení",
	"gui.mtr.siding_number": "Číslo odstavné koleje",
	"gui.mtr.sidings_in_depot": "Odstavných kolejí v depu: %s",
	"gui.mtr.sound_file": "Zvukový soubor",
	"gui.mtr.station": "Stanice %s",
	"gui.mtr.station_cjk": "%s站",
	"gui.mtr.station_color": "Barva stanice",
	"gui.mtr.station_name": "Název stanice",
	"gui.mtr.stations": "Stanice",
	"gui.mtr.stopped_only": "Pouze zastavená vozidla",
	"gui.mtr.support": "Podpora",
	"gui.mtr.this_station": "Stanice %s",
	"gui.mtr.this_station_cjk": "本站是%s",
	"gui.mtr.to": "do %s",
	"gui.mtr.to_cjk": "往%s",
	"gui.mtr.tph": "/hodinově",
	"gui.mtr.train_schedule_sensor": "Odsazení příjezdu (sekundy)",
	"gui.mtr.transport_mode_airplane": "Typ: Letadlo",
	"gui.mtr.transport_mode_boat": "Typ: Loď",
	"gui.mtr.transport_mode_cable_car": "Typ: Lanovka",
	"gui.mtr.transport_mode_train": "Typ: Vlak",
	"gui.mtr.unlimited": "Neomezeno",
	"gui.mtr.unlimited_vehicles": "Neomezený počet vozidel",
	"gui.mtr.untitled": "Bez názvu",
	"gui.mtr.use_time_and_wind_sync": "Automaticky synchronizovat čas pomocí modifikace: Time & Wind",
	"gui.mtr.used_model_parts": "Použité díly modelu",
	"gui.mtr.vehicle_brightness": "Jas: %s%%",
	"gui.mtr.vehicle_cars": "Vozidla: %s",
	"gui.mtr.vehicle_direction_backwards": "Směr: Vzad",
	"gui.mtr.vehicle_direction_forwards": "Směr: Vpřed",
	"gui.mtr.vehicle_door_max": "Dveře: %s",
	"gui.mtr.vehicle_length": "Délka: %s",
	"gui.mtr.vehicle_speed": "Rychlost: %s m/s (%s km/h)",
	"gui.mtr.vehicle_width": "Šířka: %s",
	"gui.mtr.vehicles_per_hour": "Vozidla za hodinu",
	"gui.mtr.welcome_station": "Vítejte na stanici %s.",
	"gui.mtr.welcome_station_cjk": "歡迎光臨%s站。",
	"gui.mtr.zone": "Tarifní pásmo",
	"gui.mtr.zone_number": "Pásmo %s",
	"item.mtr.apg_door": "Automatické nástupištní dveře (nízké)",
	"item.mtr.apg_glass": "Automatické nástupištní dveře (nízké)",
	"item.mtr.apg_glass_end": "Automatické nástupištní dveře (nízké)",
	"item.mtr.bridge_creator_3": "Tvůrce mostu",
	"item.mtr.bridge_creator_5": "Tvůrce mostu",
	"item.mtr.bridge_creator_7": "Tvůrce mostu",
	"item.mtr.bridge_creator_9": "Tvůrce mostu",
	"item.mtr.brush": "Editor objektů",
	"item.mtr.dashboard": "Programování vlaků",
	"item.mtr.dashboard_2": "Programování lodí",
	"item.mtr.dashboard_3": "Programování lanovek",
	"item.mtr.dashboard_4": "Programováni letu",
	"item.mtr.driver_key": "Klíč pro řidiče",
	"item.mtr.escalator": "Eskalátor",
	"item.mtr.lift_buttons_link_connector": "Tvůrce spojení tlačítek výtahů",
	"item.mtr.lift_buttons_link_remover": "Rušič spojení tlačítek výtahů",
	"item.mtr.lift_door_1": "Dveře výtahu",
	"item.mtr.lift_door_odd_1": "Dveře výtahu",
	"item.mtr.lift_refresher": "Osvěžovač výtahu",
	"item.mtr.psd_door": "Automatické nástupištní dveře",
	"item.mtr.psd_door_2": "Automatické nástupištní dveře",
	"item.mtr.psd_glass": "Automatické nástupištní dveře",
	"item.mtr.psd_glass_2": "Automatické nástupištní dveře",
	"item.mtr.psd_glass_end": "Automatické nástupištní dveře",
	"item.mtr.psd_glass_end_2": "Automatické nástupištní dveře",
	"item.mtr.rail_connector_120": "Kolej s rychlostí 120km/h",
	"item.mtr.rail_connector_120_one_way": "Kolej s rychlostí 120km/h (jednosměrná)",
	"item.mtr.rail_connector_160": "Kolej s rychlostí 160km/h",
	"item.mtr.rail_connector_160_one_way": "Kolej s rychlostí 160km/h (jednosměrná)",
	"item.mtr.rail_connector_20": "Kolej s rychlostí 20km/h",
	"item.mtr.rail_connector_200": "Kolej s rychlostí 200km/h",
	"item.mtr.rail_connector_200_one_way": "Kolej s rychlostí 200km/h (jednosměrná)",
	"item.mtr.rail_connector_20_one_way": "Kolej s rychlostí 20km/h (jednosměrná)",
	"item.mtr.rail_connector_300": "Kolej s rychlostí 300km/h",
	"item.mtr.rail_connector_300_one_way": "Kolej s rychlostí 300km/h (jednosměrná)",
	"item.mtr.rail_connector_40": "Kolej s rychlostí 40km/h",
	"item.mtr.rail_connector_40_one_way": "Kolej s rychlostí 40km/h (jednosměrná)",
	"item.mtr.rail_connector_60": "Kolej s rychlostí 60km/h",
	"item.mtr.rail_connector_60_one_way": "Kolej s rychlostí 60km/h (jednosměrná)",
	"item.mtr.rail_connector_80": "Kolej s rychlostí 80km/h",
	"item.mtr.rail_connector_80_one_way": "Kolej s rychlostí 80km/h (jednosměrná)",
	"item.mtr.rail_connector_cable_car": "Konektor lanové kabiny",
	"item.mtr.rail_connector_platform": "Nástupištní kolej",
	"item.mtr.rail_connector_runway": "Konektor dráhy",
	"item.mtr.rail_connector_siding": "Depo kolej",
	"item.mtr.rail_connector_turn_back": "Obratová kolej",
	"item.mtr.rail_remover": "Odstraňovač kolejí",
	"item.mtr.resource_pack_creator": "Tvůrce balíčku zdrojů",
	"item.mtr.signal_connector_black": "Spojovač černého návěstidla",
	"item.mtr.signal_connector_blue": "Spojovač modrého návěstidla",
	"item.mtr.signal_connector_brown": "Spojovač hnědého návěstidla",
	"item.mtr.signal_connector_cyan": "Spojovač azurového návěstidla",
	"item.mtr.signal_connector_gray": "Spojovač šedého návěstidla",
	"item.mtr.signal_connector_green": "Spojovač zeleného návěstidla",
	"item.mtr.signal_connector_light_blue": "Spojovač světle modrého návěstidla",
	"item.mtr.signal_connector_light_gray": "Spojovač světle šedého návěstidla",
	"item.mtr.signal_connector_lime": "Spojovač světle zeleného návěstidla",
	"item.mtr.signal_connector_magenta": "Purpurový spojovač návěstidla",
	"item.mtr.signal_connector_orange": "Oranžový spojovač návěstidla",
	"item.mtr.signal_connector_pink": "Spojovač růžového návěstidla",
	"item.mtr.signal_connector_purple": "Spojovač fialového návěstidla",
	"item.mtr.signal_connector_red": "Spojovač červeného návěstidla",
	"item.mtr.signal_connector_white": "Spojovač bílého návěstidla",
	"item.mtr.signal_connector_yellow": "Spojovač žlutého návěstidla",
	"item.mtr.signal_remover_black": "Odstraňovač černého návěstidla",
	"item.mtr.signal_remover_blue": "Odstraňovač modrého návěstidla",
	"item.mtr.signal_remover_brown": "Odstraňovač hnědého návěstidla",
	"item.mtr.signal_remover_cyan": "Odstraňovač azurového návěstidla",
	"item.mtr.signal_remover_gray": "Odstraňovač šedého návěstidla",
	"item.mtr.signal_remover_green": "Odstraňovač zeleného návěstidla",
	"item.mtr.signal_remover_light_blue": "Odstraňovač světle modrého návěstidla",
	"item.mtr.signal_remover_light_gray": "Odstraňovač světle šedého návěstidla",
	"item.mtr.signal_remover_lime": "Odstraňovač světle zeleného návěstidla",
	"item.mtr.signal_remover_magenta": "Odstraňovač červenorudého návěstidla",
	"item.mtr.signal_remover_orange": "Odstraňovač oranžového návěstidla",
	"item.mtr.signal_remover_pink": "Odstraňovač růžového návěstidla",
	"item.mtr.signal_remover_purple": "Odstraňovač fialového návěstidla",
	"item.mtr.signal_remover_red": "Odstraňovač červeného návěstidla",
	"item.mtr.signal_remover_white": "Odstraňovač bílého návěstidla",
	"item.mtr.signal_remover_yellow": "Odstraňovač žlutého návěstidla",
	"item.mtr.tunnel_creator_4_3": "Tvůrce tunelu",
	"item.mtr.tunnel_creator_4_5": "Tvůrce tunelu",
	"item.mtr.tunnel_creator_4_7": "Tvůrce tunelu",
	"item.mtr.tunnel_creator_4_9": "Tvůrce tunelu",
	"item.mtr.tunnel_creator_5_3": "Tvůrce tunelu",
	"item.mtr.tunnel_creator_5_5": "Tvůrce tunelu",
	"item.mtr.tunnel_creator_5_7": "Tvůrce tunelu",
	"item.mtr.tunnel_creator_5_9": "Tvůrce tunelu",
	"item.mtr.tunnel_creator_6_3": "Tvůrce tunelu",
	"item.mtr.tunnel_creator_6_5": "Tvůrce tunelu",
	"item.mtr.tunnel_creator_6_7": "Tvůrce tunelu",
	"item.mtr.tunnel_creator_6_9": "Tvůrce tunelu",
	"item.mtr.tunnel_wall_creator_4_3": "Tvůrce stěny tunelu",
	"item.mtr.tunnel_wall_creator_4_5": "Tvůrce stěny tunelu",
	"item.mtr.tunnel_wall_creator_4_7": "Tvůrce stěny tunelu",
	"item.mtr.tunnel_wall_creator_4_9": "Tvůrce stěny tunelu",
	"item.mtr.tunnel_wall_creator_5_3": "Tvůrce stěny tunelu",
	"item.mtr.tunnel_wall_creator_5_5": "Tvůrce stěny tunelu",
	"item.mtr.tunnel_wall_creator_5_7": "Tvůrce stěny tunelu",
	"item.mtr.tunnel_wall_creator_5_9": "Tvůrce stěny tunelu",
	"item.mtr.tunnel_wall_creator_6_3": "Tvůrce stěny tunelu",
	"item.mtr.tunnel_wall_creator_6_5": "Tvůrce stěny tunelu",
	"item.mtr.tunnel_wall_creator_6_7": "Tvůrce stěny tunelu",
	"item.mtr.tunnel_wall_creator_6_9": "Tvůrce stěny tunelu",
	"itemGroup.mtr.core": "Minecraft Transit Railway - Hlavní",
	"itemGroup.mtr.escalators_lifts": "Eskalátory a výtahy",
	"itemGroup.mtr.railway_facilities": "Drážní objekty",
	"itemGroup.mtr.station_building_blocks": "Bloky ke stavbě stanic",
	"key.mtr.debug_1_negative": "Ladit pole 1 (odečíst)",
	"key.mtr.debug_1_positive": "Ladit pole 1 (přidat)",
	"key.mtr.debug_2_negative": "Ladit pole 2 (odečíst)",
	"key.mtr.debug_2_positive": "Ladit pole 2 (přidat)",
	"key.mtr.debug_3_negative": "Ladit pole 3 (odečíst)",
	"key.mtr.debug_3_positive": "Ladit pole 3 (přidat)",
	"key.mtr.debug_cycle_negative": "Cyklovat kategorii ladění (zpětně)",
	"key.mtr.debug_cycle_positive": "Cyklovat kategorii ladění (vpřed)",
	"key.mtr.lift_menu": "Otevřít patra výtahu",
	"key.mtr.train_accelerate": "Zrychlit",
	"key.mtr.train_brake": "Brzdit",
	"key.mtr.train_toggle_doors": "Otevřít dveře",
	"options.mtr.anonymous": "Anonymní",
	"options.mtr.dynamic_texture_resolution": "Dynamické rozlišení textur (vyšší hodnoty mohou zhroutit hru!)",
	"options.mtr.hide_special_rail_colors": "Skrýt speciální barvy kolejnic",
	"options.mtr.hide_translucent_parts": "Skrýt průsvitné části vozidel",
	"options.mtr.language_options": "Zobrazení jazyka na značkách",
	"options.mtr.language_options_0": "Výchozí",
	"options.mtr.language_options_1": "Pouze CJK",
	"options.mtr.language_options_2": "Ne-CJK",
	"options.mtr.off": "Vypnutý",
	"options.mtr.on": "Zapnutý",
	"options.mtr.shift_to_toggle_sitting": "Použij %s k sezení ve vozidle",
	"options.mtr.show_announcement_messages": "Zobrazovat v chatu oznámení o \"příští stanici\"",
	"options.mtr.support_patreon": "Podpořte mód na Patreonu!",
	"options.mtr.track_texture_offset": "Odsazení textur trasy",
	"options.mtr.use_dynamic_fps": "Dynamický boost FPS",
	"options.mtr.use_mtr_font": "Používat font MTR (nemusí fungovat na všech počítačích)",
	"options.mtr.use_tts_announcements": "Povolit zvuková hlášení o \"přístí stanici\" pomocí systému převodu textu na řeč",
	"options.mtr.vehicle_render_distance_ratio": "Poměr vykreslování vozidla k vzdálenosti vykreslení Minecraftu",
	"sign.mtr.airport": "Letiště",
	"sign.mtr.airport_arrivals": "Příjezdy",
	"sign.mtr.airport_arrivals_cjk": "Příjezdy",
	"sign.mtr.airport_cjk": "Letiště",
	"sign.mtr.airport_departures": "Odjezdy",
	"sign.mtr.airport_departures_cjk": "Odjezdy",
	"sign.mtr.airport_express": "Vlaky na letiště",
	"sign.mtr.airport_express_city": "Vlaky do centra",
	"sign.mtr.airport_express_city_cjk": "往市區列車",
	"sign.mtr.airport_express_cjk": "往機場列車",
	"sign.mtr.airport_transfer": "Přenést",
	"sign.mtr.airport_transfer_cjk": "Přenést",
	"sign.mtr.baggage_claim": "Výdej zavazadel",
	"sign.mtr.baggage_claim_cjk": "Výdej zavazadel",
	"sign.mtr.boat": "Trajekty",
	"sign.mtr.boat_cjk": "渡輪",
	"sign.mtr.cable_car": "Lanovky",
	"sign.mtr.cable_car_cjk": "纜車",
	"sign.mtr.check_in_passengers": "Odbavení cestujících",
	"sign.mtr.check_in_passengers_cjk": "登機乘客",
	"sign.mtr.cross": "Nevstupovat",
	"sign.mtr.cross_cjk": "不准進入",
	"sign.mtr.customer_service_centre": "Zákaznické centrum",
	"sign.mtr.customer_service_centre_cjk": "客務中心",
	"sign.mtr.emergency_exit": "Únikový východ",
	"sign.mtr.emergency_exit_cjk": "緊急出口",
	"sign.mtr.escalator_to_concourse_down": "Pouze do čekárny",
	"sign.mtr.escalator_to_concourse_down_cjk": "直落大堂",
	"sign.mtr.escalator_to_concourse_up": "Pouze do čekárny",
	"sign.mtr.escalator_to_concourse_up_cjk": "直上大堂",
	"sign.mtr.female": "Dámské toalety",
	"sign.mtr.female_cjk": "女洗手間",
	"sign.mtr.in_town_check_in": "Vnitroměstské odbavení",
	"sign.mtr.in_town_check_in_cjk": "市區預辦登機",
	"sign.mtr.lift_1": "Výtah",
	"sign.mtr.lift_1_cjk": "升降機",
	"sign.mtr.lift_2": "Výtah",
	"sign.mtr.lift_2_cjk": "升降機",
	"sign.mtr.light_rail_1": "Tramvaj",
	"sign.mtr.light_rail_1_cjk": "輕鐵",
	"sign.mtr.light_rail_2": "Tramvaj",
	"sign.mtr.light_rail_2_cjk": "輕鐵",
	"sign.mtr.light_rail_3": "Tramvaj",
	"sign.mtr.light_rail_3_cjk": "輕鐵",
	"sign.mtr.light_rail_4": "Tramvaj",
	"sign.mtr.light_rail_4_cjk": "輕鐵",
	"sign.mtr.logo": "Logo MTR",
	"sign.mtr.logo_cjk": "我的世界鐵路",
	"sign.mtr.male": "Pánské toalety",
	"sign.mtr.male_cjk": "男洗手間",
	"sign.mtr.platform": "Nástupiště",
	"sign.mtr.platform_cjk": "月台",
	"sign.mtr.sp1900": "Vlaky",
	"sign.mtr.sp1900_cjk": "列車",
	"sign.mtr.station": "Stanice",
	"sign.mtr.station_cjk": "Stanice",
	"sign.mtr.tickets": "Jízdenky",
	"sign.mtr.tickets_cjk": "車票",
	"sign.mtr.toilets": "Toalety",
	"sign.mtr.toilets_cjk": "洗手間",
	"sign.mtr.train": "Vlaky",
	"sign.mtr.train_cjk": "列車",
	"sign.mtr.train_old": "Vlaky",
	"sign.mtr.train_old_cjk": "列車",
	"sign.mtr.wheelchair": "Toalety",
	"sign.mtr.wheelchair_cjk": "洗手間",
	"sign.mtr.wifi": "Wi-Fi zdarma",
	"sign.mtr.wifi_cjk": "免費Wi-Fi熱點",
	"sign.mtr.xrl_1": "Vysokorychlostní železnice",
	"sign.mtr.xrl_1_cjk": "高速鐵路",
	"sign.mtr.xrl_2": "Vysokorychlostní železnice",
	"sign.mtr.xrl_2_cjk": "高速鐵路",
	"sign.mtr.yellow_head_1": "Vlaky",
	"sign.mtr.yellow_head_1_cjk": "火車",
	"sign.mtr.yellow_head_2": "Vlaky",
	"sign.mtr.yellow_head_2_cjk": "火車",
	"tooltip.block.mtr.glass_fence_cio": "City One",
	"tooltip.block.mtr.glass_fence_ckt": "Che Kung Temple",
	"tooltip.block.mtr.glass_fence_heo": "Heng On",
	"tooltip.block.mtr.glass_fence_mos": "Ma On Shan",
	"tooltip.block.mtr.glass_fence_plain": "Tabulka skla",
	"tooltip.block.mtr.glass_fence_shm": "Shek Mun",
	"tooltip.block.mtr.glass_fence_stained": "Tabulka barevného skla",
	"tooltip.block.mtr.glass_fence_stw": "Sha Tin Wai",
	"tooltip.block.mtr.glass_fence_tsh": "Tai Shui Hang",
	"tooltip.block.mtr.glass_fence_wks": "Wu Kai Sha",
	"tooltip.mtr.cable_car_node": "Žádné nástupiště či depo\nPouze přímé spojení",
	"tooltip.mtr.cable_car_node_station": "Nástupiště a depa mohou být vytvořeny\nOblouky mohou být vytvořeny",
	"tooltip.mtr.pole_placement": "Musí být položen na existující %s",
	"tooltip.mtr.psd_apg_door": "Dveřní část",
	"tooltip.mtr.psd_apg_door_2": "Dveřní část",
	"tooltip.mtr.psd_apg_glass": "Prosklená část",
	"tooltip.mtr.psd_apg_glass_2": "Prosklená část",
	"tooltip.mtr.psd_apg_glass_end": "Okraj prosklené části",
	"tooltip.mtr.rail_action_depth": "Hloubka: %s",
	"tooltip.mtr.rail_action_height": "Výška: %s",
	"tooltip.mtr.rail_action_width": "Šířka: %s",
	"tooltip.mtr.rail_speed_limit": "Maximální rychlost: %s",
	"tooltip.mtr.railway_sign_even": "Orientace: sudá",
	"tooltip.mtr.railway_sign_length": "Délka: %s",
	"tooltip.mtr.railway_sign_odd": "Orientace: lichá",
	"tooltip.mtr.selected_block": "Vybraný blok: %s",
	"tooltip.mtr.selected_material": "Vybraný materiál: %s",
	"tooltip.mtr.shift_right_click_to_clear": "Podrž %s a použij na %s k resetování",
	"tooltip.mtr.shift_right_click_to_select_material": "Podrž %s a použij na blok pro výběr materiálu",
	"tooltip.mtr.station_color": "Barva závisí na stanici",
	"tooltip.mtr.station_color_name": "Barva a text závisí na stanici",
	"train.mtr.a320": "Airbus A320",
	"train.mtr.a_train_ael": "Letištní CAF express",
	"train.mtr.a_train_ael_mini": "Letištní CAF express (mini)",
	"train.mtr.a_train_tcl": "CAF Tung Chung",
	"train.mtr.a_train_tcl_mini": "CAF Tung Chung (mini)",
	"train.mtr.a_train_tcl_small": "CAF Tung Chung (malý)",
	"train.mtr.acacia_boat": "Akáciový člun",
	"train.mtr.birch_boat": "Březový člun",
	"train.mtr.br_423": "DB BR 423",
	"train.mtr.c1141a": "1141A / TML C-Vlak",
	"train.mtr.c1141a_mini": "1141A / TML C-Vlak (mini)",
	"train.mtr.c1141a_small": "1141A / TML C-Vlak (malý)",
	"train.mtr.c_train": "C-Vlak",
	"train.mtr.c_train_mini": "C-Vlak (mini)",
	"train.mtr.c_train_small": "C-Vlak (malý)",
	"train.mtr.class_377_southern": "British Rail Class 377 (Jižní)",
	"train.mtr.class_802_gwr": "Britská železniční jednotka 802 (GWR)",
	"train.mtr.class_802_gwr_mini": "Britská železniční jednotka 802 (GWR, Mini)",
	"train.mtr.class_802_tpe": "Britská železniční jednotka 802 (TPE)",
	"train.mtr.class_802_tpe_mini": "Britská železniční jednotka 802 (TPE, Mini)",
	"train.mtr.cm_stock": "Metro-Cammell vlak (nerenovovaný M-vlak)",
	"train.mtr.cm_stock_mini": "Metro-Cammell vlak (nerenovovaný M-vlak, Mini)",
	"train.mtr.cm_stock_small": "Metro-Cammell vlak (nerenovovaný M-vlak, malý)",
	"train.mtr.dark_oak_boat": "Člun z tmavého dubu",
	"train.mtr.drl": "Disneyland Resort Line Vlak",
	"train.mtr.e44": "KCR E44 (žlutý předek)",
	"train.mtr.e44_mini": "KCR E44 (žlutý předek, mini)",
	"train.mtr.flying_minecart": "Létající minecart",
	"train.mtr.jungle_boat": "Sekvojový člun",
	"train.mtr.k_train": "K-Vlak",
	"train.mtr.k_train_ael": "K-Vlak Letištní express",
	"train.mtr.k_train_ael_mini": "K-Vlak Letištní express (mini)",
	"train.mtr.k_train_ael_small": "K-Vlak Letištní express (malý)",
	"train.mtr.k_train_mini": "K-Vlak (mini)",
	"train.mtr.k_train_small": "K-Vlak (malý)",
	"train.mtr.k_train_tcl": "K-Vlak Tung Chug",
	"train.mtr.k_train_tcl_mini": "K-Vlak Tung Chug (mini)",
	"train.mtr.k_train_tcl_small": "K-Vlak Tung Chug (malý)",
	"train.mtr.light_rail_1": "Tramvaj (Fáze 1. LHT)",
	"train.mtr.light_rail_1_orange": "Tramvaj (Fáze 1, oranžový nátěr)",
	"train.mtr.light_rail_1_orange_rht": "Tramvaj (Fáze 1, oranžový nátěr, RHT)",
	"train.mtr.light_rail_1_rht": "Tramvaj (Fáze 1. LHT)",
	"train.mtr.light_rail_1r": "Tramvaj (Fáze 1, repasovaný, LHT)",
	"train.mtr.light_rail_1r_old": "Tramvaj (Fáze 1, repasovaný, modrý nátěr)",
	"train.mtr.light_rail_1r_old_rht": "Tramvaj (Fáze 1, repasovaný, modrý nátěr, RHT)",
	"train.mtr.light_rail_1r_orange": "Tramvaj (Fáze 1, repasovaný, oranžový nátěr, LHT)",
	"train.mtr.light_rail_1r_orange_rht": "Tramvaj (Fáze 1, repasovaný, oranžový nátěr, LHT)",
	"train.mtr.light_rail_1r_rht": "Tramvaj (Fáze 1, repasovaný, RHT)",
	"train.mtr.light_rail_2": "Tramvaj (Fáze 2. LHT)",
	"train.mtr.light_rail_2r": "Tramvaj (Fáze 2, repasovaný, LHT)",
	"train.mtr.light_rail_2r_rht": "Tramvaj (Fáze 2, repasovaný, RHT)",
	"train.mtr.light_rail_2_orange": "Tramvaj (Fáze 2, oranžový nátěr, LHT)",
	"train.mtr.light_rail_2_orange_rht": "Tramvaj (Fáze 2, oranžový nátěr, RHT)",
	"train.mtr.light_rail_2_rht": "Tramvaj (Fáze 2. RHT)",
	"train.mtr.light_rail_3": "Tramvaj (Fáze 3. LHT)",
	"train.mtr.light_rail_3r": "Tramvaj (Fáze 3, repasovaný, LHT)",
	"train.mtr.light_rail_3r_rht": "Tramvaj (Fáze 3, repasovaný, RHT)",
	"train.mtr.light_rail_3_orange": "Tramvaj (Fáze 3, oranžový nátěr, LHT)",
	"train.mtr.light_rail_3_orange_rht": "Tramvaj (Fáze 3, oranžový nátěr, RHT)",
	"train.mtr.light_rail_3_rht": "Tramvaj (Fáze 3. RHT)",
	"train.mtr.light_rail_4": "Tramvaj (Fáze 4. LHT)",
	"train.mtr.light_rail_4_old": "Tramvaj (Fáze 4, modrý nátěr, LHT)",
	"train.mtr.light_rail_4_old_rht": "Tramvaj (Fáze 4, modrý nátěr, RHT)",
	"train.mtr.light_rail_4_orange": "Tramvaj (Fáze 4, oranžový nátěr, LHT)",
	"train.mtr.light_rail_4_orange_rht": "Tramvaj (Fáze 4, oranžový nátěr, RHT)",
	"train.mtr.light_rail_4_rht": "Tramvaj (Fáze 4. RHT)",
	"train.mtr.light_rail_5": "Tramvaj (Fáze 5. LHT)",
	"train.mtr.light_rail_5_old": "Tramvaj (Fáze 5, oranžový nátěr, LHT)",
	"train.mtr.light_rail_5_old_rht": "Tramvaj (Fáze 5, modrý nátěr, RHT)",
	"train.mtr.light_rail_5_orange": "Tramvaj (Fáze 5, oranžový nátěr, LHT)",
	"train.mtr.light_rail_5_orange_rht": "Tramvaj (Fáze 5, oranžový nátěr, RHT)",
	"train.mtr.light_rail_5_rht": "Tramvaj (Fáze 5. RHT)",
	"train.mtr.london_underground_1995": "London Underground vůz z roku 1995",
	"train.mtr.london_underground_1996": "London Underground vůz z roku 1996",
	"train.mtr.london_underground_d78": "London Underground vůz D78",
	"train.mtr.london_underground_d78_mini": "London Underground vůz D78 (Mini)",
	"train.mtr.m_train": "M-Vlak",
	"train.mtr.m_train_mini": "M-Vlak (mini)",
	"train.mtr.m_train_small": "M-Vlak (malý)",
	"train.mtr.minecart": "Vozík",
	"train.mtr.mlr": "MLR Vlak",
	"train.mtr.mlr_christmas": "MLR Vlak vánoční edice",
	"train.mtr.mlr_christmas_mini": "MLR Vlak vánoční edice (Mini)",
	"train.mtr.mlr_christmas_small": "MLR Vlak vánoční edice (Malý)",
	"train.mtr.mlr_mini": "MLR Vlak (mini)",
	"train.mtr.mlr_small": "MLR Vlak (malý)",
	"train.mtr.mpl_85": "MPL 85",
	"train.mtr.ngong_ping_360_crystal": "Ngong Ping 360 Lanová kabina bílá (LHT)",
	"train.mtr.ngong_ping_360_crystal_rht": "Ngong Ping 360 Lanová kabina bílá (RHT)",
	"train.mtr.ngong_ping_360_crystal_plus": "Ngong Ping 360 Crystal+ Cabin (LHT)",
	"train.mtr.ngong_ping_360_crystal_plus_rht": "Ngong Ping 360 Crystal+ Cabin (RHT)",
	"train.mtr.ngong_ping_360_normal_light_blue": "Ngong Ping 360 (Světle modrý, LHT)",
	"train.mtr.ngong_ping_360_normal_light_blue_rht": "Ngong Ping 360 (Světle modrý, RHT)",
	"train.mtr.ngong_ping_360_normal_orange": "Ngong Ping 360 (Oranžový, LHT)",
	"train.mtr.ngong_ping_360_normal_orange_rht": "Ngong Ping 360 (Oranžový, RHT)",
	"train.mtr.ngong_ping_360_normal_red": "Ngong Ping 360 (Červený, LHT)",
	"train.mtr.ngong_ping_360_normal_red_rht": "Ngong Ping 360 (Červený, RHT)",
	"train.mtr.oak_boat": "Dubový člun",
	"train.mtr.r179": "R179 (New Yorkské metro)",
	"train.mtr.r179_mini": "R179 (New Yorkské metro, mini)",
	"train.mtr.r211": "R211 (New Yorkské metro)",
	"train.mtr.r211_mini": "R211 (New Yorkské metro, mini)",
	"train.mtr.r211t": "R211T (New Yorkské metro)",
	"train.mtr.r211t_mini": "R211T (New Yorkské metro, mini)",
	"train.mtr.r_train": "R-Vlak",
	"train.mtr.r_train_mini": "R-Vlak (Mini)",
	"train.mtr.r_train_small": "R-Vlak (malý)",
	"train.mtr.s_train": "S-Vlak",
	"train.mtr.s_train_mini": "S-Vlak (Mini)",
	"train.mtr.s_train_small": "S-Vlak (malý)",
	"train.mtr.sp1900": "SP1900",
	"train.mtr.sp1900_mini": "SP1900 (Mini)",
	"train.mtr.sp1900_small": "SP1900 (Malý)",
	"train.mtr.spruce_boat": "Smrkový člun"
}
