{
	"block.minecraft.bedrock_slab": "Grundfjeldsflise",
	"block.minecraft.birch_wood_slab": "Birke Træ Plade",
	"block.minecraft.bone_block_slab": "Benplade",
	"block.minecraft.chiseled_quartz_block_slab": "Mejslet Kvarts plade",
	"block.minecraft.chiseled_stone_bricks_slab": "Mejslet Sten Murstensplade",
	"block.minecraft.clay_slab": "Lerplade",
	"block.minecraft.coal_ore_slab": "Kulmalm Plade",
	"block.minecraft.concrete": "Beton",
	"block.minecraft.concrete_powder": "Betonpulver",
	"block.minecraft.concrete_powder_slab": "Betonpulver Plade",
	"block.minecraft.concrete_slab": "Betonplade",
	"block.minecraft.cracked_stone_bricks_slab": "Revnet Stenmursten Plade",
	"block.minecraft.gravel_slab": "Grusplade",
	"block.minecraft.iron_block_slab": "Jern Blokplade",
	"block.minecraft.metal": "Metal Block",
	"block.minecraft.metal_slab": "Metalplade",
	"block.minecraft.planks": "Træplanker",
	"block.minecraft.planks_slab": "Træplanke Plade",
	"block.minecraft.purpur_block_slab": "Purpur Blokplade",
	"block.minecraft.purpur_pillar_slab": "Purpur Søjleplade",
	"block.minecraft.quartz_block_slab": "Kvarts Blokplade",
	"block.minecraft.quartz_bricks_slab": "Kvarts Murstensplade",
	"block.minecraft.quartz_pillar_slab": "Kvarts Søjleplade",
	"block.minecraft.snow_block_slab": "Sne Blokplade",
	"block.minecraft.stained_glass": "Farvet Glas",
	"block.minecraft.stained_glass_slab": "Farvet Glasplade",
	"block.minecraft.stone_bricks_slab": "Sten Murstensplade",
	"block.minecraft.wool": "Uld",
	"block.minecraft.wool_slab": "Uldplade",
	"block.mtr.airplane_node": "Fly Node",
	"block.mtr.apg_door": "Automatiske Platform-Døre",
	"block.mtr.apg_glass": "Automatiske Platform-Døre",
	"block.mtr.apg_glass_end": "Automatiske Platformdøre",
	"block.mtr.arrival_projector_1_large": "Ankomstprojektor (3x3)",
	"block.mtr.arrival_projector_1_medium": "Ankomstprojektor (3x2)",
	"block.mtr.arrival_projector_1_small": "Ankomstprojektor (1x1)",
	"block.mtr.boat_node": "Båd Node",
	"block.mtr.cable_car_node_lower": "Svævebane Node",
	"block.mtr.cable_car_node_station": "Svævebane Stationsnode",
	"block.mtr.cable_car_node_upper": "Svævebane Node",
	"block.mtr.ceiling": "Loft",
	"block.mtr.ceiling_light": "Loft (Lys)",
	"block.mtr.ceiling_no_light": "Loft (Intet Lys)",
	"block.mtr.clock": "Ur",
	"block.mtr.clock_pole": "Ur-Stang",
	"block.mtr.escalator_side": "Rulletrappe",
	"block.mtr.escalator_step": "Rulletrappe",
	"block.mtr.glass_fence_cio": "Glas Hegn",
	"block.mtr.glass_fence_ckt": "Glas Hegn",
	"block.mtr.glass_fence_heo": "Glas Hegn",
	"block.mtr.glass_fence_mos": "Glas Hegn",
	"block.mtr.glass_fence_plain": "Glas Hegn",
	"block.mtr.glass_fence_shm": "Glas Hegn",
	"block.mtr.glass_fence_stained": "Glas Hegn",
	"block.mtr.glass_fence_stw": "Glas Hegn",
	"block.mtr.glass_fence_tsh": "Glas Hegn",
	"block.mtr.glass_fence_wks": "Glas Hegn",
	"block.mtr.lift_buttons_1": "Lift / Elevator Knapper",
	"block.mtr.lift_door_1": "Lift / Elevator Døre",
	"block.mtr.lift_door_odd_1": "Lift / Elevator Døre",
	"block.mtr.lift_panel_even_1": "Lift / Elevator Skærmpanel",
	"block.mtr.lift_panel_even_2": "Lift / Elevator Skærmpanel",
	"block.mtr.lift_panel_odd_1": "Lift / Elevator Skærmpanel",
	"block.mtr.lift_panel_odd_2": "Lift / Elevator Skærmpanel",
	"block.mtr.lift_track_1": "Lift / Elevator Spor",
	"block.mtr.lift_track_floor_1": "Lift / Elevator Gulvspor",
	"block.mtr.logo": "MTR Logo",
	"block.mtr.marble_blue": "Blå Marmor",
	"block.mtr.marble_blue_slab": "Blå Marmorplade",
	"block.mtr.marble_sandy": "Sandet Marmor",
	"block.mtr.marble_sandy_slab": "Sandet Marmorplade",
	"block.mtr.metal": "Metal",
	"block.mtr.metal_slab": "Metalplade",
	"block.mtr.pids_1": "Passenger Informations Skærm",
	"block.mtr.pids_2": "Passenger Informations Skærm",
	"block.mtr.pids_3": "Visningssystem For Passagerinformation",
	"block.mtr.pids_pole": "PIDS Stang",
	"block.mtr.platform": "Platform (Hong Kong)",
	"block.mtr.platform_indented": "Platform (Hong Kong)",
	"block.mtr.platform_na_1": "Platform (Nordamerika)",
	"block.mtr.platform_na_1_indented": "Platform (Nordamerika)",
	"block.mtr.platform_na_2": "Platform (Nordamerika)",
	"block.mtr.platform_na_2_indented": "Platform (Nordamerika)",
	"block.mtr.platform_uk_1": "Platform (Storbritannien)",
	"block.mtr.platform_uk_1_indented": "Platform (Storbritannien)",
	"block.mtr.psd_door": "Platformskærm Døre",
	"block.mtr.psd_door_2": "Platformskærm Døre",
	"block.mtr.psd_glass": "Platformskærm Døre",
	"block.mtr.psd_glass_2": "Platformskærm Døre",
	"block.mtr.psd_glass_end": "Platformskærm Døre",
	"block.mtr.psd_glass_end_2": "Platformskærm Døre",
	"block.mtr.psd_top": "Platformskærm Døre",
	"block.mtr.rail": "Skinnepunkt",
	"block.mtr.railway_sign": "Jernbane Skilt",
	"block.mtr.railway_sign_pole": "Jernbaneskiltstang",
	"block.mtr.route_sign_standing_light": "Ruteskilt (Stående Lys)",
	"block.mtr.route_sign_standing_metal": "Ruteskilt (Stående Metal)",
	"block.mtr.route_sign_wall_light": "Ruteskilt (Stående Lys)",
	"block.mtr.route_sign_wall_metal": "Ruteskilt (Væg Metal)",
	"block.mtr.rubbish_bin_1": "Skraldespand",
	"block.mtr.signal_light_1": "Signallys (2 Aspekter)",
	"block.mtr.signal_light_2": "Signallys (2 Aspekter, Dobbeltsidet)",
	"block.mtr.signal_light_3": "Signallys (2 Aspekter)",
	"block.mtr.signal_light_3_aspect_1": "Signallys (3 Aspekter)",
	"block.mtr.signal_light_3_aspect_2": "Signallys (3 Aspekter, Dobbeltsidet)",
	"block.mtr.signal_light_4": "Signallys (2 Aspekter, Dobbeltsidet)",
	"block.mtr.signal_light_4_aspect_1": "Signallys (4 Aspekter)",
	"block.mtr.signal_light_4_aspect_2": "Signallys (4 Aspekter, Dobbeltsidet)",
	"block.mtr.signal_pole": "Signalstang",
	"block.mtr.signal_semaphore_1": "Semafor Signal",
	"block.mtr.signal_semaphore_2": "Semaforsignal (Dobbeltsidet)",
	"block.mtr.station_name_entrance": "Stationsnavn (Indgang)",
	"block.mtr.station_name_tall_block": "Stationsnavn (Høj Block)",
	"block.mtr.station_name_tall_block_double_sided": "Stationsnavn (Høj Blok, Dobbeltsidet)",
	"block.mtr.station_name_tall_wall": "Stationsnavn (Høj Væg Tekst)",
	"block.mtr.station_name_wall": "Stationsnavn (Vægtekst, Hvid)",
	"block.mtr.station_name_wall_black": "Stationsnavn (Vægtekst, Sort)",
	"block.mtr.station_name_wall_gray": "Stationsnavn (Vægtekst, Grå)",
	"block.mtr.station_pole": "Stationsfarvestang",
	"block.mtr.tactile_map": "Taktil Kort",
	"block.mtr.ticket_barrier_entrance_1": "Ticket Barrier (Entrance)",
	"block.mtr.ticket_barrier_exit_1": "Ticket Barrier (Exit)",
	"block.mtr.ticket_machine": "Billet Maskine",
	"block.mtr.ticket_processor": "Billet Processor",
	"block.mtr.ticket_processor_enquiry": "Forespørgsels Processor",
	"block.mtr.ticket_processor_entrance": "Billetprocessor (Indgang)",
	"block.mtr.ticket_processor_exit": "Billetprocessor (Udgang)",
	"block.mtr.train_announcer": "Annoncør",
	"block.mtr.train_cargo_loader": "Fragtlaster",
	"block.mtr.train_cargo_unloader": "Fragtaflaster",
	"block.mtr.train_schedule_sensor": "Tidsplanssensor",
	"block.mtr.train_sensor": "Rødstenssensor",
	"category.mtr.keybinding": "Minecraft Transit Railway Tastebindinger",
	"entity.mtr.seat": "",
	"gui.mtr.acceleration": "Køretøj Acceleration",
	"gui.mtr.add_balance_for_emeralds": "Tilføj $%s for %s smaragd(er)",
	"gui.mtr.add_depot": "Tilføj Depot",
	"gui.mtr.add_exit": "Tilføj Station Udgang",
	"gui.mtr.add_exit_destination": "Tilføj Udgang Destination",
	"gui.mtr.add_route": "Tilføj Rute",
	"gui.mtr.add_station": "Tilføj Station",
	"gui.mtr.add_value": "Tilføj Værdi",
	"gui.mtr.already_entered": "Station allerede besøgt",
	"gui.mtr.already_exited": "Ingen ingangs-registrering fundet",
	"gui.mtr.announcement_message": "Meddelelsesbesked",
	"gui.mtr.anticlockwise_to": "Mod uret til %s",
	"gui.mtr.anticlockwise_to_cjk": "逆時針往%s",
	"gui.mtr.anticlockwise_via": "Mod uret via %s",
	"gui.mtr.anticlockwise_via_cjk": "逆時針經%s",
	"gui.mtr.arrival_car": "%s-vogn",
	"gui.mtr.arrival_car_cjk": "%s 卡",
	"gui.mtr.arrival_min": "%s min",
	"gui.mtr.arrival_min_cjk": "%s 分鐘",
	"gui.mtr.arrival_sec": "%s sek",
	"gui.mtr.arrival_sec_cjk": "%s 秒",
	"gui.mtr.automatically_detect_nearby_platform": "Registrer automatisk nærliggende platform",
	"gui.mtr.available": "Tilgængelig",
	"gui.mtr.available_model_parts": "Tilgængelige Modeldele",
	"gui.mtr.balance": "Balance: $%s",
	"gui.mtr.cable_car_invalid_orientation": "Ugyldig kabelforbindelse",
	"gui.mtr.cars_to_spawn": "Vogne til Spawn: %s",
	"gui.mtr.clear_vehicles": "Ryd Køretøjer",
	"gui.mtr.clockwise_to": "Med uret til %s",
	"gui.mtr.clockwise_to_cjk": "順時針往%s",
	"gui.mtr.clockwise_via": "Med uret via %s",
	"gui.mtr.clockwise_via_cjk": "順時針經%s",
	"gui.mtr.color": "Farve",
	"gui.mtr.comma": ", ",
	"gui.mtr.comma_cjk": ",",
	"gui.mtr.comma_last": " og ",
	"gui.mtr.comma_last_cjk": "或",
	"gui.mtr.connecting_station_interchange_announcement_part": "%1$s ved %2$s station",
	"gui.mtr.connecting_station_interchange_announcement_part_cjk": "往%2$s站轉乘%1$s",
	"gui.mtr.connecting_station_part": "Passagerer kan skifte til %s.",
	"gui.mtr.connecting_station_part_cjk": "乘客可在該站%s。",
	"gui.mtr.cruising_altitude": "Cruising Højde",
	"gui.mtr.custom_destination_suggestion": "Destination (\\r til Nulstilling)",
	"gui.mtr.custom_resources_export_resource_pack": "Eksporter Ressourcepakke",
	"gui.mtr.custom_resources_gangway_connection_id": "Gangway Forbindelses-Id",
	"gui.mtr.custom_resources_id": "ID",
	"gui.mtr.custom_resources_name": "Navn",
	"gui.mtr.custom_resources_rider_offset": "Rytterforskydning: %s",
	"gui.mtr.custom_resources_train_barrier_id": "Tog Barrier ID",
	"gui.mtr.delete_confirmation": "Er du sikker på du vil slette %s?",
	"gui.mtr.depot_color": "Depot Farve",
	"gui.mtr.depot_name": "Depot Navn",
	"gui.mtr.depots": "Depoter",
	"gui.mtr.disable_next_station_announcements": "Deaktivér Meddelelser Fra Næste Station",
	"gui.mtr.dismount_hold": "Hold %s for at tvinge afstigning: %s",
	"gui.mtr.display_page": "Sidetal",
	"gui.mtr.door_animation_type_bouncy_1": "Døre: Elasticitet (1)",
	"gui.mtr.door_animation_type_bouncy_2": "Døre: Elasticitet (2)",
	"gui.mtr.door_animation_type_constant": "Døre: Konstant",
	"gui.mtr.door_animation_type_mlr": "Døre: MLR",
	"gui.mtr.door_animation_type_plug_fast": "Døre: Hurtig Tilslutning",
	"gui.mtr.door_animation_type_plug_slow": "Døre: Langsom Tilslutning",
	"gui.mtr.door_animation_type_r179": "Døre: R179",
	"gui.mtr.door_animation_type_r211": "Døre: R211",
	"gui.mtr.door_animation_type_standard": "Døre: Standard",
	"gui.mtr.door_animation_type_standard_slow": "Døre: Langsom",
	"gui.mtr.drag_file_to_upload": "Træk fil for upload",
	"gui.mtr.dwell_time": "Køretøj Dvaletid",
	"gui.mtr.edit_area": "Klik og træk for at lave stationsområde.",
	"gui.mtr.edit_instructions": "Rediger Instruktioner",
	"gui.mtr.edit_route": "Klik på en platform for at tilføje den til ruten.",
	"gui.mtr.editing_part": "Redigerer: %s",
	"gui.mtr.emeralds": "Smaragder: %s",
	"gui.mtr.enter_barrier": "Indtastet %s - Balance: $%s",
	"gui.mtr.exit_barrier": "Afsluttet %s - Billetpris: $%s - Balance: $%s",
	"gui.mtr.exit_destinations": "Udgangs Destinationer",
	"gui.mtr.exit_parents": "Stations Udgange",
	"gui.mtr.file_model": "Blockbench Fil",
	"gui.mtr.file_properties": "Egenskaber Fil (Valgfri)",
	"gui.mtr.file_texture": "Teksturfil",
	"gui.mtr.file_upload": "Upload...",
	"gui.mtr.filtered_platforms": "Filtrerede Platforme (%s)",
	"gui.mtr.filtered_routes": "Filtrerede Ruter (%s)",
	"gui.mtr.filtered_routes_condition": "Kun køretøjer, der kører på følgende ruter, vil aktivere denne blok",
	"gui.mtr.filtered_routes_empty": "Alle køretøjer vil aktivere denne blok",
	"gui.mtr.game_time": "Spil Tid",
	"gui.mtr.generate_map": "Generér rute",
	"gui.mtr.generating_path": "Genererer Sti",
	"gui.mtr.hide_arrival": "Skjul Ankomst",
	"gui.mtr.insufficient_balance": "Lav balance ($%s)",
	"gui.mtr.interchange_announcement": "Skiftestation for %s.",
	"gui.mtr.interchange_announcement_cjk": "乘客可以轉乘%s。",
	"gui.mtr.invalid_orientation": "Kunne ikke forbinde skinne; ugyldig orientering",
	"gui.mtr.is_anticlockwise_route": "Er Mod Uret Cirkulær Rute",
	"gui.mtr.is_clockwise_route": "Er Med Uret Cirkulær Rute",
	"gui.mtr.is_light_rail_route": "Har Rute Nummer",
	"gui.mtr.is_manual": "Kørebart Køretøj",
	"gui.mtr.is_route_hidden": "Skjul Rute",
	"gui.mtr.last_airplane_station": "Denne flyrejse går til %s",
	"gui.mtr.last_airplane_station_cjk": "本航班往%s",
	"gui.mtr.last_boat_station": "Dette fartøj går til %s",
	"gui.mtr.last_boat_station_cjk": "本渡輪往%s",
	"gui.mtr.last_cable_car_station": "Denne svævebane går til %s",
	"gui.mtr.last_cable_car_station_cjk": "本纜車往%s",
	"gui.mtr.last_train_station": "Dette tog kører til %s",
	"gui.mtr.last_train_station_cjk": "本列車往%s",
	"gui.mtr.left": "Venstre",
	"gui.mtr.lift_buttons_locked": "Knapper Låst",
	"gui.mtr.lift_buttons_unlocked": "Knapper Oplåst",
	"gui.mtr.lift_floor_description": "Beskrivelse",
	"gui.mtr.lift_floor_number": "Gulvnummer",
	"gui.mtr.lift_is_double_sided": "Dobbeltsidet",
	"gui.mtr.lift_should_ding": "Afspil \"Ding\" Lyd",
	"gui.mtr.lift_style": "Stil: %s",
	"gui.mtr.lift_style_opaque": "Uigennemsigtig",
	"gui.mtr.lift_style_transparent": "Gennemsigtig",
	"gui.mtr.lift_track_required": "Lift / Elevator Spor Kræves",
	"gui.mtr.light_rail_route_announcement": "Dette er rute %s til %s.",
	"gui.mtr.light_rail_route_announcement_cjk": "本班為%s綫列車前往%s。",
	"gui.mtr.light_rail_route_number": "Rutenummer",
	"gui.mtr.london_train_interchange_announcement": "Ændre her for %s.",
	"gui.mtr.london_train_interchange_announcement_cjk": "乘客可在該站轉乘%s。",
	"gui.mtr.london_train_next_station_announcement": "Den næste station er %s.",
	"gui.mtr.london_train_next_station_announcement_cjk": "下一站是%s。",
	"gui.mtr.london_train_route_announcement": "Dette er et %s tog, der afsluttes på %s.",
	"gui.mtr.london_train_route_announcement_cjk": "本班為%s列車前往%s。",
	"gui.mtr.london_train_terminating_announcement": "Dette tog afslutter her.",
	"gui.mtr.london_train_terminating_announcement_cjk": "列車以本站為終點站。",
	"gui.mtr.london_train_this_station_announcement": "Denne station er %s.",
	"gui.mtr.london_train_this_station_announcement_cjk": "本站是%s。",
	"gui.mtr.manual_to_automatic_time": "Kørebart Timeout",
	"gui.mtr.max_manual_speed": "Maksimal Køre Hastighed",
	"gui.mtr.max_vehicles": "Maksimalt Antal Køretøjer til Siddekørsel",
	"gui.mtr.mismatched_versions": "Opdater venligst Minecraft Transit Railway mod og prøv igen.",
	"gui.mtr.mismatched_versions_server_version": "Server Version: %s",
	"gui.mtr.mismatched_versions_your_version": "Din Version: %s",
	"gui.mtr.moving_only": "Kun Flytter Køretøjer",
	"gui.mtr.mtr_options": "Minecraft Transit Railway Indstillinger",
	"gui.mtr.name": "Navn",
	"gui.mtr.next_departure": "Anslået næste afgang: %s",
	"gui.mtr.next_departure_none": "Ingen planlagte afgange",
	"gui.mtr.next_route_airplane_announcement": "Denne flyafgang vil blive ændret til %s til %s.",
	"gui.mtr.next_route_airplane_announcement_cjk": "本航班會改為%s前往%s。",
	"gui.mtr.next_route_boat_announcement": "Dette fartøj vil blive ændret til %s til %s.",
	"gui.mtr.next_route_boat_announcement_cjk": "本渡輪會改為%s前往%s。",
	"gui.mtr.next_route_boat_light_rail_announcement": "Denne rute vil blive ændret til rute %s. Passagerer til %s, bedes tage dette fartøj.",
	"gui.mtr.next_route_boat_light_rail_announcement_cjk": "本渡輪會改為%s路綫。前往%s沿途各站之乘客，可乘本渡輪。",
	"gui.mtr.next_route_cable_car_announcement": "Denne svævebane vil blive ændret til %s til %s.",
	"gui.mtr.next_route_cable_car_announcement_cjk": "本纜車會改為%s前往%s",
	"gui.mtr.next_route_train_announcement": "Dette tog vil blive ændret til %s til %s.",
	"gui.mtr.next_route_train_announcement_cjk": "本班車會改為%s前往%s。",
	"gui.mtr.next_route_train_light_rail_announcement": "Denne rute vil blive ændret til rute %s. Passagerer til %s, bedes tage dette tog.",
	"gui.mtr.next_route_train_light_rail_announcement_cjk": "本班車會改為%s路綫。前往%s沿途各站之乘客，可乘本列車。",
	"gui.mtr.next_station": "Den næste station er %s",
	"gui.mtr.next_station_announcement": "Næste station: %s.",
	"gui.mtr.next_station_announcement_cjk": "下一站：%s。",
	"gui.mtr.next_station_cjk": "下一站是%s",
	"gui.mtr.next_station_light_rail_announcement": "Næste stop: %s.",
	"gui.mtr.next_station_light_rail_announcement_cjk": "下一站：%s。",
	"gui.mtr.no_lift_tracks_floor_found": "Ingen Lift / Elevator Gulvspor Fundet",
	"gui.mtr.offset_x": "Forskydning X: %s",
	"gui.mtr.offset_y": "Forskydning Y: %s",
	"gui.mtr.offset_z": "Forskydning Z: %s",
	"gui.mtr.part_blacklisted_cars": "Udelukkede Vogne",
	"gui.mtr.part_display_cjk_size_ratio": "CJK Størrelse: %s",
	"gui.mtr.part_display_force_single_line": "Tving Enkelt Linje",
	"gui.mtr.part_display_force_upper_case": "Tving Store Bogstaver",
	"gui.mtr.part_display_should_scroll": "Rullende Tekst",
	"gui.mtr.part_display_text_color": "Farve",
	"gui.mtr.part_display_text_color_cjk": "CJK/Ikke-CJK Farve",
	"gui.mtr.part_display_type_destination": "Type: Destination",
	"gui.mtr.part_display_type_next_station_kcr": "Type: Næste Station (KCR)",
	"gui.mtr.part_display_type_next_station_mtr": "Type: Næste Station (MTR)",
	"gui.mtr.part_display_type_next_station_plain": "Type: Næste Station",
	"gui.mtr.part_display_type_next_station_uk": "Type: Næste Station (UK)",
	"gui.mtr.part_display_type_route_number": "Type: Rutenummer",
	"gui.mtr.part_display_x_padding": "X Padding: %s",
	"gui.mtr.part_display_y_padding": "Y Padding: %s",
	"gui.mtr.part_door_offset_left_negative": "Dørforskydning: -Venstre",
	"gui.mtr.part_door_offset_left_positive": "Dørforskydning: +Venstre",
	"gui.mtr.part_door_offset_none": "Dørforskydning: Ingen",
	"gui.mtr.part_door_offset_right_negative": "Dørforskydning: -Højre",
	"gui.mtr.part_door_offset_right_positive": "Dørforskydning: +Højre",
	"gui.mtr.part_is_display": "Er Visning",
	"gui.mtr.part_mirror": "Spejlet",
	"gui.mtr.part_positions": "Positioner",
	"gui.mtr.part_render_condition_all": "Gengivelse: Altid",
	"gui.mtr.part_render_condition_door_left_closed": "Gengivelse: Venstre Døre Lukket",
	"gui.mtr.part_render_condition_door_left_open": "Gengivelse: Venstre Døre Åbne",
	"gui.mtr.part_render_condition_door_right_closed": "Gengivelse: Højre Døre Lukket",
	"gui.mtr.part_render_condition_door_right_open": "Gengivelse: Højre Døre Åbne",
	"gui.mtr.part_render_condition_doors_closed": "Gengivelse: Døre Lukket",
	"gui.mtr.part_render_condition_doors_open": "Gengivelse: Døre Åbne",
	"gui.mtr.part_render_condition_moving_backwards": "Gengivelse: Flytter Tilbage",
	"gui.mtr.part_render_condition_moving_forwards": "Gengivelse: Flytter Fremad",
	"gui.mtr.part_skip_rendering_if_too_far": "Skjul Hvis Fjernt",
	"gui.mtr.part_stage_always_on_lights": "Lys (Altid Til)",
	"gui.mtr.part_stage_exterior": "Udvendigt",
	"gui.mtr.part_stage_interior": "Indvendigt",
	"gui.mtr.part_stage_interior_translucent": "Indvendigt (Gennemsigtigt)",
	"gui.mtr.part_stage_lights": "Lys",
	"gui.mtr.part_whitelisted_cars": "Tilladte Vogne",
	"gui.mtr.path_found": "Stien er oprettet",
	"gui.mtr.path_not_found_between": "Stien blev ikke fundet på|> %s|mellem|>%s|og|> %s|",
	"gui.mtr.path_not_generated": "Sti ikke genereret",
	"gui.mtr.percentage_complete_bridge": "Bygger Bro (%s%%)",
	"gui.mtr.percentage_complete_tunnel": "Bygger Tunnel (%s%%)",
	"gui.mtr.percentage_complete_tunnel_wall": "Bygger Tunnelvæg (%s%%)",
	"gui.mtr.pids_message": "Tilpasset PIDS Besked",
	"gui.mtr.platform": "Platform %s",
	"gui.mtr.platform_number": "Platform Number",
	"gui.mtr.platform_or_siding_exists": "Hvert skinnepunkt kan kun tilsluttes én platform eller sidesporing",
	"gui.mtr.press_to_select_floor": "Tryk %s for at vælge gulv",
	"gui.mtr.psd_apg_door_locked": "Låst Dør",
	"gui.mtr.psd_apg_door_unlocked": "Ulåst Dør",
	"gui.mtr.radius_too_small": "Kunne ikke forbinde skinnen; radius skal være mindst 2",
	"gui.mtr.rail_action_bridge": "Bro af %s (%s blokke lang, %s)",
	"gui.mtr.rail_action_tunnel": "Tunnel af %s (%s blokke lang)",
	"gui.mtr.rail_action_tunnel_wall": "Tunnelvæg af %s (%s blokke lang, %s)",
	"gui.mtr.rail_actions": "Aktuelle Bygningshandlinger",
	"gui.mtr.rail_actions_button": "Handlinger...",
	"gui.mtr.rail_not_found": "Kunne ikke oprette signal; jernbane ikke fundet",
	"gui.mtr.rail_not_found_action": "Kunne ikke udføre handling; jernbane ikke fundet",
	"gui.mtr.refresh_path": "Opdater Sti",
	"gui.mtr.repeat_indefinitely": "Gentag Instruktioner For Evigt",
	"gui.mtr.reset_sign": "Nulstil",
	"gui.mtr.right": "Højre",
	"gui.mtr.rotate_anticlockwise": "Rotér Mod Uret",
	"gui.mtr.rotate_clockwise": "Roter med uret",
	"gui.mtr.route_color": "Rutefarve",
	"gui.mtr.route_name": "Rutenavn",
	"gui.mtr.route_type_boat_high_speed": "Type: Hurtig Færge",
	"gui.mtr.route_type_boat_light_rail": "Type: Krydstogt",
	"gui.mtr.route_type_boat_normal": "Type: Færge",
	"gui.mtr.route_type_train_high_speed": "Type: Høj Hastighed",
	"gui.mtr.route_type_train_light_rail": "Type: Letbane",
	"gui.mtr.route_type_train_normal": "Type: Normal",
	"gui.mtr.routes": "Ruter",
	"gui.mtr.s": "s",
	"gui.mtr.schedule_mode_real_time_off": "Tidsplan: Minecraft Tid",
	"gui.mtr.schedule_mode_real_time_on": "Tidsplan: Real Tid",
	"gui.mtr.search": "Søg",
	"gui.mtr.select_all_platforms": "Vis ankomster fra alle platforme",
	"gui.mtr.selected": "Valgt",
	"gui.mtr.selected_vehicle": "Valgt Køretøj",
	"gui.mtr.separator": "/",
	"gui.mtr.separator_cjk": "/",
	"gui.mtr.settings": "Indstillinger",
	"gui.mtr.siding_number": "Togsporings Nummer",
	"gui.mtr.sidings_in_depot": "Togsporinger i dette depot: %s",
	"gui.mtr.sound_file": "Lyd Fil",
	"gui.mtr.station": "%s Station",
	"gui.mtr.station_cjk": "%s站",
	"gui.mtr.station_color": "Stations Farve",
	"gui.mtr.station_name": "Stationsnavn",
	"gui.mtr.stations": "Stationer",
	"gui.mtr.stopped_only": "Kun Stoppede Køretøjer",
	"gui.mtr.support": "Støtte",
	"gui.mtr.this_station": "Denne station er %s",
	"gui.mtr.this_station_cjk": "本站是%s",
	"gui.mtr.to": "til %s",
	"gui.mtr.to_cjk": "往%s",
	"gui.mtr.tph": "/hr",
	"gui.mtr.train_schedule_sensor": "Ankomstforskydning (Sekunder)",
	"gui.mtr.transport_mode_airplane": "Type: Fly",
	"gui.mtr.transport_mode_boat": "Type: Båd",
	"gui.mtr.transport_mode_cable_car": "Type: Svævebane",
	"gui.mtr.transport_mode_train": "Type: Tog",
	"gui.mtr.unlimited": "Ubegrænset",
	"gui.mtr.unlimited_vehicles": "Ubegrænsede Køretøjer",
	"gui.mtr.untitled": "Unavngivet",
	"gui.mtr.use_time_and_wind_sync": "Synkroniser automatisk tid ved brug af Time & Wind Mod",
	"gui.mtr.used_model_parts": "Brugte Modeldele",
	"gui.mtr.vehicle_brightness": "Lysstyrke: %s%%",
	"gui.mtr.vehicle_cars": "Vogne: %s",
	"gui.mtr.vehicle_direction_backwards": "Retning: Baglæns",
	"gui.mtr.vehicle_direction_forwards": "Retning: Fremad",
	"gui.mtr.vehicle_door_max": "Dør: %s",
	"gui.mtr.vehicle_length": "Længde: %s",
	"gui.mtr.vehicle_speed": "Hastighed: %s m/s (%s km/h)",
	"gui.mtr.vehicle_width": "Bredde: %s",
	"gui.mtr.vehicles_per_hour": "Køretøjer Pr. Time",
	"gui.mtr.welcome_station": "Velkommen til %s Station.",
	"gui.mtr.welcome_station_cjk": "歡迎光臨%s站。",
	"gui.mtr.zone": "Fare Zone",
	"gui.mtr.zone_number": "Zone %s",
	"item.mtr.apg_door": "Automatiske Platform-Døre",
	"item.mtr.apg_glass": "Automatiske Platform-Døre",
	"item.mtr.apg_glass_end": "Automatiske Platform-Døre",
	"item.mtr.bridge_creator_3": "Bro Skaber",
	"item.mtr.bridge_creator_5": "Bro Skaber",
	"item.mtr.bridge_creator_7": "Bro Skaber",
	"item.mtr.bridge_creator_9": "Bro Skaber",
	"item.mtr.brush": "Pensel",
	"item.mtr.dashboard": "Jernbane Kontrolpanel",
	"item.mtr.dashboard_2": "Båd Instrumentbræt",
	"item.mtr.dashboard_3": "Svævebane Instrumentbræt",
	"item.mtr.dashboard_4": "Flyrejsekontrolpanel",
	"item.mtr.driver_key": "Førernøgle",
	"item.mtr.escalator": "Rulletrappe",
	"item.mtr.lift_buttons_link_connector": "Lift / Elevatorknappers Link Forbinder",
	"item.mtr.lift_buttons_link_remover": "Lift / Elevatorknappers Link Fjerner",
	"item.mtr.lift_door_1": "Lift / Elevatordøre",
	"item.mtr.lift_door_odd_1": "Lift / Elevatordøre",
	"item.mtr.lift_refresher": "Lift / Elevator Genopfrisker",
	"item.mtr.psd_door": "Platformskærm Døre",
	"item.mtr.psd_door_2": "Platformskærm Døre",
	"item.mtr.psd_glass": "Platformskærm Døre",
	"item.mtr.psd_glass_2": "Platformskærm Døre",
	"item.mtr.psd_glass_end": "Platformskærm Døre",
	"item.mtr.psd_glass_end_2": "Platformskærm Døre",
	"item.mtr.rail_connector_120": "Obsidian Skinnekobler",
	"item.mtr.rail_connector_120_one_way": "Obsidian Skinnekobler (Envejs)",
	"item.mtr.rail_connector_160": "Blaze Skinnekobler",
	"item.mtr.rail_connector_160_one_way": "Blaze Skinnekobler (Envejs)",
	"item.mtr.rail_connector_20": "Træ Skinnekobler",
	"item.mtr.rail_connector_200": "Kvarts Skinnekobler",
	"item.mtr.rail_connector_200_one_way": "Kvarts Skinnekobler (Envejs)",
	"item.mtr.rail_connector_20_one_way": "Træ Skinnekobler (Envejs)",
	"item.mtr.rail_connector_300": "Diamant Skinnekobler",
	"item.mtr.rail_connector_300_one_way": "Diamant Skinnekobler (Envejs)",
	"item.mtr.rail_connector_40": "Sten Skinnekobler",
	"item.mtr.rail_connector_40_one_way": "Sten Skinnekobler (Envejs)",
	"item.mtr.rail_connector_60": "Emerald Skinnekobler",
	"item.mtr.rail_connector_60_one_way": "Emerald Skinnekobler (Envejs)",
	"item.mtr.rail_connector_80": "Jern Skinnekobler",
	"item.mtr.rail_connector_80_one_way": "Jern Skinnekobler (Envejs)",
	"item.mtr.rail_connector_cable_car": "Svævebane Forbinder",
	"item.mtr.rail_connector_platform": "Platforms Skinne Forbinder",
	"item.mtr.rail_connector_runway": "Runway-skinne Forbinder",
	"item.mtr.rail_connector_siding": "Sidespors Forbinder",
	"item.mtr.rail_connector_turn_back": "Drej Tilbage Skinne Forbinder",
	"item.mtr.rail_remover": "Skinne fjerner",
	"item.mtr.resource_pack_creator": "Ressourcepakke Skaber",
	"item.mtr.signal_connector_black": "Sort Signal Forbinder",
	"item.mtr.signal_connector_blue": "Blåt Signal Forbinder",
	"item.mtr.signal_connector_brown": "Brunt Signal Forbinder",
	"item.mtr.signal_connector_cyan": "Cyan Signal Forbinder",
	"item.mtr.signal_connector_gray": "Gråt Signal Forbinder",
	"item.mtr.signal_connector_green": "Grønt Signal Forbinder",
	"item.mtr.signal_connector_light_blue": "Lyseblåt Signal Forbinder",
	"item.mtr.signal_connector_light_gray": "Lysegråt Signal Forbinder",
	"item.mtr.signal_connector_lime": "Limegrønt Signal Forbinder",
	"item.mtr.signal_connector_magenta": "Magentarødt Signal Forbinder",
	"item.mtr.signal_connector_orange": "Orange Signal Forbinder",
	"item.mtr.signal_connector_pink": "Lyserødt Signal Forbinder",
	"item.mtr.signal_connector_purple": "Lilla Signal Forbinder",
	"item.mtr.signal_connector_red": "Rødt Signal Forbinder",
	"item.mtr.signal_connector_white": "Hvidt Signal Forbinder",
	"item.mtr.signal_connector_yellow": "Gult Signal Forbinder",
	"item.mtr.signal_remover_black": "Sort Signal Fjerner",
	"item.mtr.signal_remover_blue": "Blåt Signal Fjerner",
	"item.mtr.signal_remover_brown": "Brunt Signal Fjerner",
	"item.mtr.signal_remover_cyan": "Cyan Signal Fjerner",
	"item.mtr.signal_remover_gray": "Gråt Signal Fjerner",
	"item.mtr.signal_remover_green": "Grønt Signal Fjerner",
	"item.mtr.signal_remover_light_blue": "Lyseblåt Signal Fjerner",
	"item.mtr.signal_remover_light_gray": "Lysegrå Signalfjerner",
	"item.mtr.signal_remover_lime": "Limegrøn Signalfjerner",
	"item.mtr.signal_remover_magenta": "Magenta Signalfjerner",
	"item.mtr.signal_remover_orange": "Orange Signalfjerner",
	"item.mtr.signal_remover_pink": "Lyserød Signalfjerner",
	"item.mtr.signal_remover_purple": "Lilla Signalfjerner",
	"item.mtr.signal_remover_red": "Rød Signalfjerner",
	"item.mtr.signal_remover_white": "Hvid Signalfjerner",
	"item.mtr.signal_remover_yellow": "Gul Signalfjerner",
	"item.mtr.tunnel_creator_4_3": "Tunnel Skaber",
	"item.mtr.tunnel_creator_4_5": "Tunnel Skaber",
	"item.mtr.tunnel_creator_4_7": "Tunnel Skaber",
	"item.mtr.tunnel_creator_4_9": "Tunnel Skaber",
	"item.mtr.tunnel_creator_5_3": "Tunnel Skaber",
	"item.mtr.tunnel_creator_5_5": "Tunnel Skaber",
	"item.mtr.tunnel_creator_5_7": "Tunnel Skaber",
	"item.mtr.tunnel_creator_5_9": "Tunnel Skaber",
	"item.mtr.tunnel_creator_6_3": "Tunnel Skaber",
	"item.mtr.tunnel_creator_6_5": "Tunnel Skaber",
	"item.mtr.tunnel_creator_6_7": "Tunnel Skaber",
	"item.mtr.tunnel_creator_6_9": "Tunnel Skaber",
	"item.mtr.tunnel_wall_creator_4_3": "Tunnel Væg Skaber",
	"item.mtr.tunnel_wall_creator_4_5": "Tunnel Væg Skaber",
	"item.mtr.tunnel_wall_creator_4_7": "Tunnel Væg Skaber",
	"item.mtr.tunnel_wall_creator_4_9": "Tunnel Væg Skaber",
	"item.mtr.tunnel_wall_creator_5_3": "Tunnel Væg Skaber",
	"item.mtr.tunnel_wall_creator_5_5": "Tunnel Væg Skaber",
	"item.mtr.tunnel_wall_creator_5_7": "Tunnel Væg Skaber",
	"item.mtr.tunnel_wall_creator_5_9": "Tunnel Væg Skaber",
	"item.mtr.tunnel_wall_creator_6_3": "Tunnel Væg Skaber",
	"item.mtr.tunnel_wall_creator_6_5": "Tunnel Væg Skaber",
	"item.mtr.tunnel_wall_creator_6_7": "Tunnel Væg Skaber",
	"item.mtr.tunnel_wall_creator_6_9": "Tunnel Væg Skaber",
	"itemGroup.mtr.core": "Minecraft Transit Railway Core",
	"itemGroup.mtr.escalators_lifts": "Rulletrapper og Lifte /Elevatorer",
	"itemGroup.mtr.railway_facilities": "Jernbanefaciliteter",
	"itemGroup.mtr.station_building_blocks": "Station Bygge Blokke",
	"key.mtr.debug_1_negative": "Debugfelt 1 (Træk fra)",
	"key.mtr.debug_1_positive": "Debugfelt 1 (Læg til)",
	"key.mtr.debug_2_negative": "Debugfelt 2 (Træk fra)",
	"key.mtr.debug_2_positive": "Debugfelt 2 (Læg til)",
	"key.mtr.debug_3_negative": "Debugfelt 3 (Træk fra)",
	"key.mtr.debug_3_positive": "Debugfelt 3 (Læg til)",
	"key.mtr.debug_cycle_negative": "Cykler Debugkategori (Baglæns)",
	"key.mtr.debug_cycle_positive": "Cykler Debugkategori (Forlæns)",
	"key.mtr.lift_menu": "Åben Lift / Elevator Gulvmarkering",
	"key.mtr.train_accelerate": "Accelerer Køretøj",
	"key.mtr.train_brake": "Brems Køretøj",
	"key.mtr.train_toggle_doors": "Skifte Døre",
	"options.mtr.anonymous": "Anonym",
	"options.mtr.dynamic_texture_resolution": "Dynamisk tekstur opløsning (højere værdier kan crashe!)",
	"options.mtr.hide_special_rail_colors": "Skjul specielle jernbanefarver",
	"options.mtr.hide_translucent_parts": "Skjul gennemsigtige dele på køretøjer",
	"options.mtr.language_options": "Sprogvisning på skilte",
	"options.mtr.language_options_0": "Standard",
	"options.mtr.language_options_1": "Kun CJK",
	"options.mtr.language_options_2": "Ikke-CJK",
	"options.mtr.off": "Fra",
	"options.mtr.on": "Til",
	"options.mtr.shift_to_toggle_sitting": "Brug %s for at skifte sidende i køretøjer",
	"options.mtr.show_announcement_messages": "Vis \"næste station\" beskeder i chat",
	"options.mtr.support_patreon": "Støt mod på Patreon!",
	"options.mtr.track_texture_offset": "Spor Teksturforskydning",
	"options.mtr.use_dynamic_fps": "Boost FPS dynamisk",
	"options.mtr.use_mtr_font": "Brug brugerdefinerede MTR skrifttyper (virker måske ikke på nogle computere)",
	"options.mtr.use_tts_announcements": "Aktiver \"næste station\" tekst-til-tale meddelelser",
	"options.mtr.vehicle_render_distance_ratio": "Gengivelse af køretøj til Minecraft gengivelses afstandsforhold",
	"sign.mtr.airport": "Lufthavn",
	"sign.mtr.airport_arrivals": "Ankomster",
	"sign.mtr.airport_arrivals_cjk": "抵港",
	"sign.mtr.airport_cjk": "機場",
	"sign.mtr.airport_departures": "Afgange",
	"sign.mtr.airport_departures_cjk": "離港",
	"sign.mtr.airport_express": "Tog til Lufthavn",
	"sign.mtr.airport_express_city": "Tog til By",
	"sign.mtr.airport_express_city_cjk": "往市區列車",
	"sign.mtr.airport_express_cjk": "往機場列車",
	"sign.mtr.airport_transfer": "Skift",
	"sign.mtr.airport_transfer_cjk": "轉機",
	"sign.mtr.baggage_claim": "Baggage Afhentning",
	"sign.mtr.baggage_claim_cjk": "提取行李",
	"sign.mtr.boat": "Færger",
	"sign.mtr.boat_cjk": "渡輪",
	"sign.mtr.cable_car": "Svævebane",
	"sign.mtr.cable_car_cjk": "纜車",
	"sign.mtr.check_in_passengers": "Check-in Passagerer",
	"sign.mtr.check_in_passengers_cjk": "登機乘客",
	"sign.mtr.cross": "Ingen Indgang",
	"sign.mtr.cross_cjk": "不准進入",
	"sign.mtr.customer_service_centre": "Kundeservice Center",
	"sign.mtr.customer_service_centre_cjk": "客務中心",
	"sign.mtr.emergency_exit": "Nødudgang",
	"sign.mtr.emergency_exit_cjk": "緊急出口",
	"sign.mtr.escalator_to_concourse_down": "Kun Til Tilknytning",
	"sign.mtr.escalator_to_concourse_down_cjk": "直落大堂",
	"sign.mtr.escalator_to_concourse_up": "Kun Til Tilknytning",
	"sign.mtr.escalator_to_concourse_up_cjk": "直上大堂",
	"sign.mtr.female": "Dame Toilet",
	"sign.mtr.female_cjk": "女洗手間",
	"sign.mtr.in_town_check_in": "In-town Check-in",
	"sign.mtr.in_town_check_in_cjk": "市區預辦登機",
	"sign.mtr.lift_1": "Elevator",
	"sign.mtr.lift_1_cjk": "升降機",
	"sign.mtr.lift_2": "Elevator",
	"sign.mtr.lift_2_cjk": "升降機",
	"sign.mtr.light_rail_1": "Light Rail",
	"sign.mtr.light_rail_1_cjk": "輕鐵",
	"sign.mtr.light_rail_2": "Light Rail",
	"sign.mtr.light_rail_2_cjk": "輕鐵",
	"sign.mtr.light_rail_3": "Light Rail",
	"sign.mtr.light_rail_3_cjk": "輕鐵",
	"sign.mtr.light_rail_4": "Light Rail",
	"sign.mtr.light_rail_4_cjk": "輕鐵",
	"sign.mtr.logo": "Minecraft Transit Railway",
	"sign.mtr.logo_cjk": "我的世界鐵路",
	"sign.mtr.male": "Herre Toilet",
	"sign.mtr.male_cjk": "男洗手間",
	"sign.mtr.platform": "Platform",
	"sign.mtr.platform_cjk": "月台",
	"sign.mtr.sp1900": "Tog",
	"sign.mtr.sp1900_cjk": "列車",
	"sign.mtr.station": "Station",
	"sign.mtr.station_cjk": "車站",
	"sign.mtr.tickets": "Biletter",
	"sign.mtr.tickets_cjk": "車票",
	"sign.mtr.toilets": "Toiletter",
	"sign.mtr.toilets_cjk": "洗手間",
	"sign.mtr.train": "Tog",
	"sign.mtr.train_cjk": "列車",
	"sign.mtr.train_old": "Tog",
	"sign.mtr.train_old_cjk": "列車",
	"sign.mtr.wheelchair": "Toiletter",
	"sign.mtr.wheelchair_cjk": "洗手間",
	"sign.mtr.wifi": "Gratis Wi-Fi Hotspot",
	"sign.mtr.wifi_cjk": "免費Wi-Fi熱點",
	"sign.mtr.xrl_1": "High Speed Rail",
	"sign.mtr.xrl_1_cjk": "高速鐵路",
	"sign.mtr.xrl_2": "High Speed Rail",
	"sign.mtr.xrl_2_cjk": "高速鐵路",
	"sign.mtr.yellow_head_1": "Tog",
	"sign.mtr.yellow_head_1_cjk": "火車",
	"sign.mtr.yellow_head_2": "Tog",
	"sign.mtr.yellow_head_2_cjk": "火車",
	"tooltip.block.mtr.glass_fence_cio": "City One",
	"tooltip.block.mtr.glass_fence_ckt": "Che Kung Temple",
	"tooltip.block.mtr.glass_fence_heo": "Heng On",
	"tooltip.block.mtr.glass_fence_mos": "Ma On Shan",
	"tooltip.block.mtr.glass_fence_plain": "Glasrude",
	"tooltip.block.mtr.glass_fence_shm": "Shek Mun",
	"tooltip.block.mtr.glass_fence_stained": "Farvet Glasrude",
	"tooltip.block.mtr.glass_fence_stw": "Sha Tin Wai",
	"tooltip.block.mtr.glass_fence_tsh": "Tai Shui Hang",
	"tooltip.block.mtr.glass_fence_wks": "Wu Kai Sha",
	"tooltip.mtr.cable_car_node": "Ingen platform og sidespor\nKun lige forbindelser",
	"tooltip.mtr.cable_car_node_station": "Platforme og sidespor kan oprettes\nKurver kan oprettes",
	"tooltip.mtr.pole_placement": "Skal placeres oven på en eksisterende\n%s",
	"tooltip.mtr.psd_apg_door": "Dør Sektion",
	"tooltip.mtr.psd_apg_door_2": "Dør Sektion",
	"tooltip.mtr.psd_apg_glass": "Glas Sektion",
	"tooltip.mtr.psd_apg_glass_2": "Glas Sektion",
	"tooltip.mtr.psd_apg_glass_end": "Glas Slutsektion",
	"tooltip.mtr.rail_action_depth": "Dybde %s",
	"tooltip.mtr.rail_action_height": "Højde: %s",
	"tooltip.mtr.rail_action_width": "Bredde: %s",
	"tooltip.mtr.rail_speed_limit": "Hastighedsgrænse: %s",
	"tooltip.mtr.railway_sign_even": "Orientering: Lige",
	"tooltip.mtr.railway_sign_length": "Længde: %s",
	"tooltip.mtr.railway_sign_odd": "Orientering: Ulige",
	"tooltip.mtr.selected_block": "Valgt Block: %s",
	"tooltip.mtr.selected_material": "Valgt Materiale: %s",
	"tooltip.mtr.shift_right_click_to_clear": "Hold %s og tryk on|a %s for at nulstille",
	"tooltip.mtr.shift_right_click_to_select_material": "Hold %s og tryk på en blok til at vælge materiale",
	"tooltip.mtr.station_color": "Farve afhænger af stationen",
	"tooltip.mtr.station_color_name": "Farve og tekst afhænger af stationen",
	"train.mtr.a320": "Airbus A320",
	"train.mtr.a_train_ael": "CAF Airport Ekspress",
	"train.mtr.a_train_ael_mini": "CAF Airport Ekspress (Mini)",
	"train.mtr.a_train_tcl": "CAF Tung Chung Line",
	"train.mtr.a_train_tcl_mini": "CAF Tung Chung Line (Mini)",
	"train.mtr.a_train_tcl_small": "CAF Tung Chung Line (Small)",
	"train.mtr.acacia_boat": "Akaciebåd",
	"train.mtr.birch_boat": "Birkebåd",
	"train.mtr.br_423": "DB BR 423",
	"train.mtr.c1141a": "1141A / TML C-Tog",
	"train.mtr.c1141a_mini": "1141A / TML C-Tog (Mini)",
	"train.mtr.c1141a_small": "1141A / TML C-Tog (Lille)",
	"train.mtr.c_train": "C-Tog",
	"train.mtr.c_train_mini": "C-Tog (Mini)",
	"train.mtr.c_train_small": "C-tog (Lille)",
	"train.mtr.class_377_southern": "British Rail Class 377 (Sydlig)",
	"train.mtr.class_802_gwr": "British Rail Class 802 (GWR)",
	"train.mtr.class_802_gwr_mini": "British Rail Class 802 (GWR, Mini)",
	"train.mtr.class_802_tpe": "British Rail Class 802 (TPE)",
	"train.mtr.class_802_tpe_mini": "British Rail Class 802 (TPE, Mini)",
	"train.mtr.cm_stock": "Metro-Cammell Toget (Urenoveret M-Tog)",
	"train.mtr.cm_stock_mini": "Metro-Cammell Toget (Urenoveret M-Tog, Mini)",
	"train.mtr.cm_stock_small": "Metro-Cammell Toget (Urenoveret M-Tog, Lille)",
	"train.mtr.dark_oak_boat": "Mørk Egetræsbåd",
	"train.mtr.drl": "Disneyland Resort Line Tog",
	"train.mtr.e44": "KCR E44 (Gult Hoved)",
	"train.mtr.e44_mini": "KCR E44 (Gul Hoved, Mini)",
	"train.mtr.flying_minecart": "Flyvende Minevogn",
	"train.mtr.jungle_boat": "Jungletræsbåd",
	"train.mtr.k_train": "K-Tog",
	"train.mtr.k_train_ael": "K-Tog Lufthavn Ekspress",
	"train.mtr.k_train_ael_mini": "K-Tog Lufthavn Ekspress (Mini)",
	"train.mtr.k_train_ael_small": "K-Tog Lufthavn Ekspress (Lille)",
	"train.mtr.k_train_mini": "K-Tog (Mini)",
	"train.mtr.k_train_small": "K-Tog (Lille)",
	"train.mtr.k_train_tcl": "K-Tog Tung Chung Line",
	"train.mtr.k_train_tcl_mini": "K-Tog Tung Chung-Line (Mini)",
	"train.mtr.k_train_tcl_small": "K-Tog Tung Chung Line (Lille)",
	"train.mtr.light_rail_1": "Letbane (Fase 1, LHT)",
	"train.mtr.light_rail_1_orange": "Letbane (Fase 1, Orange Livery, LHT)",
	"train.mtr.light_rail_1_orange_rht": "Letbane (Fase 1, Orange Livery, RHT)",
	"train.mtr.light_rail_1_rht": "Letbane (Fase 1, RHT)",
	"train.mtr.light_rail_1r": "Letbane (Fase 1 Renoveret, LHT)",
	"train.mtr.light_rail_1r_old": "Letbane (Fase 1 Renoveret, Blå Livery, LHT)",
	"train.mtr.light_rail_1r_old_rht": "Letbnae (Fase 1 Renoveret, Blå Livery, RHT)",
	"train.mtr.light_rail_1r_orange": "Letbane (Fase 1 Renoveret, Orange Livery, LHT)",
	"train.mtr.light_rail_1r_orange_rht": "Letbane (Fase 1 Renoveret, Orange Livery, RHT)",
	"train.mtr.light_rail_1r_rht": "Letbane (Fase 1 Renoveret, RHT)",
	"train.mtr.light_rail_2": "Letbane (Fase 2, LHT)",
	"train.mtr.light_rail_2r": "Letbane (Fase 2 Renoveret, LHT)",
	"train.mtr.light_rail_2r_rht": "Letbane (Fase 2 Renoveret, RHT)",
	"train.mtr.light_rail_2_orange": "Letbane (Fase 2, Orange Livery, LHT)",
	"train.mtr.light_rail_2_orange_rht": "Letbane (Fase 2, Orange Livery, RHT)",
	"train.mtr.light_rail_2_rht": "Letbane (Fase 2, RHT)",
	"train.mtr.light_rail_3": "Letbane (Fase 3, LHT)",
	"train.mtr.light_rail_3r": "Letbane (Fase 3 Renoveret, LHT)",
	"train.mtr.light_rail_3r_rht": "Letbane (Fase 3 Renoveret, RHT)",
	"train.mtr.light_rail_3_orange": "Letbane (Fase 3, Orange Livery, LHT)",
	"train.mtr.light_rail_3_orange_rht": "Letbane (Fase 3, Orange Livery, RHT)",
	"train.mtr.light_rail_3_rht": "Letbane (Fase 3, RHT)",
	"train.mtr.light_rail_4": "Letbane (Fase 4, LHT)",
	"train.mtr.light_rail_4_old": "Letbane (Fase 4, Blå Livery, LHT)",
	"train.mtr.light_rail_4_old_rht": "Letbane (Fase 4, Blå Livery, RHT)",
	"train.mtr.light_rail_4_orange": "Letbane (Fase 4, Orange Livery, LHT)",
	"train.mtr.light_rail_4_orange_rht": "Letbane (Fase 4, Orange Livery, RHT)",
	"train.mtr.light_rail_4_rht": "Letbane (Fase 4, RHT)",
	"train.mtr.light_rail_5": "Letbane (Fase 5, LHT)",
	"train.mtr.light_rail_5_old": "Letbane (Fase 5, Blå Livery, LHT)",
	"train.mtr.light_rail_5_old_rht": "Letbane (Fase 5, Blå Livery, RHT)",
	"train.mtr.light_rail_5_orange": "Letbane (Fase 5, Orange Livery, LHT)",
	"train.mtr.light_rail_5_orange_rht": "Letbane (Fase 5, Orange Livery, RHT)",
	"train.mtr.light_rail_5_rht": "Letbane (Fase 5, RHT)",
	"train.mtr.london_underground_1995": "London Undergrund 1995 Beholdning",
	"train.mtr.london_underground_1996": "London Undergrund 1996 Beholdning",
	"train.mtr.london_underground_d78": "London Undergrund D78 Beholdning",
	"train.mtr.london_underground_d78_mini": "London Undergrund D78 Beholdning (Mini)",
	"train.mtr.m_train": "M-Tog",
	"train.mtr.m_train_mini": "M-Tog (Mini)",
	"train.mtr.m_train_small": "M-Tog (Lille)",
	"train.mtr.minecart": "Minevogn",
	"train.mtr.mlr": "MLR Tog",
	"train.mtr.mlr_christmas": "MLR Tog Juleudgave",
	"train.mtr.mlr_christmas_mini": "MLR Tog Juleudgave (Mini)",
	"train.mtr.mlr_christmas_small": "MLR Tog Juledgave (Lille)",
	"train.mtr.mlr_mini": "MLR Tog (Mini)",
	"train.mtr.mlr_small": "MLR Tog (Lille)",
	"train.mtr.mpl_85": "MPL 85",
	"train.mtr.ngong_ping_360_crystal": "Ngong Ping 360 Crystal Cabin (LHT)",
	"train.mtr.ngong_ping_360_crystal_rht": "Ngong Ping 360 Crystal Cabin (LHT)",
	"train.mtr.ngong_ping_360_crystal_plus": "Ngong Ping 360 Crystal+ Cabin (LHT)",
	"train.mtr.ngong_ping_360_crystal_plus_rht": "Ngong Ping 360 Crystal+ Cabin (RHT)",
	"train.mtr.ngong_ping_360_normal_light_blue": "Ngong Ping 360 (Lyseblå, LHT)",
	"train.mtr.ngong_ping_360_normal_light_blue_rht": "Ngong Ping 360 (Lyseblå, RHT)",
	"train.mtr.ngong_ping_360_normal_orange": "Ngong Ping 360 (Orange, LHT)",
	"train.mtr.ngong_ping_360_normal_orange_rht": "Ngong Ping 360 (Orange, RHT)",
	"train.mtr.ngong_ping_360_normal_red": "Ngong Ping 360 (Rød, LHT)",
	"train.mtr.ngong_ping_360_normal_red_rht": "Ngong Ping 360 (Rød, RHT)",
	"train.mtr.oak_boat": "Egebåd",
	"train.mtr.r179": "R179 (New York City Subway)",
	"train.mtr.r179_mini": "R179 (New York City Subway, Mini)",
	"train.mtr.r211": "R211 (New York City Subway)",
	"train.mtr.r211_mini": "R211 (New York City Subway, Mini)",
	"train.mtr.r211t": "R211T (New York City Subway)",
	"train.mtr.r211t_mini": "R211T (New York City Subway, Mini)",
	"train.mtr.r_train": "R-Tog",
	"train.mtr.r_train_mini": "R-Tog (Mini)",
	"train.mtr.r_train_small": "R-Tog (Lille)",
	"train.mtr.s_train": "S-Tog",
	"train.mtr.s_train_mini": "S-Tog (Mini)",
	"train.mtr.s_train_small": "S-Tog (Lille)",
	"train.mtr.sp1900": "SP1900",
	"train.mtr.sp1900_mini": "SP1900 (Mini)",
	"train.mtr.sp1900_small": "SP1900 (Lille)",
	"train.mtr.spruce_boat": "Granbåd"
}
