{
	"block.minecraft.bedrock_slab": "Grundgesteinstufe",
	"block.minecraft.birch_wood_slab": "Birkenholzstufe",
	"block.minecraft.bone_block_slab": "Knochenstufe",
	"block.minecraft.chiseled_quartz_block_slab": "Gemeißelte Quarzstufe",
	"block.minecraft.chiseled_stone_bricks_slab": "Gemeißelte Steinziegelstufe",
	"block.minecraft.clay_slab": "Tonstufe",
	"block.minecraft.coal_ore_slab": "Kohleerzstufe",
	"block.minecraft.concrete": "Beton",
	"block.minecraft.concrete_powder": "Trockenbeton",
	"block.minecraft.concrete_powder_slab": "Trockenbetonstufe",
	"block.minecraft.concrete_slab": "Betonstufe",
	"block.minecraft.cracked_stone_bricks_slab": "Rissige Steinziegelstufe",
	"block.minecraft.gravel_slab": "Kiesstufe",
	"block.minecraft.iron_block_slab": "Eisenblockstufe",
	"block.minecraft.metal": "Metallblock",
	"block.minecraft.metal_slab": "Metallstufe",
	"block.minecraft.planks": "Holzbretter",
	"block.minecraft.planks_slab": "Holzbrettstufe",
	"block.minecraft.purpur_block_slab": "Purpurstufe",
	"block.minecraft.purpur_pillar_slab": "Purpursäulenstufe",
	"block.minecraft.quartz_block_slab": "Quarzstufe",
	"block.minecraft.quartz_bricks_slab": "Quarzziegelstufe",
	"block.minecraft.quartz_pillar_slab": "Quartzsäulenstufe",
	"block.minecraft.snow_block_slab": "Schneestufe",
	"block.minecraft.stained_glass": "Gefärbtes Glas",
	"block.minecraft.stained_glass_slab": "Gefärbte Glasstufe",
	"block.minecraft.stone_bricks_slab": "Steinziegelstufe",
	"block.minecraft.wool": "Wolle",
	"block.minecraft.wool_slab": "Wollstufe",
	"block.mtr.airplane_node": "Flugzeugnode",
	"block.mtr.apg_door": "Automatische Bahnsteigtüren",
	"block.mtr.apg_glass": "Automatische Bahnsteigtüren",
	"block.mtr.apg_glass_end": "Automatische Bahnsteigtüren",
	"block.mtr.arrival_projector_1_large": "Ankunftsanzeige (3x3)",
	"block.mtr.arrival_projector_1_medium": "Ankunftsanzeige (3x2)",
	"block.mtr.arrival_projector_1_small": "Ankunftsanzeige (1x1)",
	"block.mtr.boat_node": "Bootstreckenverbindung",
	"block.mtr.cable_car_node_lower": "Seilbahnverbindung",
	"block.mtr.cable_car_node_station": "Seilbahnstationsverbindung",
	"block.mtr.cable_car_node_upper": "Seilbahnverbindung",
	"block.mtr.ceiling": "Deckenelement",
	"block.mtr.ceiling_light": "Deckenelement (mit Licht)",
	"block.mtr.ceiling_no_light": "Deckenelement (ohne Licht)",
	"block.mtr.clock": "Uhr",
	"block.mtr.clock_pole": "Uhrenmast",
	"block.mtr.escalator_side": "Rolltreppe",
	"block.mtr.escalator_step": "Rolltreppe",
	"block.mtr.glass_fence_cio": "Glaswand",
	"block.mtr.glass_fence_ckt": "Glaswand",
	"block.mtr.glass_fence_heo": "Glaswand",
	"block.mtr.glass_fence_mos": "Glaswand",
	"block.mtr.glass_fence_plain": "Glaswand",
	"block.mtr.glass_fence_shm": "Glaswand",
	"block.mtr.glass_fence_stained": "Glaswand",
	"block.mtr.glass_fence_stw": "Glaswand",
	"block.mtr.glass_fence_tsh": "Glaswand",
	"block.mtr.glass_fence_wks": "Glaswand",
	"block.mtr.lift_buttons_1": "Aufzugstasten",
	"block.mtr.lift_door_1": "Aufzugstüren",
	"block.mtr.lift_door_odd_1": "Aufzugstüren",
	"block.mtr.lift_panel_even_1": "Etagendisplay",
	"block.mtr.lift_panel_even_2": "Etagendisplay",
	"block.mtr.lift_panel_odd_1": "Etagendisplay",
	"block.mtr.lift_panel_odd_2": "Etagendisplay",
	"block.mtr.lift_track_1": "Aufzugsschiene",
	"block.mtr.lift_track_floor_1": "Aufzugsebene",
	"block.mtr.logo": "MTR Logo",
	"block.mtr.marble_blue": "Blauer Marmor",
	"block.mtr.marble_blue_slab": "Blaue Marmorstufe",
	"block.mtr.marble_sandy": "Sandiger Marmor",
	"block.mtr.marble_sandy_slab": "Sandige Marmorstufe",
	"block.mtr.metal": "Metall",
	"block.mtr.metal_slab": "Metallstufe",
	"block.mtr.pids_1": "Fahrgastinformationssystem",
	"block.mtr.pids_2": "Fahrgastinformationssystem",
	"block.mtr.pids_3": "Fahrgastinformationssystem",
	"block.mtr.pids_pole": "PIDS Stange",
	"block.mtr.platform": "Bahnsteigkante (Hong Kong)",
	"block.mtr.platform_indented": "Bahnsteigkante (Hong Kong)",
	"block.mtr.platform_na_1": "Bahnsteigkante (Nordamerika)",
	"block.mtr.platform_na_1_indented": "Bahnsteigkante (Nordamerika)",
	"block.mtr.platform_na_2": "Bahnsteigkante (Nordamerika)",
	"block.mtr.platform_na_2_indented": "Bahnsteigkante (Nordamerika)",
	"block.mtr.platform_uk_1": "Bahnsteigkante (Vereinigtes Königreich)",
	"block.mtr.platform_uk_1_indented": "Bahnsteigkante (Vereinigtes Königreich)",
	"block.mtr.psd_door": "Bahnsteigtüren",
	"block.mtr.psd_door_2": "Bahnsteigtüren",
	"block.mtr.psd_glass": "Bahnsteigtüren",
	"block.mtr.psd_glass_2": "Bahnsteigtüren",
	"block.mtr.psd_glass_end": "Bahnsteigtüren",
	"block.mtr.psd_glass_end_2": "Bahnsteigtüren",
	"block.mtr.psd_top": "Glas-Bahnsteigtüren",
	"block.mtr.rail": "Schienenverbindung",
	"block.mtr.railway_sign": "Fahrgastinformationsschild",
	"block.mtr.railway_sign_pole": "Schildstange",
	"block.mtr.route_sign_standing_light": "Streckenverlauf (stehend, mit Licht)",
	"block.mtr.route_sign_standing_metal": "Streckenverlauf (stehend, Metall)",
	"block.mtr.route_sign_wall_light": "Streckenverlauf (an der Wand, mit Licht)",
	"block.mtr.route_sign_wall_metal": "Streckenverlauf (an der Wand, Metall)",
	"block.mtr.rubbish_bin_1": "Mülleimer",
	"block.mtr.signal_light_1": "Lichtsignal (2 Aspekte)",
	"block.mtr.signal_light_2": "Doppelseitiges Lichtsignal (2 Aspekte)",
	"block.mtr.signal_light_3": "Lichtsignal (2 Aspekte)",
	"block.mtr.signal_light_3_aspect_1": "Lichtsignal (3 Aspekte)",
	"block.mtr.signal_light_3_aspect_2": "Doppelseitiges Lichtsignal (3 Aspekte)",
	"block.mtr.signal_light_4": "Doppelseitiges Lichtsignal (2 Aspekte)",
	"block.mtr.signal_light_4_aspect_1": "Lichtsignal (4 Aspekte)",
	"block.mtr.signal_light_4_aspect_2": "Doppelseitiges Lichtsignal (4 Aspekte)",
	"block.mtr.signal_pole": "Signalmast",
	"block.mtr.signal_semaphore_1": "Zeichensignal",
	"block.mtr.signal_semaphore_2": "Doppelseitiges Formsignal",
	"block.mtr.station_name_entrance": "Stationsname (Eingang)",
	"block.mtr.station_name_tall_block": "Stationsname (Hoher Block)",
	"block.mtr.station_name_tall_block_double_sided": "Hoher Block, doppelseitig",
	"block.mtr.station_name_tall_wall": "Stationsname (hoher Wandtext)",
	"block.mtr.station_name_wall": "Stationsname (Wandtext, Weiß)",
	"block.mtr.station_name_wall_black": "Wand Text, Schwarz",
	"block.mtr.station_name_wall_gray": "Wand Text, Grau",
	"block.mtr.station_pole": "Gefärbte Stange (nach Station)",
	"block.mtr.tactile_map": "Taktile Karte",
	"block.mtr.ticket_barrier_entrance_1": "Automatische Ticketkontrolle (Eingang)",
	"block.mtr.ticket_barrier_exit_1": "Automatische Ticketkontrolle (Ausgang)",
	"block.mtr.ticket_machine": "Fahrkartenautomat",
	"block.mtr.ticket_processor": "Ticketbearbeiter",
	"block.mtr.ticket_processor_enquiry": "Guthabenabfrage",
	"block.mtr.ticket_processor_entrance": "Ticketbearbeiter (Eingang)",
	"block.mtr.ticket_processor_exit": "Ticketbearbeiter (Ausgang)",
	"block.mtr.train_announcer": "Ankündiger",
	"block.mtr.train_cargo_loader": "Frachtlader",
	"block.mtr.train_cargo_unloader": "Frachtenentlader",
	"block.mtr.train_schedule_sensor": "Fahrplan Sensor",
	"block.mtr.train_sensor": "Redstone-Sensor",
	"category.mtr.keybinding": "Minecraft Transit Railway Tastenbelegung",
	"entity.mtr.seat": "",
	"gui.mtr.acceleration": "Fahrzeugbeschleunigung",
	"gui.mtr.add_balance_for_emeralds": "Füge $%s für %s Smaragd(e) hinzu",
	"gui.mtr.add_depot": "Depot hinzufügen",
	"gui.mtr.add_exit": "Stationsausgang hinzufügen",
	"gui.mtr.add_exit_destination": "Stationsausgang hinzufügen",
	"gui.mtr.add_route": "Linie hinzufügen",
	"gui.mtr.add_station": "Station hinzufügen",
	"gui.mtr.add_value": "Wert hinzufügen",
	"gui.mtr.already_entered": "Station existiert bereits",
	"gui.mtr.already_exited": "Kein Eintragsdatensatz gefunden",
	"gui.mtr.announcement_message": "Ansagetext",
	"gui.mtr.anticlockwise_to": "Gegen den Uhrzeigersinn von %s",
	"gui.mtr.anticlockwise_to_cjk": "Gegen den Uhrzeigersinn Richtung %s",
	"gui.mtr.anticlockwise_via": "Gegen den Uhrzeigersinn über %s",
	"gui.mtr.anticlockwise_via_cjk": "Gegen den Uhrzeigersinn über %s",
	"gui.mtr.arrival_car": "%s Wagen",
	"gui.mtr.arrival_car_cjk": "%s Karte",
	"gui.mtr.arrival_min": "%s Min",
	"gui.mtr.arrival_min_cjk": "%s Minute",
	"gui.mtr.arrival_sec": "%s Sek",
	"gui.mtr.arrival_sec_cjk": "%s Sek",
	"gui.mtr.automatically_detect_nearby_platform": "Automatisch Bahnsteige in der Nähe erkennen",
	"gui.mtr.available": "Verfügbar",
	"gui.mtr.available_model_parts": "Verfügbare Modellteile",
	"gui.mtr.balance": "Guthaben: %s€",
	"gui.mtr.cable_car_invalid_orientation": "Ungültige Kabel verbindung",
	"gui.mtr.cars_to_spawn": "Wagenanzahl: %s",
	"gui.mtr.clear_vehicles": "Fahrzeuge löschen",
	"gui.mtr.clockwise_to": "Im Uhrzeigersinn Richtung %s",
	"gui.mtr.clockwise_to_cjk": "Im Uhrzeigersinn Richtung %s",
	"gui.mtr.clockwise_via": "Im Uhrzeigersinn über %s",
	"gui.mtr.clockwise_via_cjk": "Im Uhrzeigersinn über %s",
	"gui.mtr.color": "Farbe",
	"gui.mtr.comma": ", ",
	"gui.mtr.comma_cjk": "、",
	"gui.mtr.comma_last": " und ",
	"gui.mtr.comma_last_cjk": "Oder",
	"gui.mtr.connecting_station_interchange_announcement_part": "%1$s an der Station %2$s",
	"gui.mtr.connecting_station_interchange_announcement_part_cjk": "Umsteigen zu %2$s vom Bahnhof %1$s",
	"gui.mtr.connecting_station_part": "Umsteigemöglichkeit zu: %s.",
	"gui.mtr.connecting_station_part_cjk": "乘客可在該站%s。",
	"gui.mtr.cruising_altitude": "Flughöhe",
	"gui.mtr.custom_destination_suggestion": "Ziel (\\r: Zurücksetzen)",
	"gui.mtr.custom_resources_export_resource_pack": "Ressource Pack exportieren",
	"gui.mtr.custom_resources_gangway_connection_id": "Gangway-Verbindungs-ID",
	"gui.mtr.custom_resources_id": "ID",
	"gui.mtr.custom_resources_name": "Name",
	"gui.mtr.custom_resources_rider_offset": "Fahrer Versatz: %s",
	"gui.mtr.custom_resources_train_barrier_id": "Zugbarriere-ID",
	"gui.mtr.delete_confirmation": "Soll %s wirklich gelöscht werden?",
	"gui.mtr.depot_color": "Depotfarbe",
	"gui.mtr.depot_name": "Depotname",
	"gui.mtr.depots": "Depots",
	"gui.mtr.disable_next_station_announcements": "Haltestellenansagen deaktivieren",
	"gui.mtr.dismount_hold": "Halte %s gedrückt, um den Ausstieg zu erzwingen: %s",
	"gui.mtr.display_page": "Seite",
	"gui.mtr.door_animation_type_bouncy_1": "Türen: Federnd (1)",
	"gui.mtr.door_animation_type_bouncy_2": "Türen: Federnd (2)",
	"gui.mtr.door_animation_type_constant": "Türen: Konstant",
	"gui.mtr.door_animation_type_mlr": "Türen: MLR Zug",
	"gui.mtr.door_animation_type_plug_fast": "Türen: Schneller Anschluss",
	"gui.mtr.door_animation_type_plug_slow": "Türen: Langsamer Stecker",
	"gui.mtr.door_animation_type_r179": "Türen: R179",
	"gui.mtr.door_animation_type_r211": "Türen: R211",
	"gui.mtr.door_animation_type_standard": "Türen: Standard",
	"gui.mtr.door_animation_type_standard_slow": "Türen: Langsam",
	"gui.mtr.drag_file_to_upload": "Datei zum Hochladen hereinziehen",
	"gui.mtr.dwell_time": "Verweilzeit des Fahrzeugs",
	"gui.mtr.edit_area": "Klicken und ziehen Sie, um den Bereich zu markieren.",
	"gui.mtr.edit_instructions": "Anweisungen bearbeiten",
	"gui.mtr.edit_route": "Klicken Sie auf eine Plattform, um sie zur Route hinzuzufügen.",
	"gui.mtr.editing_part": "Editiere: %s",
	"gui.mtr.emeralds": "Smaragde: %s",
	"gui.mtr.enter_barrier": "Station %s betreten- Kontostand: $%s",
	"gui.mtr.exit_barrier": "Fahrt an der Station %s beendet - Fahrpreis: $%s - Kontostand: $%s",
	"gui.mtr.exit_destinations": "Ziele",
	"gui.mtr.exit_parents": "Stationsausgänge",
	"gui.mtr.file_model": "Blockbench-Datei",
	"gui.mtr.file_properties": "Eigenschaften-Datei (Optional)",
	"gui.mtr.file_texture": "Texturen-Datei",
	"gui.mtr.file_upload": "Hochladen...",
	"gui.mtr.filtered_platforms": "Gefilterte Plattformen (%s)",
	"gui.mtr.filtered_routes": "Ausgewählte Linien (%s)",
	"gui.mtr.filtered_routes_condition": "Nur Fahrzeuge, die auf den folgenden Routen fahren, aktivieren diesen Block",
	"gui.mtr.filtered_routes_empty": "Alle Fahrzeuge aktivieren diesen Block",
	"gui.mtr.game_time": "Spielzeit",
	"gui.mtr.generate_map": "Karte erzeugen",
	"gui.mtr.generating_path": "Generiere Pfad",
	"gui.mtr.hide_arrival": "Ankunft ausblenden",
	"gui.mtr.insufficient_balance": "Unzureichendes Guthaben ($%s)",
	"gui.mtr.interchange_announcement": "Umsteigen zu: %s.",
	"gui.mtr.interchange_announcement_cjk": "乘客可以轉乘%s。",
	"gui.mtr.invalid_orientation": "Schiene konnte nicht verbunden werden; Ungültige Ausrichtung",
	"gui.mtr.is_anticlockwise_route": "Ringlinie (gegen Uhrzeigersinn)",
	"gui.mtr.is_clockwise_route": "Ringlinie (im Uhrzeigersinn)",
	"gui.mtr.is_light_rail_route": "Liniennummer vorhanden",
	"gui.mtr.is_manual": "Fahrbares Fahrzeug",
	"gui.mtr.is_route_hidden": "Route ausblenden",
	"gui.mtr.last_airplane_station": "Dieser Flug geht nach %s",
	"gui.mtr.last_airplane_station_cjk": "Dieser Flug geht nach %s",
	"gui.mtr.last_boat_station": "Dieses Schiff geht nach %s",
	"gui.mtr.last_boat_station_cjk": "Dieses Boot fährt Richtung %s",
	"gui.mtr.last_cable_car_station": "Diese Seilbahn geht zu %s",
	"gui.mtr.last_cable_car_station_cjk": "Die Seilbahn fährt nach %s",
	"gui.mtr.last_train_station": "Dieser Zug fährt nach %s",
	"gui.mtr.last_train_station_cjk": "Dieser Zug fährt Richtung %s",
	"gui.mtr.left": "Links",
	"gui.mtr.lift_buttons_locked": "Tasten gesperrt",
	"gui.mtr.lift_buttons_unlocked": "Tasten entsperrt",
	"gui.mtr.lift_floor_description": "Beschreibung",
	"gui.mtr.lift_floor_number": "Stockwerk",
	"gui.mtr.lift_is_double_sided": "Doppelseitig",
	"gui.mtr.lift_should_ding": "Spiele \"Ding\" Sound",
	"gui.mtr.lift_style": "Stil: %s",
	"gui.mtr.lift_style_opaque": "Undurchsichtig",
	"gui.mtr.lift_style_transparent": "Transparent",
	"gui.mtr.lift_track_required": "Aufzuggleis erforderlich",
	"gui.mtr.light_rail_route_announcement": "%s Richtung %s.",
	"gui.mtr.light_rail_route_announcement_cjk": "本班為%s綫列車前往%s。",
	"gui.mtr.light_rail_route_number": "Liniennummer",
	"gui.mtr.london_train_interchange_announcement": "Umsteigemöglichkeit zu: %s.",
	"gui.mtr.london_train_interchange_announcement_cjk": "乘客可在該站轉乘%s。",
	"gui.mtr.london_train_next_station_announcement": "Nächste Station: %s.",
	"gui.mtr.london_train_next_station_announcement_cjk": "Nächste Station: %s。",
	"gui.mtr.london_train_route_announcement": "%s nach %s.",
	"gui.mtr.london_train_route_announcement_cjk": "本班為%s列車前往%s。",
	"gui.mtr.london_train_terminating_announcement": "Dieser Zug endet hier.",
	"gui.mtr.london_train_terminating_announcement_cjk": "列車以本站為終點站。",
	"gui.mtr.london_train_this_station_announcement": "Dies ist %s.",
	"gui.mtr.london_train_this_station_announcement_cjk": "本站是%s。",
	"gui.mtr.manual_to_automatic_time": "Wartezeit vor Rückkehr zum Automatikmodus",
	"gui.mtr.max_manual_speed": "Höchstgeschwindigkeit",
	"gui.mtr.max_vehicles": "Maximale Anzahl der Fahrzeuge für das Abstellgleis",
	"gui.mtr.mismatched_versions": "Bitte aktualisiere die Minecraft Transit Railway Mod und versuche es erneut.",
	"gui.mtr.mismatched_versions_server_version": "Serverversion: %s",
	"gui.mtr.mismatched_versions_your_version": "Deine Version ist %s",
	"gui.mtr.moving_only": "Nur Fahrzeuge, die sich bewegen",
	"gui.mtr.mtr_options": "Minecraft Transit Railway Optionen",
	"gui.mtr.name": "Name",
	"gui.mtr.next_departure": "Geschätzte nächste Abfahrt: %s",
	"gui.mtr.next_departure_none": "Keine geplanten Abfahrten",
	"gui.mtr.next_route_airplane_announcement": "Dieser Flieger verkehrt ab hier als %s nach %s.",
	"gui.mtr.next_route_airplane_announcement_cjk": "本航班會改為%s前往%s。",
	"gui.mtr.next_route_boat_announcement": "Dieses Schiff verkehrt ab hier als %s Richtung %s.",
	"gui.mtr.next_route_boat_announcement_cjk": "本渡輪會改為%s前往%s。",
	"gui.mtr.next_route_boat_light_rail_announcement": "Dieses Schiff verkehrt ab hier als %s. Fahrgäste Richtung %s bleiben bitte an Bord.",
	"gui.mtr.next_route_boat_light_rail_announcement_cjk": "本渡輪會改為%s路綫。前往%s沿途各站之乘客，可乘本渡輪。",
	"gui.mtr.next_route_cable_car_announcement": "Diese Seilbahn wird von %s zu %s geändert.",
	"gui.mtr.next_route_cable_car_announcement_cjk": "Diese Seilbahn fährt nach %s statt nach %s",
	"gui.mtr.next_route_train_announcement": "Dieser Zug verkehrt als die Linie %s Richtung %s weiter.",
	"gui.mtr.next_route_train_announcement_cjk": "本班車會改為%s前往%s。",
	"gui.mtr.next_route_train_light_rail_announcement": "Dieser Zug verkehrt ab hier als %s. Fahrgäste in Richtung %s bleiben bitte in diesem Zug.",
	"gui.mtr.next_route_train_light_rail_announcement_cjk": "本班車會改為%s路綫。前往%s沿途各站之乘客，可乘本列車。",
	"gui.mtr.next_station": "Nächste Station: %s",
	"gui.mtr.next_station_announcement": "Nächster Halt: %s.",
	"gui.mtr.next_station_announcement_cjk": "下一站：%s。",
	"gui.mtr.next_station_cjk": "Nächste Station: %s",
	"gui.mtr.next_station_light_rail_announcement": "Nächster Halt: %s.",
	"gui.mtr.next_station_light_rail_announcement_cjk": "下一站：%s。",
	"gui.mtr.no_lift_tracks_floor_found": "Kein Etagengleis gefunden",
	"gui.mtr.offset_x": "Versatz X: %s",
	"gui.mtr.offset_y": "Versatz Y: %s",
	"gui.mtr.offset_z": "Versatz Z: %s",
	"gui.mtr.part_blacklisted_cars": "Gesperrte Autos",
	"gui.mtr.part_display_cjk_size_ratio": "CJK Größe: %s",
	"gui.mtr.part_display_force_single_line": "Einzelne Linie erzwingen",
	"gui.mtr.part_display_force_upper_case": "Großbuchstaben erzwingen",
	"gui.mtr.part_display_should_scroll": "Lauftext",
	"gui.mtr.part_display_text_color": "Farbe",
	"gui.mtr.part_display_text_color_cjk": "CJK/Nicht-CJK-Farbe",
	"gui.mtr.part_display_type_destination": "Typ: Ziel",
	"gui.mtr.part_display_type_next_station_kcr": "Typ: Nächste Station (KCR)",
	"gui.mtr.part_display_type_next_station_mtr": "Typ: Nächste Station (MTR)",
	"gui.mtr.part_display_type_next_station_plain": "Typ: Nächste Station",
	"gui.mtr.part_display_type_next_station_uk": "Typ: Nächste Station (UK)",
	"gui.mtr.part_display_type_route_number": "Typ: Routennummer",
	"gui.mtr.part_display_x_padding": "X Padding: %s",
	"gui.mtr.part_display_y_padding": "Y Padding: %s",
	"gui.mtr.part_door_offset_left_negative": "Türversatz: -Links",
	"gui.mtr.part_door_offset_left_positive": "Türversatz: +Links",
	"gui.mtr.part_door_offset_none": "Türversatz: -Keinen",
	"gui.mtr.part_door_offset_right_negative": "Türversatz: -Rechts",
	"gui.mtr.part_door_offset_right_positive": "Türversatz: +Rechts",
	"gui.mtr.part_is_display": "Ist Display",
	"gui.mtr.part_mirror": "gespiegelt",
	"gui.mtr.part_positions": "Positionen",
	"gui.mtr.part_render_condition_all": "Rendern: Immer",
	"gui.mtr.part_render_condition_door_left_closed": "Rendern: Linke Türen geschlossen",
	"gui.mtr.part_render_condition_door_left_open": "Rendern: Linke Türen geschlossen",
	"gui.mtr.part_render_condition_door_right_closed": "Rendern: Rechte Türen geschlossen",
	"gui.mtr.part_render_condition_door_right_open": "Rendern: Rechte Türen geschlossen",
	"gui.mtr.part_render_condition_doors_closed": "Rendern: Türen geschlossen",
	"gui.mtr.part_render_condition_doors_open": "Rendern: Türen geöffnet",
	"gui.mtr.part_render_condition_moving_backwards": "Rendern: Rückwärts bewegen",
	"gui.mtr.part_render_condition_moving_forwards": "Rendern: Vorwärts bewegen",
	"gui.mtr.part_skip_rendering_if_too_far": "Ausblenden wenn weit",
	"gui.mtr.part_stage_always_on_lights": "Lichter (immer an)",
	"gui.mtr.part_stage_exterior": "Außen",
	"gui.mtr.part_stage_interior": "Innen",
	"gui.mtr.part_stage_interior_translucent": "Innen (durchscheinend)",
	"gui.mtr.part_stage_lights": "Lichter",
	"gui.mtr.part_whitelisted_cars": "Autos auf der Whitelist",
	"gui.mtr.path_found": "Pfad erfolgreich erstellt",
	"gui.mtr.path_not_found_between": "Pfad |> %s|zwischen|> %s|und|> %s| nicht gefunden",
	"gui.mtr.path_not_generated": "Pfad nicht generiert",
	"gui.mtr.percentage_complete_bridge": "Baue Brücke (%s%%)",
	"gui.mtr.percentage_complete_tunnel": "Baue Tunnel (%s%%)",
	"gui.mtr.percentage_complete_tunnel_wall": "Bau Tunnelwand (%s%%)",
	"gui.mtr.pids_message": "Benutzerdefinierte PIDS Nachricht",
	"gui.mtr.platform": "Gleis %s",
	"gui.mtr.platform_number": "Bahnsteignummer",
	"gui.mtr.platform_or_siding_exists": "Jedes Schienenverbindungselement kann nur mit einer Bahnsteigschiene oder Abstellgleis verbunden werden",
	"gui.mtr.press_to_select_floor": "Drücken sie %s, um die Etage auszuwählen",
	"gui.mtr.psd_apg_door_locked": "Tür verschlossen",
	"gui.mtr.psd_apg_door_unlocked": "Tür entriegelt",
	"gui.mtr.radius_too_small": "Die Schiene konnte nicht verbunden werden. Der Radius muss mindestens 2 betragen",
	"gui.mtr.rail_action_bridge": "Brücke von %s (%s Blöcke lang, %s)",
	"gui.mtr.rail_action_tunnel": "Tunnel von %s (%s Blöcke lang)",
	"gui.mtr.rail_action_tunnel_wall": "Tunnelwand von %s (%s Blöcke lang, %s)",
	"gui.mtr.rail_actions": "Aktuelle Bauvorgänge",
	"gui.mtr.rail_actions_button": "Vorgänge...",
	"gui.mtr.rail_not_found": "Das Signal konnte nicht erstellt werden; Schiene nicht gefunden",
	"gui.mtr.rail_not_found_action": "Aktion konnte nicht ausgeführt werden; Schiene nicht gefunden",
	"gui.mtr.refresh_path": "Pfad aktualisieren",
	"gui.mtr.repeat_indefinitely": "Anweisungen dauerhaft wiederholen",
	"gui.mtr.reset_sign": "Zurücksetzen",
	"gui.mtr.right": "Rechts",
	"gui.mtr.rotate_anticlockwise": "Gegen den Uhrzeigersinn drehen",
	"gui.mtr.rotate_clockwise": "Im Uhrzeigersinn drehen",
	"gui.mtr.route_color": "Linienfarbe",
	"gui.mtr.route_name": "Linienname",
	"gui.mtr.route_type_boat_high_speed": "Typ: Schnelle Fähre",
	"gui.mtr.route_type_boat_light_rail": "Typ: Kreuzfahrtschiff",
	"gui.mtr.route_type_boat_normal": "Typ: Fähre",
	"gui.mtr.route_type_train_high_speed": "Typ: Hochgeschwindigkeit",
	"gui.mtr.route_type_train_light_rail": "Typ: Straßenbahn",
	"gui.mtr.route_type_train_normal": "Typ: Normal",
	"gui.mtr.routes": "Linien",
	"gui.mtr.s": "sek",
	"gui.mtr.schedule_mode_real_time_off": "Fahrplan: Minecraft- Zeit",
	"gui.mtr.schedule_mode_real_time_on": "Fahrplan: Echtzeit",
	"gui.mtr.search": "Suchen",
	"gui.mtr.select_all_platforms": "Zeige Ankünfte von allen Bahnsteigen",
	"gui.mtr.selected": "Ausgewählt",
	"gui.mtr.selected_vehicle": "Ausgewähltes Fahrzeug",
	"gui.mtr.separator": "/",
	"gui.mtr.separator_cjk": "/",
	"gui.mtr.settings": "Einstellungen",
	"gui.mtr.siding_number": "Depotnummer",
	"gui.mtr.sidings_in_depot": "Gleise in diesem Depot: %s",
	"gui.mtr.sound_file": "Audiodatei",
	"gui.mtr.station": "%s",
	"gui.mtr.station_cjk": "%s",
	"gui.mtr.station_color": "Stationsfarbe",
	"gui.mtr.station_name": "Stationsname",
	"gui.mtr.stations": "Haltestellen",
	"gui.mtr.stopped_only": "Nur stehende Fahrzeuge",
	"gui.mtr.support": "Support",
	"gui.mtr.this_station": "Aktuelle Station: %s",
	"gui.mtr.this_station_cjk": "Aktuelle Station: %s",
	"gui.mtr.to": "Richtung %s",
	"gui.mtr.to_cjk": "Richtung %s",
	"gui.mtr.tph": "/Std",
	"gui.mtr.train_schedule_sensor": "Ankunftszeitsverzögerung (Sekunden)",
	"gui.mtr.transport_mode_airplane": "Typ: Flugzeug",
	"gui.mtr.transport_mode_boat": "Typ: Boot",
	"gui.mtr.transport_mode_cable_car": "Typ: Seilbahn",
	"gui.mtr.transport_mode_train": "Typ: Zug",
	"gui.mtr.unlimited": "Unbegrenzt",
	"gui.mtr.unlimited_vehicles": "Unbegrenzte Fahrzeuge",
	"gui.mtr.untitled": "Unbenannt",
	"gui.mtr.use_time_and_wind_sync": "Zeit automatisch mit Time & Wind Mod synchronisieren",
	"gui.mtr.used_model_parts": "Verwendete Modellteile",
	"gui.mtr.vehicle_brightness": "Helligkeit: %s",
	"gui.mtr.vehicle_cars": "Autos: %s",
	"gui.mtr.vehicle_direction_backwards": "Richtung: Rückwärts",
	"gui.mtr.vehicle_direction_forwards": "Richtung: Vorwärts",
	"gui.mtr.vehicle_door_max": "Tür: %s",
	"gui.mtr.vehicle_length": "Länge: %s",
	"gui.mtr.vehicle_speed": "Geschwindigkeit: %s m/s (%s km/h)",
	"gui.mtr.vehicle_width": "Breite: %s",
	"gui.mtr.vehicles_per_hour": "Fahrzeuge pro Stunde",
	"gui.mtr.welcome_station": "Willkommen in %s.",
	"gui.mtr.welcome_station_cjk": "Willkommen in der %s Station",
	"gui.mtr.zone": "Tarifzone",
	"gui.mtr.zone_number": "Zone %s",
	"item.mtr.apg_door": "Automatische Bahnsteigtüren",
	"item.mtr.apg_glass": "Automatische Bahnsteigtüren",
	"item.mtr.apg_glass_end": "Automatische Bahnsteigtüren",
	"item.mtr.bridge_creator_3": "Brücken-Ersteller",
	"item.mtr.bridge_creator_5": "Brücken-Ersteller",
	"item.mtr.bridge_creator_7": "Brücken-Ersteller",
	"item.mtr.bridge_creator_9": "Brücken-Ersteller",
	"item.mtr.brush": "Pinsel",
	"item.mtr.dashboard": "Bahnübersicht",
	"item.mtr.dashboard_2": "Bootsübersicht",
	"item.mtr.dashboard_3": "Seilbahn-Übersicht",
	"item.mtr.dashboard_4": "Flugübersicht",
	"item.mtr.driver_key": "Fahrerschlüssel",
	"item.mtr.escalator": "Rolltreppe",
	"item.mtr.lift_buttons_link_connector": "Lift / Aufzug Knopfverbindung Verbinder",
	"item.mtr.lift_buttons_link_remover": "Lift / Aufzug Knopfverbindung Entferner",
	"item.mtr.lift_door_1": "Aufzugstüren",
	"item.mtr.lift_door_odd_1": "Aufzugstüren",
	"item.mtr.lift_refresher": "Aufzugaktualisierer",
	"item.mtr.psd_door": "Bahnsteigtüren",
	"item.mtr.psd_door_2": "Bahnsteigtüren",
	"item.mtr.psd_glass": "Bahnsteigtüren",
	"item.mtr.psd_glass_2": "Bahnsteigtüren",
	"item.mtr.psd_glass_end": "Bahnsteigtüren",
	"item.mtr.psd_glass_end_2": "Bahnsteigtüren",
	"item.mtr.rail_connector_120": "Obsidianschienenverbinder",
	"item.mtr.rail_connector_120_one_way": "Obsidianschienenverbinder (Einweg)",
	"item.mtr.rail_connector_160": "Lohe Schienenverbinder",
	"item.mtr.rail_connector_160_one_way": "Lohe Schienenverbinder (Einbahn)",
	"item.mtr.rail_connector_20": "Holzschienenverbinder",
	"item.mtr.rail_connector_200": "Quarz Schienenverbinder",
	"item.mtr.rail_connector_200_one_way": "Quarz Schienenverbinder (Einweg)",
	"item.mtr.rail_connector_20_one_way": "Holz Schienenverbinder (Einweg)",
	"item.mtr.rail_connector_300": "Diamantenschienenverbinder",
	"item.mtr.rail_connector_300_one_way": "Diamantenschienenverbinder (Einweg)",
	"item.mtr.rail_connector_40": "Steinschienenverbinder",
	"item.mtr.rail_connector_40_one_way": "Stein Schienenverbinder (Einweg)",
	"item.mtr.rail_connector_60": "Smaragdschienenverbinder",
	"item.mtr.rail_connector_60_one_way": "Smaragdschienenverbinder (Einweg)",
	"item.mtr.rail_connector_80": "Eisen Schienenverbinder",
	"item.mtr.rail_connector_80_one_way": "Eisen Schienenverbinder (Einweg)",
	"item.mtr.rail_connector_cable_car": "Seilbahn Stecker",
	"item.mtr.rail_connector_platform": "Bahnsteig Schienenverbinder",
	"item.mtr.rail_connector_runway": "Startbahnverbinder",
	"item.mtr.rail_connector_siding": "Depot Schienenverbinder",
	"item.mtr.rail_connector_turn_back": "Umkehr Schienenverbinder",
	"item.mtr.rail_remover": "Schienenentferner",
	"item.mtr.resource_pack_creator": "Resourcenpaket Ersteller",
	"item.mtr.signal_connector_black": "Schwarzer Signalverbinder",
	"item.mtr.signal_connector_blue": "Blauer Signalverbinder",
	"item.mtr.signal_connector_brown": "Brauner Signalverbinder",
	"item.mtr.signal_connector_cyan": "Türkiser Signalverbinder",
	"item.mtr.signal_connector_gray": "Grauer Signalverbinder",
	"item.mtr.signal_connector_green": "Grüner Signalverbinder",
	"item.mtr.signal_connector_light_blue": "Hellblauer Signalverbinder",
	"item.mtr.signal_connector_light_gray": "Hellgrauer Signalverbinder",
	"item.mtr.signal_connector_lime": "Limettenfarbener Signalverbinder",
	"item.mtr.signal_connector_magenta": "Violetter Signalverbinder",
	"item.mtr.signal_connector_orange": "Orangener Signalverbinder",
	"item.mtr.signal_connector_pink": "Pinker Signalverbinder",
	"item.mtr.signal_connector_purple": "Lila Signalverbinder",
	"item.mtr.signal_connector_red": "Roter Signalverbinder",
	"item.mtr.signal_connector_white": "Weißer Signalverbinder",
	"item.mtr.signal_connector_yellow": "Gelber Signalverbinder",
	"item.mtr.signal_remover_black": "Schwarzer Signalentferner",
	"item.mtr.signal_remover_blue": "Blauer Signalentferner",
	"item.mtr.signal_remover_brown": "Brauner Signalentferner",
	"item.mtr.signal_remover_cyan": "Türkiser Signalentferner",
	"item.mtr.signal_remover_gray": "Grauer Signalentferner",
	"item.mtr.signal_remover_green": "Grüner Signalentferner",
	"item.mtr.signal_remover_light_blue": "Hellblauer Signalentferner",
	"item.mtr.signal_remover_light_gray": "Hellgrauer Signalentferner",
	"item.mtr.signal_remover_lime": "Limettenfarbener Signalentferner",
	"item.mtr.signal_remover_magenta": "Violetter Signalentferner",
	"item.mtr.signal_remover_orange": "Orangener Signalentferner",
	"item.mtr.signal_remover_pink": "Pinker Signalentferner",
	"item.mtr.signal_remover_purple": "Lila Signalentferner",
	"item.mtr.signal_remover_red": "Roter Signalentferner",
	"item.mtr.signal_remover_white": "Weißer Signalentferner",
	"item.mtr.signal_remover_yellow": "Gelber Signalentferner",
	"item.mtr.tunnel_creator_4_3": "Tunnel-Ersteller",
	"item.mtr.tunnel_creator_4_5": "Tunnel-Ersteller",
	"item.mtr.tunnel_creator_4_7": "Tunnel-Ersteller",
	"item.mtr.tunnel_creator_4_9": "Tunnel-Ersteller",
	"item.mtr.tunnel_creator_5_3": "Tunnel-Ersteller",
	"item.mtr.tunnel_creator_5_5": "Tunnel-Ersteller",
	"item.mtr.tunnel_creator_5_7": "Tunnel-Ersteller",
	"item.mtr.tunnel_creator_5_9": "Tunnel-Ersteller",
	"item.mtr.tunnel_creator_6_3": "Tunnel-Ersteller",
	"item.mtr.tunnel_creator_6_5": "Tunnel-Ersteller",
	"item.mtr.tunnel_creator_6_7": "Tunnel-Ersteller",
	"item.mtr.tunnel_creator_6_9": "Tunnel-Ersteller",
	"item.mtr.tunnel_wall_creator_4_3": "Tunnelwand-Ersteller",
	"item.mtr.tunnel_wall_creator_4_5": "Tunnelwand-Ersteller",
	"item.mtr.tunnel_wall_creator_4_7": "Tunnelwand-Ersteller",
	"item.mtr.tunnel_wall_creator_4_9": "Tunnelwand-Ersteller",
	"item.mtr.tunnel_wall_creator_5_3": "Tunnelwand-Ersteller",
	"item.mtr.tunnel_wall_creator_5_5": "Tunnelwand-Ersteller",
	"item.mtr.tunnel_wall_creator_5_7": "Tunnelwand-Ersteller",
	"item.mtr.tunnel_wall_creator_5_9": "Tunnelwand-Ersteller",
	"item.mtr.tunnel_wall_creator_6_3": "Tunnelwand-Ersteller",
	"item.mtr.tunnel_wall_creator_6_5": "Tunnelwand-Ersteller",
	"item.mtr.tunnel_wall_creator_6_7": "Tunnelwand-Ersteller",
	"item.mtr.tunnel_wall_creator_6_9": "Tunnelwand-Ersteller",
	"itemGroup.mtr.core": "Minecraft Transitbahn-Kern",
	"itemGroup.mtr.escalators_lifts": "Rolltreppen und Aufzüge / Aufzüge",
	"itemGroup.mtr.railway_facilities": "Bahneinrichtungen",
	"itemGroup.mtr.station_building_blocks": "Stationsbausteine",
	"key.mtr.debug_1_negative": "Debug-Feld 1 (Subtraktion)",
	"key.mtr.debug_1_positive": "Debug-Feld 1 (Hinzufügen)",
	"key.mtr.debug_2_negative": "Debug-Feld 2 (Subtraktion)",
	"key.mtr.debug_2_positive": "Debug-Feld 2 (Hinzufügen)",
	"key.mtr.debug_3_negative": "Debug-Feld 3 (Subtraktion)",
	"key.mtr.debug_3_positive": "Debug-Feld 3 (Hinzufügen)",
	"key.mtr.debug_cycle_negative": "Debug-Kategorie wechseln (Rückwärts)",
	"key.mtr.debug_cycle_positive": "Debug-Kategorie wechseln (Vorwärts)",
	"key.mtr.lift_menu": "Aufzuf Öffnen / Aufzug Etage Auswahl",
	"key.mtr.train_accelerate": "Beschleunigen",
	"key.mtr.train_brake": "Bremsen",
	"key.mtr.train_toggle_doors": "Türschalter",
	"options.mtr.anonymous": "Anonym",
	"options.mtr.dynamic_texture_resolution": "Dynamische Texturauflösung (höhere Werte könnten zum Absturz führen!)",
	"options.mtr.hide_special_rail_colors": "Einzelne Schienenfarben ausblenden",
	"options.mtr.hide_translucent_parts": "Verstecke durchsichtige Teile an Fahrzeugen",
	"options.mtr.language_options": "Sprachen auf Schildern",
	"options.mtr.language_options_0": "Standard",
	"options.mtr.language_options_1": "Nur CJK",
	"options.mtr.language_options_2": "Ohne CJK",
	"options.mtr.off": "Aus",
	"options.mtr.on": "An",
	"options.mtr.shift_to_toggle_sitting": "Benutze %s, um das Sitzen in Fahrzeugen umzuschalten",
	"options.mtr.show_announcement_messages": "Zeige \"Nächste Station\"-Nachrichten im Chat",
	"options.mtr.support_patreon": "Unterstütze den Mod auf Patreon!",
	"options.mtr.track_texture_offset": "Spurtexturen-Versatz",
	"options.mtr.use_dynamic_fps": "FPS dynamisch steigern",
	"options.mtr.use_mtr_font": "MTR-Eigene Schriftarten verwenden (funktioniert auf einigen Geräten möglicherweise nicht)",
	"options.mtr.use_tts_announcements": "Text-zu-Sprache Zug-Ankündigungen aktivieren",
	"options.mtr.vehicle_render_distance_ratio": "Verhältnis zwischen Fahrzeug-Sichtweite und Minecraft-Sichtweite",
	"sign.mtr.airport": "Flughafen",
	"sign.mtr.airport_arrivals": "Ankunft",
	"sign.mtr.airport_arrivals_cjk": "Ankünfte",
	"sign.mtr.airport_cjk": "Flughafen",
	"sign.mtr.airport_departures": "Abflug",
	"sign.mtr.airport_departures_cjk": "Abflüge",
	"sign.mtr.airport_express": "Züge Richtung Flughafen",
	"sign.mtr.airport_express_city": "Züge Richtung Innenstadt",
	"sign.mtr.airport_express_city_cjk": "Züge Richtung Stadt",
	"sign.mtr.airport_express_cjk": "Züge Richtung Flughafen",
	"sign.mtr.airport_transfer": "Umstieg",
	"sign.mtr.airport_transfer_cjk": "轉機",
	"sign.mtr.baggage_claim": "Gepäckannahme",
	"sign.mtr.baggage_claim_cjk": "Gepäckausgabe",
	"sign.mtr.boat": "Fähren",
	"sign.mtr.boat_cjk": "Fähre",
	"sign.mtr.cable_car": "Seilbahnen",
	"sign.mtr.cable_car_cjk": "纜車",
	"sign.mtr.check_in_passengers": "Check-In Fahrgäste",
	"sign.mtr.check_in_passengers_cjk": "Check-in",
	"sign.mtr.cross": "Kein Zutritt",
	"sign.mtr.cross_cjk": "Kein Zutritt",
	"sign.mtr.customer_service_centre": "Kundenservice",
	"sign.mtr.customer_service_centre_cjk": "Kundendienst",
	"sign.mtr.emergency_exit": "Notausgang",
	"sign.mtr.emergency_exit_cjk": "Notausgang",
	"sign.mtr.escalator_to_concourse_down": "Nur zur Wartehalle",
	"sign.mtr.escalator_to_concourse_down_cjk": "Nur zur Wartehalle",
	"sign.mtr.escalator_to_concourse_up": "Nur zur Wartehalle",
	"sign.mtr.escalator_to_concourse_up_cjk": "Nur zur Wartehalle",
	"sign.mtr.female": "Damentoilette",
	"sign.mtr.female_cjk": "Damentoilette",
	"sign.mtr.in_town_check_in": "Innenstadt Check-in",
	"sign.mtr.in_town_check_in_cjk": "In-town Check-in",
	"sign.mtr.lift_1": "Aufzug",
	"sign.mtr.lift_1_cjk": "Aufzug",
	"sign.mtr.lift_2": "Aufzug",
	"sign.mtr.lift_2_cjk": "Aufzug",
	"sign.mtr.light_rail_1": "Tram",
	"sign.mtr.light_rail_1_cjk": "Straßenbahn",
	"sign.mtr.light_rail_2": "Straßenbahn",
	"sign.mtr.light_rail_2_cjk": "Light Rail",
	"sign.mtr.light_rail_3": "Tram",
	"sign.mtr.light_rail_3_cjk": "Light Rail",
	"sign.mtr.light_rail_4": "Tram",
	"sign.mtr.light_rail_4_cjk": "Straßenbahn",
	"sign.mtr.logo": "Minecraft Eisenbahn",
	"sign.mtr.logo_cjk": "Minecraft Public Transport",
	"sign.mtr.male": "Herrentoilette",
	"sign.mtr.male_cjk": "Herrentoilette",
	"sign.mtr.platform": "Bahnsteig",
	"sign.mtr.platform_cjk": "Gleis",
	"sign.mtr.sp1900": "Züge",
	"sign.mtr.sp1900_cjk": "Trains",
	"sign.mtr.station": "Bahnhof",
	"sign.mtr.station_cjk": "Bahnhof",
	"sign.mtr.tickets": "Fahrkarten",
	"sign.mtr.tickets_cjk": "Fahrkarten",
	"sign.mtr.toilets": "Toiletten",
	"sign.mtr.toilets_cjk": "Toiletten",
	"sign.mtr.train": "Züge",
	"sign.mtr.train_cjk": "Züge",
	"sign.mtr.train_old": "Züge",
	"sign.mtr.train_old_cjk": "Züge",
	"sign.mtr.wheelchair": "Toiletten",
	"sign.mtr.wheelchair_cjk": "Behinderten-WC",
	"sign.mtr.wifi": "Gratis Wi-Fi Hotspot",
	"sign.mtr.wifi_cjk": "Freies Wlan",
	"sign.mtr.xrl_1": "Hochgeschwindigkeitszug",
	"sign.mtr.xrl_1_cjk": "High Speed Rail",
	"sign.mtr.xrl_2": "Hochgeschwindigkeitszug",
	"sign.mtr.xrl_2_cjk": "Hochgeschwindigkeitszug",
	"sign.mtr.yellow_head_1": "Züge",
	"sign.mtr.yellow_head_1_cjk": "Bahn",
	"sign.mtr.yellow_head_2": "Züge",
	"sign.mtr.yellow_head_2_cjk": "Bahn",
	"tooltip.block.mtr.glass_fence_cio": "Stadt 1",
	"tooltip.block.mtr.glass_fence_ckt": "Che Kung Temple",
	"tooltip.block.mtr.glass_fence_heo": "Heng On",
	"tooltip.block.mtr.glass_fence_mos": "Ma On Shan",
	"tooltip.block.mtr.glass_fence_plain": "Glasscheibe",
	"tooltip.block.mtr.glass_fence_shm": "Shek Mun",
	"tooltip.block.mtr.glass_fence_stained": "Gefärbte Glasscheibe",
	"tooltip.block.mtr.glass_fence_stw": "Sha Tin Wai",
	"tooltip.block.mtr.glass_fence_tsh": "Tai Shui Hang",
	"tooltip.block.mtr.glass_fence_wks": "Wu Kai Sha",
	"tooltip.mtr.cable_car_node": "Keine Bahnsteige und Depots\nNur gerade Verbindungen",
	"tooltip.mtr.cable_car_node_station": "Bahnsteige und Abstellgleise können angelegt werden\nKurven können erstellt werden",
	"tooltip.mtr.pole_placement": "Muss auf einem existierendem %s platziert werden",
	"tooltip.mtr.psd_apg_door": "Türbereich",
	"tooltip.mtr.psd_apg_door_2": "Türbereich",
	"tooltip.mtr.psd_apg_glass": "Glasabschnitt",
	"tooltip.mtr.psd_apg_glass_2": "Glasabschnitt",
	"tooltip.mtr.psd_apg_glass_end": "Glas-End-Abschnitt",
	"tooltip.mtr.rail_action_depth": "Tiefe: %s",
	"tooltip.mtr.rail_action_height": "Höhe: %s",
	"tooltip.mtr.rail_action_width": "Breite: %s",
	"tooltip.mtr.rail_speed_limit": "Geschwindigkeitsbegrenzung: %s",
	"tooltip.mtr.railway_sign_even": "Ausrichtung: Gerade",
	"tooltip.mtr.railway_sign_length": "Länge: %s",
	"tooltip.mtr.railway_sign_odd": "Ausrichtung: Ungerade",
	"tooltip.mtr.selected_block": "Ausgewählter Block: %s",
	"tooltip.mtr.selected_material": "Ausgewähltes Material: %s",
	"tooltip.mtr.shift_right_click_to_clear": "Halte %s gedrückt und benutze auf|ein %s zum Zurücksetzen",
	"tooltip.mtr.shift_right_click_to_select_material": "Halte %s gedrückt und benutze auf|einen Block um Material auszuwählen",
	"tooltip.mtr.station_color": "Die Farbe ist stationsabhängig",
	"tooltip.mtr.station_color_name": "Die Farbe und der Text sind stationsabhängig",
	"train.mtr.a320": "Airbus A320",
	"train.mtr.a_train_ael": "CAF Flughafen Express",
	"train.mtr.a_train_ael_mini": "CAF Flughafen Express (Mini)",
	"train.mtr.a_train_tcl": "CAF Tung Chung Linie",
	"train.mtr.a_train_tcl_mini": "CAF Tung Chung Linie (Mini)",
	"train.mtr.a_train_tcl_small": "CAF Tung Chung Linie (Klein)",
	"train.mtr.acacia_boat": "Akazienholzboot",
	"train.mtr.birch_boat": "Birkenholzboot",
	"train.mtr.br_423": "DB BR 423",
	"train.mtr.c1141a": "1141A / TML C-Zug",
	"train.mtr.c1141a_mini": "1141A / TML C-Zug (Mini)",
	"train.mtr.c1141a_small": "1141A / TML C-Zug (Klein)",
	"train.mtr.c_train": "C-Zug",
	"train.mtr.c_train_mini": "C-Zug (Mini)",
	"train.mtr.c_train_small": "C-Zug (Klein)",
	"train.mtr.class_377_southern": "British Rail Class 377 (Southern)",
	"train.mtr.class_802_gwr": "British Rail Class 802 (GWR)",
	"train.mtr.class_802_gwr_mini": "British Rail Class 802 (GWR, Mini)",
	"train.mtr.class_802_tpe": "British Rail Class 802 (TPE)",
	"train.mtr.class_802_tpe_mini": "British Rail Class 802 (TPE, Mini)",
	"train.mtr.cm_stock": "Metro-Cammell-Zug (Unrenovierter M-Zug)",
	"train.mtr.cm_stock_mini": "Metro-Cammell-Zug (Unrenovierter M-Zug, Mini)",
	"train.mtr.cm_stock_small": "Metro-Cammell-Zug (Unrenovierter M-Zug, Klein)",
	"train.mtr.dark_oak_boat": "Schwarzeichenholzboot",
	"train.mtr.drl": "Disneyland Resort-Linie Zug",
	"train.mtr.e44": "KCR E44 (Yellow Head)",
	"train.mtr.e44_mini": "KCR E44 (Yellow Head, Mini)",
	"train.mtr.flying_minecart": "Fliegendes Minecart",
	"train.mtr.jungle_boat": "Tropenholzboot",
	"train.mtr.k_train": "K-Train",
	"train.mtr.k_train_ael": "K-Train Flughafen Express",
	"train.mtr.k_train_ael_mini": "K-Train Flughafen Express (Mini)",
	"train.mtr.k_train_ael_small": "K-Train Flughafen Express (Klein)",
	"train.mtr.k_train_mini": "K-Train (Mini)",
	"train.mtr.k_train_small": "K-Train (Klein)",
	"train.mtr.k_train_tcl": "K-Train Tung Chung Linie",
	"train.mtr.k_train_tcl_mini": "K-Train Tung Chung Linie (Mini)",
	"train.mtr.k_train_tcl_small": "K-Train Tung Chung Linie (Klein)",
	"train.mtr.light_rail_1": "Stadtbahn (Phase 1, LHT)",
	"train.mtr.light_rail_1_orange": "Stadtbahn (Phase 1, orange Lackierung, LHT)",
	"train.mtr.light_rail_1_orange_rht": "Stadtbahn (Phase 1, orange Lackierung, RHT)",
	"train.mtr.light_rail_1_rht": "Stadtbahn (Phase 1, RHT)",
	"train.mtr.light_rail_1r": "Stadtbahn (Phase 1 renoviert, LHT)",
	"train.mtr.light_rail_1r_old": "Straßenbahn (Phase 1 renoviert, Blauer Anstrich, LHT)",
	"train.mtr.light_rail_1r_old_rht": "Straßenbahn (Phase 1 renoviert, Blauer Anstrich, RHT)",
	"train.mtr.light_rail_1r_orange": "Straßenbahn (Phase 1 renoviert, Oranger Anstrich, LHT)",
	"train.mtr.light_rail_1r_orange_rht": "Straßenbahn (Phase 1 renoviert, Oranger Anstrich, RHT)",
	"train.mtr.light_rail_1r_rht": "Straßenbahn (Phase 1 erneruert, RHT)",
	"train.mtr.light_rail_2": "Straßenbahn (Phase 2, LHT)",
	"train.mtr.light_rail_2r": "Straßenbahn (Phase 2 Generalüberholt, LHT)",
	"train.mtr.light_rail_2r_rht": "Straßenbahn (Phase 2 generalüberholt, RHT)",
	"train.mtr.light_rail_2_orange": "Straßenbahn (Phase 2, Orangener Anstrich, LHT)",
	"train.mtr.light_rail_2_orange_rht": "Stadtbahn (Phase 2, Orange Lackierung, RHT)",
	"train.mtr.light_rail_2_rht": "Straßenbahn (Phase 2, RHT)",
	"train.mtr.light_rail_3": "Straßenbahn (Phase 3, RHT)",
	"train.mtr.light_rail_3r": "Straßenbahn (Phase 3 generalüberholt, LHT)",
	"train.mtr.light_rail_3r_rht": "Straßenbahn (Phase 3 generalüberholt, RHT)",
	"train.mtr.light_rail_3_orange": "Straßenbahn (Phase 3, Orangener Anstrich, LHT)",
	"train.mtr.light_rail_3_orange_rht": "Straßenbahn (Phase 3, Orangener Anstrich, RHT)",
	"train.mtr.light_rail_3_rht": "Straßenbahn (Phase 3, RHT)",
	"train.mtr.light_rail_4": "Straßenbahn (Phase 4, RHT)",
	"train.mtr.light_rail_4_old": "Straßenbahn (Phase 4, Blauer Anstrich, LHT)",
	"train.mtr.light_rail_4_old_rht": "Straßenbahn (Phase 4, Blauer Anstrich, RHT)",
	"train.mtr.light_rail_4_orange": "Straßenbahn (Phase 4, Orangener Anstrich, LHT)",
	"train.mtr.light_rail_4_orange_rht": "Straßenbahn (Phase 4, Orangener Anstrich, RHT)",
	"train.mtr.light_rail_4_rht": "Straßenbahn (Phase 4, RHT)",
	"train.mtr.light_rail_5": "Straßenbahn (Phase 5, RHT)",
	"train.mtr.light_rail_5_old": "Straßenbahn (Phase 5, Blauer Anstrich, LHT)",
	"train.mtr.light_rail_5_old_rht": "Straßenbahn (Phase 5, Blauer Anstrich, RHT)",
	"train.mtr.light_rail_5_orange": "Straßenbahn (Phase 5, Orangener Anstrich, LHT)",
	"train.mtr.light_rail_5_orange_rht": "Straßenbahn (Phase 5, Orangener Anstrich, RHT)",
	"train.mtr.light_rail_5_rht": "Straßenbahn (Phase 5, RHT)",
	"train.mtr.london_underground_1995": "London Underground 1995 Stock",
	"train.mtr.london_underground_1996": "London Underground 1996 Stock",
	"train.mtr.london_underground_d78": "London Underground D78 Stock",
	"train.mtr.london_underground_d78_mini": "London Underground D78 Stock (Mini)",
	"train.mtr.m_train": "M-Zug",
	"train.mtr.m_train_mini": "M-Zug (Mini)",
	"train.mtr.m_train_small": "M-Zug (Klein)",
	"train.mtr.minecart": "Lore",
	"train.mtr.mlr": "MLR Zug",
	"train.mtr.mlr_christmas": "MLR Zug Weihnachts-Edition",
	"train.mtr.mlr_christmas_mini": "MLR Zug Weihnachts-Edition (Mini)",
	"train.mtr.mlr_christmas_small": "MLR Zug Weihnachts-Edition (klein)",
	"train.mtr.mlr_mini": "MLR Zug (Mini)",
	"train.mtr.mlr_small": "MLR Zug (Klein)",
	"train.mtr.mpl_85": "MPL 85",
	"train.mtr.ngong_ping_360_crystal": "Ngong Ping 360 Kristallkabine (LHT)",
	"train.mtr.ngong_ping_360_crystal_rht": "Ngong Ping 360 Kristallkabine (RHT)",
	"train.mtr.ngong_ping_360_crystal_plus": "Ngong Ping 360 Crystal+ Cabin (LHT)",
	"train.mtr.ngong_ping_360_crystal_plus_rht": "Ngong Ping 360 Crystal+ Kabine (RHT)",
	"train.mtr.ngong_ping_360_normal_light_blue": "Ngong Ping 360 (Hellblau, LHT)",
	"train.mtr.ngong_ping_360_normal_light_blue_rht": "Ngong Ping 360 (Hellblau, RHT)",
	"train.mtr.ngong_ping_360_normal_orange": "Ngong Ping 360 (Orange, LHT)",
	"train.mtr.ngong_ping_360_normal_orange_rht": "Ngong Ping 360 (Orange, RHT)",
	"train.mtr.ngong_ping_360_normal_red": "Ngong Ping 360 (Rot, LHT)",
	"train.mtr.ngong_ping_360_normal_red_rht": "Ngong Ping 360 (Rot, RHT)",
	"train.mtr.oak_boat": "Eichenholzboot",
	"train.mtr.r179": "R179 (New York City Subway)",
	"train.mtr.r179_mini": "R179 (New York City Subway, Mini)",
	"train.mtr.r211": "R211 (New York City Subway)",
	"train.mtr.r211_mini": "R211 (New York City Subway, Mini)",
	"train.mtr.r211t": "R211T (New York City Subway)",
	"train.mtr.r211t_mini": "R211T (New York City Subway, Mini)",
	"train.mtr.r_train": "R-Zug",
	"train.mtr.r_train_mini": "R-Zug (Mini)",
	"train.mtr.r_train_small": "R-Zug (Klein)",
	"train.mtr.s_train": "S-Zug",
	"train.mtr.s_train_mini": "S-Zug (Mini)",
	"train.mtr.s_train_small": "S-Zug (Klein)",
	"train.mtr.sp1900": "SP1900",
	"train.mtr.sp1900_mini": "SP1900 (Mini)",
	"train.mtr.sp1900_small": "SP1900 (Klein)",
	"train.mtr.spruce_boat": "Fichtenholzboot"
}
