{
	"block.minecraft.bedrock_slab": "Πλάκα Υπνοβράχου",
	"block.minecraft.birch_wood_slab": "Πλάκα Από Ξύλο Σημύδας",
	"block.minecraft.bone_block_slab": "Πλάκα Από Οστά",
	"block.minecraft.chiseled_quartz_block_slab": "Χαλαζία Μπλοκ Πλάκα",
	"block.minecraft.chiseled_stone_bricks_slab": "Λαξευμένα Πετρότουβλα Πλάκα",
	"block.minecraft.clay_slab": "Πήλινη Πλάκα",
	"block.minecraft.coal_ore_slab": "Πλάκα Ορυκτού Άνθρακα",
	"block.minecraft.concrete": "Τσιμέντο",
	"block.minecraft.concrete_powder": "Σκόνη σκυροδέματος",
	"block.minecraft.concrete_powder_slab": "Πλάκα Σκόνης Σκυροδέματος",
	"block.minecraft.concrete_slab": "Πλάκα Σκυροδέματος",
	"block.minecraft.cracked_stone_bricks_slab": "Πλάκα Με Ραγισμένα Πετρότουβλα",
	"block.minecraft.gravel_slab": "Πλάκα Χαλικιού",
	"block.minecraft.iron_block_slab": "Πλάκα Σιδερένιου Μπλοκ",
	"block.minecraft.metal": "Μεταλλικός Κύβος",
	"block.minecraft.metal_slab": "Πλάκα Μετάλλου",
	"block.minecraft.planks": "Ξύλινες Σανίδες",
	"block.minecraft.planks_slab": "Πλάκα Από Ξύλινες Σανίδες",
	"block.minecraft.purpur_block_slab": "Πλάκα Purpur Block",
	"block.minecraft.purpur_pillar_slab": "Purpur Πυλώνας Πλάκα",
	"block.minecraft.quartz_block_slab": "Πλάκα Χαλαζία Μπλοκ",
	"block.minecraft.quartz_bricks_slab": "Πλάκα Από Τούβλα Χαλαζία",
	"block.minecraft.quartz_pillar_slab": "Πλάκα Από Χαλαζία",
	"block.minecraft.snow_block_slab": "Πλάκα Μπλοκ Χιονιού",
	"block.minecraft.stained_glass": "γυαλί με επικάλυψη",
	"block.minecraft.stained_glass_slab": "Χρωματισμένη Πλάκα Γυαλιού",
	"block.minecraft.stone_bricks_slab": "Πλάκα Πέτρινων Τούβλων",
	"block.minecraft.wool": "Μαλί",
	"block.minecraft.wool_slab": "Μάλλινη Πλάκα Μαλλιού",
	"block.mtr.airplane_node": "Airplane Node",
	"block.mtr.apg_door": "Αυτόματες Πύλες Πλατφόρμας",
	"block.mtr.apg_glass": "Αυτόματες Πύλες Πλατφόρμας",
	"block.mtr.apg_glass_end": "Αυτόματες Πύλες Πλατφόρμας",
	"block.mtr.arrival_projector_1_large": "Προβολέας Άφιξης (3x3)",
	"block.mtr.arrival_projector_1_medium": "Προβολέας Άφιξης (3x2)",
	"block.mtr.arrival_projector_1_small": "Προβολέας Άφιξης (1x1)",
	"block.mtr.boat_node": "Κόμβος Σκάφους",
	"block.mtr.cable_car_node_lower": "Κόμβος Αυτοκινήτου Καλωδίων",
	"block.mtr.cable_car_node_station": "Κόμβος Σταθμού Αυτοκινήτου Καλωδίου",
	"block.mtr.cable_car_node_upper": "Κόμβος Αυτοκινήτου Καλωδίων",
	"block.mtr.ceiling": "Ταβάνι",
	"block.mtr.ceiling_light": "Φωτιστικό οροφής",
	"block.mtr.ceiling_no_light": "Φωτιστικό οροφής",
	"block.mtr.clock": "Ρολόι",
	"block.mtr.clock_pole": "Πολωνός Ρολογιού",
	"block.mtr.escalator_side": "Κυλιόμενες Σκάλες",
	"block.mtr.escalator_step": "Κυλιόμενες Σκάλες",
	"block.mtr.glass_fence_cio": "Γυάλινο Φράχτη",
	"block.mtr.glass_fence_ckt": "Γυάλινο Φράχτη",
	"block.mtr.glass_fence_heo": "Γυάλινο Φράχτη",
	"block.mtr.glass_fence_mos": "Γυάλινο Φράχτη",
	"block.mtr.glass_fence_plain": "Γυάλινο Φράχτη",
	"block.mtr.glass_fence_shm": "Γυάλινο Φράχτη",
	"block.mtr.glass_fence_stained": "Γυάλινο Φράχτη",
	"block.mtr.glass_fence_stw": "Γυάλινος Φράχτης",
	"block.mtr.glass_fence_tsh": "Γυάλινος Φράχτης",
	"block.mtr.glass_fence_wks": "Γυάλινος Φράχτης",
	"block.mtr.lift_buttons_1": "Ανύψωση / Κουμπιά Ανελκυστήρα",
	"block.mtr.lift_door_1": "Ανελκυστήρας / Πόρτες Ανελκυστήρα",
	"block.mtr.lift_door_odd_1": "Ανελκυστήρας / Πόρτες Ανελκυστήρα",
	"block.mtr.lift_panel_even_1": "Lift / Elevator Display Panel",
	"block.mtr.lift_panel_even_2": "Lift / Elevator Display Panel",
	"block.mtr.lift_panel_odd_1": "Lift / Elevator Display Panel",
	"block.mtr.lift_panel_odd_2": "Lift / Elevator Display Panel",
	"block.mtr.lift_track_1": "Ανύψωση / Ανελκυστήρας",
	"block.mtr.lift_track_floor_1": "Ανύψωση / Ανελκυστήρας Δάπεδο",
	"block.mtr.logo": "Λογότυπο MTR",
	"block.mtr.marble_blue": "Μπλε Μάρμαρο",
	"block.mtr.marble_blue_slab": "Πλάκα Μπλε Μάρμαρου",
	"block.mtr.marble_sandy": "Αμμώδες Μάρμαρο",
	"block.mtr.marble_sandy_slab": "Πλάκα Αμμώδες Μάρμαρου",
	"block.mtr.metal": "Metal",
	"block.mtr.metal_slab": "Metal Slab",
	"block.mtr.pids_1": "Σύστημα Εμφάνισης Πληροφοριών Επιβατών",
	"block.mtr.pids_2": "Σύστημα Εμφάνισης Πληροφοριών Επιβατών",
	"block.mtr.pids_3": "Σύστημα Εμφάνισης Πληροφοριών Επιβατών",
	"block.mtr.pids_pole": "Κολώνα PIDS",
	"block.mtr.platform": "Plataforma",
	"block.mtr.platform_indented": "Plataforma",
	"block.mtr.platform_na_1": "Plataforma (Norteamérica)",
	"block.mtr.platform_na_1_indented": "Plataforma (Norteamérica)",
	"block.mtr.platform_na_2": "Plataforma (Norteamérica)",
	"block.mtr.platform_na_2_indented": "Plataforma (Norteamérica)",
	"block.mtr.platform_uk_1": "Plataforma (Reino Unido)",
	"block.mtr.platform_uk_1_indented": "Plataforma (Reino Unido)",
	"block.mtr.psd_door": "Πόρτες Οθόνης Πλατφόρμας",
	"block.mtr.psd_door_2": "Πόρτες Οθόνης Πλατφόρμας",
	"block.mtr.psd_glass": "Πόρτες Οθόνης Πλατφόρμας",
	"block.mtr.psd_glass_2": "Πόρτες Οθόνης Πλατφόρμας",
	"block.mtr.psd_glass_end": "Πόρτες Οθόνης Πλατφόρμας",
	"block.mtr.psd_glass_end_2": "Πόρτες Οθόνης Πλατφόρμας",
	"block.mtr.psd_top": "Πόρτες Οθόνης Πλατφόρμας",
	"block.mtr.rail": "Κόμβος Ράγας",
	"block.mtr.railway_sign": "Σιδηροδρομική Πινακίδα",
	"block.mtr.railway_sign_pole": "Κολόνα Σιδηροδρομικής Πινακίδας",
	"block.mtr.route_sign_standing_light": "Σημάδι Διαδρομής (Μόνιμο Φως)",
	"block.mtr.route_sign_standing_metal": "Σημάδι Διαδρομής (Μόνιμο Μέταλλο)",
	"block.mtr.route_sign_wall_light": "Πινακίδα Διαδρομής(Φως Τοίχου)",
	"block.mtr.route_sign_wall_metal": "Πινακίδα Διαδρομής(Μέταλλο τοίχου)",
	"block.mtr.rubbish_bin_1": "Σκουπιδοτενεκές",
	"block.mtr.signal_light_1": "Signal Light (2 Aspects)",
	"block.mtr.signal_light_2": "Signal Light (2 Aspects, Double-sided)",
	"block.mtr.signal_light_3": "Signal Light (2 Aspects)",
	"block.mtr.signal_light_3_aspect_1": "Signal Light (3 Aspects)",
	"block.mtr.signal_light_3_aspect_2": "Signal Light (3 Aspects, Double-sided)",
	"block.mtr.signal_light_4": "Signal Light (2 Aspects, Double-sided)",
	"block.mtr.signal_light_4_aspect_1": "Signal Light (4 Aspects)",
	"block.mtr.signal_light_4_aspect_2": "Signal Light (4 Aspects, Double-sided)",
	"block.mtr.signal_pole": "Κολώνα Σηματοδότη",
	"block.mtr.signal_semaphore_1": "Σήμα Σήμανσης",
	"block.mtr.signal_semaphore_2": "Semaphore Signal (Double-sided)",
	"block.mtr.station_name_entrance": "Όνομα Στάσης(Εισόδου)",
	"block.mtr.station_name_tall_block": "Όνομα Στάσης(Ψηλού Τοίχους)",
	"block.mtr.station_name_tall_block_double_sided": "Όνομα Στάσης (Ψηλού Τοίχους, Διπλής Πλευράς)",
	"block.mtr.station_name_tall_wall": "Όνομα Στάσης (Κείμενο Ψηλού Τοίχου)",
	"block.mtr.station_name_wall": "Όνομα Στάσης(Κείμενο Τοίχου, Άσπρο)",
	"block.mtr.station_name_wall_black": "Όνομα Στάσης(Κείμενο Τοίχου, Μαύρο)",
	"block.mtr.station_name_wall_gray": "Όνομα Στάσης(Κείμενο Τοίχου, Γκρι)",
	"block.mtr.station_pole": "Κολώνα Χρωματιστή Στάσης",
	"block.mtr.tactile_map": "Χάρτης Αφής",
	"block.mtr.ticket_barrier_entrance_1": "Πύλη Ελέγχου Εισιτηρίων (Είσοδος)",
	"block.mtr.ticket_barrier_exit_1": "Πύλη Ελέγχου Εισιτηρίων (Έξοδος)",
	"block.mtr.ticket_machine": "Μηχάνημα Εισητηρίων",
	"block.mtr.ticket_processor": "Επεξεργαστής Εισητηρίων",
	"block.mtr.ticket_processor_enquiry": "Επεξεργαστής Αιτήματος",
	"block.mtr.ticket_processor_entrance": "Επεξεργαστής Εισιτηρίων (Είσοδος)",
	"block.mtr.ticket_processor_exit": "Επεξεργαστής Εισητηρίων (Έξοδος)",
	"block.mtr.train_announcer": "Ανακοίνωση",
	"block.mtr.train_cargo_loader": "Φορτωτής Φορτίου",
	"block.mtr.train_cargo_unloader": "Αποφορτωτής Φορτίου",
	"block.mtr.train_schedule_sensor": "Αισθητήρας Προγράμματος",
	"block.mtr.train_sensor": "Αισθητήρας Ερυθρόλιθου",
	"category.mtr.keybinding": "Minecraft Transit Railway Πληκτρολόγηση",
	"entity.mtr.seat": "",
	"gui.mtr.acceleration": "Επιτάχυνση οχήματος",
	"gui.mtr.add_balance_for_emeralds": "Προσθήκη $%s για %s σμαράγδια(α)",
	"gui.mtr.add_depot": "Προσθήκη Αμαξοστάσιου",
	"gui.mtr.add_exit": "Προσθήκη Εξόδου Σταθμού",
	"gui.mtr.add_exit_destination": "Προσθήκη Προορισμού Εξόδου",
	"gui.mtr.add_route": "Προσθήκη Διαδρομής",
	"gui.mtr.add_station": "Προσθήκη σταθμού",
	"gui.mtr.add_value": "Προσθήκη Τιμής",
	"gui.mtr.already_entered": "Ο σταθμός έχει ήδη εισαχθεί",
	"gui.mtr.already_exited": "Κανένα αρχείο δε βρέθηκε",
	"gui.mtr.announcement_message": "Μήνυμα Ανακοίνωσης",
	"gui.mtr.anticlockwise_to": "Αριστερόστροφα σε %s",
	"gui.mtr.anticlockwise_to_cjk": "Αριστερόστροφα%s",
	"gui.mtr.anticlockwise_via": "Αριστερόστροφα μέσω%s",
	"gui.mtr.anticlockwise_via_cjk": "Αριστερόστροφα μέσω %s",
	"gui.mtr.arrival_car": "%s-αυτοκίνητο",
	"gui.mtr.arrival_car_cjk": "%s Έλεγχος",
	"gui.mtr.arrival_min": "%s λεπ",
	"gui.mtr.arrival_min_cjk": "%s Λεπτό",
	"gui.mtr.arrival_sec": "%s δευτ",
	"gui.mtr.arrival_sec_cjk": "%s Δευτερόλεπτο",
	"gui.mtr.automatically_detect_nearby_platform": "Automatically detect nearby platform",
	"gui.mtr.available": "Διαθέσιμο",
	"gui.mtr.available_model_parts": "Διαθέσιμα Τμήματα Μοντέλου",
	"gui.mtr.balance": "Υπόλοιπο: $%s",
	"gui.mtr.cable_car_invalid_orientation": "Μη έγκυρη σύνδεση καλωδίου",
	"gui.mtr.cars_to_spawn": "Cars to Spawn: %s",
	"gui.mtr.clear_vehicles": "Καθαρισμός Οχημάτων",
	"gui.mtr.clockwise_to": "Δεξιόστροφα προς %s",
	"gui.mtr.clockwise_to_cjk": "Δεξιόστροφα%s",
	"gui.mtr.clockwise_via": "Δεξιόστροφα μέσω %s",
	"gui.mtr.clockwise_via_cjk": "Δεξιόστροφα%s",
	"gui.mtr.color": "Χρώμα",
	"gui.mtr.comma": ", ",
	"gui.mtr.comma_cjk": "、",
	"gui.mtr.comma_last": " and ",
	"gui.mtr.comma_last_cjk": "或",
	"gui.mtr.connecting_station_interchange_announcement_part": "the %1$s at %2$s station",
	"gui.mtr.connecting_station_interchange_announcement_part_cjk": "往%2$s站轉乘%1$s",
	"gui.mtr.connecting_station_part": "Passengers may change to %s.",
	"gui.mtr.connecting_station_part_cjk": "乘客可在該站%s。",
	"gui.mtr.cruising_altitude": "Cruising Altitude",
	"gui.mtr.custom_destination_suggestion": "Destination (\\r to Reset)",
	"gui.mtr.custom_resources_export_resource_pack": "Εξαγωγή Πακέτου Πόρων",
	"gui.mtr.custom_resources_gangway_connection_id": "Αναγνωριστικό Σύνδεσης Διάδρομου",
	"gui.mtr.custom_resources_id": "Αναγνωριστικό (ID)",
	"gui.mtr.custom_resources_name": "Ονομα",
	"gui.mtr.custom_resources_rider_offset": "Μετατόπιση Αναβάτη: %s",
	"gui.mtr.custom_resources_train_barrier_id": "Αναγνωριστικό Φράγματος Αμαξοστοιχίας",
	"gui.mtr.delete_confirmation": "Είστε σίγουροι ότι θέλετε να διαγράψετε το %s;",
	"gui.mtr.depot_color": "Χρώμα Αποθήκης",
	"gui.mtr.depot_name": "Όνομα Αποθήκης",
	"gui.mtr.depots": "Αποθήκες",
	"gui.mtr.disable_next_station_announcements": "Disable Next Station Announcements",
	"gui.mtr.dismount_hold": "Κρατήστε το %s για να εξαναγκάσετε την αποσυναρμολόγηση: %s",
	"gui.mtr.display_page": "Page Number",
	"gui.mtr.door_animation_type_bouncy_1": "Doors: Bouncy (1)",
	"gui.mtr.door_animation_type_bouncy_2": "Doors: Bouncy (2)",
	"gui.mtr.door_animation_type_constant": "Doors: Constant",
	"gui.mtr.door_animation_type_mlr": "Doors: MLR",
	"gui.mtr.door_animation_type_plug_fast": "Doors: Fast Plug",
	"gui.mtr.door_animation_type_plug_slow": "Doors: Slow Plug",
	"gui.mtr.door_animation_type_r179": "Doors: R179",
	"gui.mtr.door_animation_type_r211": "Doors: R211",
	"gui.mtr.door_animation_type_standard": "Doors: Standard",
	"gui.mtr.door_animation_type_standard_slow": "Doors: Slow",
	"gui.mtr.drag_file_to_upload": "Σύρετε το αρχείο για μεταφόρτωση",
	"gui.mtr.dwell_time": "Χρόνος Παραμονής Οχήματος",
	"gui.mtr.edit_area": "Κάντε κλικ και σύρετε για να σχεδιάσετε περιοχή.",
	"gui.mtr.edit_instructions": "Επεξεργασία οδηγιών",
	"gui.mtr.edit_route": "Κάντε κλικ σε μια πλατφόρμα για να την προσθέσετε στη διαδρομή.",
	"gui.mtr.editing_part": "Editing: %s",
	"gui.mtr.emeralds": "Σμαράγδια: %s",
	"gui.mtr.enter_barrier": "Εισήχθη %s - Υπόλοιπο: $%s",
	"gui.mtr.exit_barrier": "Έξοδος %s - Πυρετός: $%s - Υπόλοιπο: $%s",
	"gui.mtr.exit_destinations": "Έξοδος Προορισμών",
	"gui.mtr.exit_parents": "Έξοδοι Σταθμού",
	"gui.mtr.file_model": "Αρχείο Blockbench",
	"gui.mtr.file_properties": "Αρχείο Ιδιοτήτων (Προαιρετικό)",
	"gui.mtr.file_texture": "Αρχείο Υφής",
	"gui.mtr.file_upload": "Μεταφόρτωση...",
	"gui.mtr.filtered_platforms": "Φιλτραρισμένες Πλατφόρμες (%s)",
	"gui.mtr.filtered_routes": "Φιλτραρισμένες Διαδρομές (%s)",
	"gui.mtr.filtered_routes_condition": "Μόνο οχήματα που κινούνται στις ακόλουθες διαδρομές θα ενεργοποιήσουν αυτό το μπλοκ",
	"gui.mtr.filtered_routes_empty": "Όλα τα οχήματα θα ενεργοποιήσουν αυτό το μπλοκ",
	"gui.mtr.game_time": "Ώρα Παιχνιδιού",
	"gui.mtr.generate_map": "Δημιουργία χάρτη διαδρομής",
	"gui.mtr.generating_path": "Δημιουργία Διαδρομής",
	"gui.mtr.hide_arrival": "Απόκρυψη Άφιξης",
	"gui.mtr.insufficient_balance": "Ανεπαρκές υπόλοιπο ($%s)",
	"gui.mtr.interchange_announcement": "Σταθμός ανταλλαγής για το %s.",
	"gui.mtr.interchange_announcement_cjk": "Οι επιβάτες μπορούν να μεταφερθούν%s。",
	"gui.mtr.invalid_orientation": "Αδύνατη η σύνδεση της ράγας. Μη έγκυρος προσανατολισμός",
	"gui.mtr.is_anticlockwise_route": "Είναι Αριστερόστροφη Κυκλική Διαδρομή",
	"gui.mtr.is_clockwise_route": "Είναι Δεξιόστροφη Κυκλική Διαδρομή",
	"gui.mtr.is_light_rail_route": "Έχει Αριθμό Διαδρομής",
	"gui.mtr.is_manual": "Οχήμα Που Οδηγείται",
	"gui.mtr.is_route_hidden": "Απόκρυψη Διαδρομής",
	"gui.mtr.last_airplane_station": "This flight is going to %s",
	"gui.mtr.last_airplane_station_cjk": "本航班往%s",
	"gui.mtr.last_boat_station": "Αυτό το σκάφος πηγαίνει στο %s",
	"gui.mtr.last_boat_station_cjk": "Αυτό το όχημα είναι συνδεδεμένο για%s",
	"gui.mtr.last_cable_car_station": "Αυτό το τελεφερίκ πηγαίνει στο %s",
	"gui.mtr.last_cable_car_station_cjk": "Αυτό το τελεφερίκ πηγαίνει στο %s",
	"gui.mtr.last_train_station": "Αυτό το τρένο πηγαίνει στο %s",
	"gui.mtr.last_train_station_cjk": "Αυτό το τελεφερίκ είναι συνδεδεμένο για%s",
	"gui.mtr.left": "Left",
	"gui.mtr.lift_buttons_locked": "Buttons Locked",
	"gui.mtr.lift_buttons_unlocked": "Buttons Unlocked",
	"gui.mtr.lift_floor_description": "Περιγραφή",
	"gui.mtr.lift_floor_number": "Αριθμός Δαπέδου",
	"gui.mtr.lift_is_double_sided": "Double-sided",
	"gui.mtr.lift_should_ding": "Αναπαραγωγή Ήχου \"Ding\"",
	"gui.mtr.lift_style": "Style: %s",
	"gui.mtr.lift_style_opaque": "Opaque",
	"gui.mtr.lift_style_transparent": "Transparent",
	"gui.mtr.lift_track_required": "Lift / Elevator Tracks Required",
	"gui.mtr.light_rail_route_announcement": "Αυτή είναι η διαδρομή %s προς %s.",
	"gui.mtr.light_rail_route_announcement_cjk": "Αυτή η τάξη είναι τρένο%s για %s",
	"gui.mtr.light_rail_route_number": "Αριθμός Διαδρομής",
	"gui.mtr.london_train_interchange_announcement": "Change here for %s.",
	"gui.mtr.london_train_interchange_announcement_cjk": "乘客可在該站轉乘%s。",
	"gui.mtr.london_train_next_station_announcement": "The next station is %s.",
	"gui.mtr.london_train_next_station_announcement_cjk": "下一站是%s。",
	"gui.mtr.london_train_route_announcement": "This is a %s train terminating at %s.",
	"gui.mtr.london_train_route_announcement_cjk": "本班為%s列車前往%s。",
	"gui.mtr.london_train_terminating_announcement": "This train terminates here.",
	"gui.mtr.london_train_terminating_announcement_cjk": "列車以本站為終點站。",
	"gui.mtr.london_train_this_station_announcement": "This station is %s.",
	"gui.mtr.london_train_this_station_announcement_cjk": "本站是%s。",
	"gui.mtr.manual_to_automatic_time": "Καθορισμένο Χρονικό Όριο",
	"gui.mtr.max_manual_speed": "Μέγιστη Ταχύτητα",
	"gui.mtr.max_vehicles": "Μέγιστα οχήματα για περιστροφή",
	"gui.mtr.mismatched_versions": "Ενημερώστε το σιδηροδρομικό mod του Minecraft Transit και προσπαθήστε ξανά.",
	"gui.mtr.mismatched_versions_server_version": "Έκδοση διακομιστή%s",
	"gui.mtr.mismatched_versions_your_version": "Η έκδοση σας: %s",
	"gui.mtr.moving_only": "Μετακινούμενα Οχήματα Μόνο",
	"gui.mtr.mtr_options": "Minecraft Transit Σιδηροδρομικές Επιλογές",
	"gui.mtr.name": "Ονομα",
	"gui.mtr.next_departure": "Εκτιμώμενη επόμενη αναχώρηση: %s",
	"gui.mtr.next_departure_none": "Δεν υπάρχουν προγραμματισμένες αναχωρήσεις",
	"gui.mtr.next_route_airplane_announcement": "This flight will be changed to the %s to %s.",
	"gui.mtr.next_route_airplane_announcement_cjk": "本航班會改為%s前往%s。",
	"gui.mtr.next_route_boat_announcement": "Αυτό το σκάφος θα αλλάξει στο %s προς %s.",
	"gui.mtr.next_route_boat_announcement_cjk": "Αυτό το δρομολόγιο θα μεταφερθεί%sγια%s",
	"gui.mtr.next_route_boat_light_rail_announcement": "Αυτή η διαδρομή θα αλλάξει σε διαδρομή %s. Επιβάτες προς %s, παρακαλώ πάρτε αυτό το σκάφος.",
	"gui.mtr.next_route_boat_light_rail_announcement_cjk": "本渡輪會改為%s路綫。前往%s沿途各站之乘客，可乘本渡輪。",
	"gui.mtr.next_route_cable_car_announcement": "Αυτό το τελεφερίκ θα αλλάξει από %s σε %s.",
	"gui.mtr.next_route_cable_car_announcement_cjk": "Αυτό το τελεφερίκ θα μεταφερθεί από%sσε%s",
	"gui.mtr.next_route_train_announcement": "Αυτό το τρένο θα αλλάξει στο %s προς %s.",
	"gui.mtr.next_route_train_announcement_cjk": "Αυτό το δρομολόγιο θα μεταφερθεί%sγια%s",
	"gui.mtr.next_route_train_light_rail_announcement": "Αυτό το δρομολόγιο θα αλλάξει σε δρομολόγιο %s. Οι επιβάτες του %s, παρακαλώ να πάρουν αυτό το τρένο.",
	"gui.mtr.next_route_train_light_rail_announcement_cjk": "本班車會改為%s路綫。前往%s沿途各站之乘客，可乘本列車。",
	"gui.mtr.next_station": "Η επόμενη στάση είναι %s",
	"gui.mtr.next_station_announcement": "Επόμενος σταθμός: %s.",
	"gui.mtr.next_station_announcement_cjk": "Επόμενη στάση：%s。",
	"gui.mtr.next_station_cjk": "Η επόμενη στάση είναι%s",
	"gui.mtr.next_station_light_rail_announcement": "Επόμενος σταθμός: %s.",
	"gui.mtr.next_station_light_rail_announcement_cjk": "Επόμενη στάση：%s。",
	"gui.mtr.no_lift_tracks_floor_found": "No Lift / Elevator Floor Tracks Found",
	"gui.mtr.offset_x": "Offset X: %s",
	"gui.mtr.offset_y": "Offset Y: %s",
	"gui.mtr.offset_z": "Offset Z: %s",
	"gui.mtr.part_blacklisted_cars": "Μαύρη Λίστα Οχημάτων",
	"gui.mtr.part_display_cjk_size_ratio": "CJK Size: %s",
	"gui.mtr.part_display_force_single_line": "Force Single Line",
	"gui.mtr.part_display_force_upper_case": "Force Upper Case",
	"gui.mtr.part_display_should_scroll": "Scrolling Text",
	"gui.mtr.part_display_text_color": "Colour",
	"gui.mtr.part_display_text_color_cjk": "CJK/Non-CJK Colour",
	"gui.mtr.part_display_type_destination": "Type: Destination",
	"gui.mtr.part_display_type_next_station_kcr": "Type: Next Station (KCR)",
	"gui.mtr.part_display_type_next_station_mtr": "Type: Next Station (MTR)",
	"gui.mtr.part_display_type_next_station_plain": "Type: Next Station",
	"gui.mtr.part_display_type_next_station_uk": "Type: Next Station (UK)",
	"gui.mtr.part_display_type_route_number": "Type: Route Number",
	"gui.mtr.part_display_x_padding": "X Padding: %s",
	"gui.mtr.part_display_y_padding": "Y Padding: %s",
	"gui.mtr.part_door_offset_left_negative": "Μετατόπιση Πόρτας: -Αριστερά",
	"gui.mtr.part_door_offset_left_positive": "Μετατόπιση Πόρτας: +Αριστερά",
	"gui.mtr.part_door_offset_none": "Μετατόπιση Πόρτας: Καμία",
	"gui.mtr.part_door_offset_right_negative": "Μετατόπιση Πόρτας: -Δεξιά",
	"gui.mtr.part_door_offset_right_positive": "Μετατόπιση Πόρτας: +Δεξιά",
	"gui.mtr.part_is_display": "Is Display",
	"gui.mtr.part_mirror": "Κατοπτρισμένο",
	"gui.mtr.part_positions": "Θέσεις",
	"gui.mtr.part_render_condition_all": "Render: Πάντα",
	"gui.mtr.part_render_condition_door_left_closed": "Render: Αριστερές Πόρτες Κλειστές",
	"gui.mtr.part_render_condition_door_left_open": "Render: Αριστερές Πόρτες Ανοιχτές",
	"gui.mtr.part_render_condition_door_right_closed": "Render: Δεξιά Πόρτες Κλειστές",
	"gui.mtr.part_render_condition_door_right_open": "Render: Δεξιά Πόρτες Ανοιχτές",
	"gui.mtr.part_render_condition_doors_closed": "Render: Πόρτες Κλειστές",
	"gui.mtr.part_render_condition_doors_open": "Render: Πόρτες Ανοιχτές",
	"gui.mtr.part_render_condition_moving_backwards": "Render: Μετακίνηση Πίσω",
	"gui.mtr.part_render_condition_moving_forwards": "Render: Μετακίνηση Μπροστά",
	"gui.mtr.part_skip_rendering_if_too_far": "Απόκρυψη Εάν Μακριά",
	"gui.mtr.part_stage_always_on_lights": "Φώτα (Πάντα Ανοιχτά)",
	"gui.mtr.part_stage_exterior": "Εξωτερικό",
	"gui.mtr.part_stage_interior": "Εσωτερικό",
	"gui.mtr.part_stage_interior_translucent": "Εσωτερικό (Ημιδιαφανές)",
	"gui.mtr.part_stage_lights": "Φώτα",
	"gui.mtr.part_whitelisted_cars": "Επιτρεπόμενα Οχήματα",
	"gui.mtr.path_found": "Η διαδρομή δημιουργήθηκε επιτυχώς",
	"gui.mtr.path_not_found_between": "Η διαδρομή δε βρέθηκε στην/στο %s|ενδιάμεσα|> %s|και|> %s,",
	"gui.mtr.path_not_generated": "Η διαδρομή δεν δημιουργήθηκε",
	"gui.mtr.percentage_complete_bridge": "Οικοδόμηση γέφυρας (%s%%)",
	"gui.mtr.percentage_complete_tunnel": "Οικοδόμηση σήραγγας (%s%%)",
	"gui.mtr.percentage_complete_tunnel_wall": "Τοίχος κατασκευής σήραγγας (%s%%)",
	"gui.mtr.pids_message": "Προσαρμοσμένο Μήνυμα PIDS",
	"gui.mtr.platform": "Πλατφόρμα %s",
	"gui.mtr.platform_number": "Αριθμός Πλατφόρμας",
	"gui.mtr.platform_or_siding_exists": "Κάθε κόμβος σιδηροτροχιάς μπορεί να συνδεθεί μόνο σε μία εξέδρα ή πλαισιωμένο",
	"gui.mtr.press_to_select_floor": "Πάτησε %s για να επιλέξεις όροφο",
	"gui.mtr.psd_apg_door_locked": "Κλειδωμένη Πόρτα",
	"gui.mtr.psd_apg_door_unlocked": "Ξεκλείδωτη Πόρτα",
	"gui.mtr.radius_too_small": "Δεν ήταν δυνατή η σύνδεση της σιδηροτροχιάς. Η ακτίνα πρέπει να είναι τουλάχιστον 2",
	"gui.mtr.rail_action_bridge": "Γέφυρα από %s (%s κύβους μήκος, %s)",
	"gui.mtr.rail_action_tunnel": "Τούνελ κατά %s (%s κυβικό μήκος)",
	"gui.mtr.rail_action_tunnel_wall": "Τοίχος Τούνελ από %s (%s κυβικού μήκος, %s)",
	"gui.mtr.rail_actions": "Τρέχουσες Λειτουργίες Κατασκευής",
	"gui.mtr.rail_actions_button": "Λειτουργίες...",
	"gui.mtr.rail_not_found": "Αδυναμία δημιουργίας σήματος. Δε βρέθηκε ράγες",
	"gui.mtr.rail_not_found_action": "Δεν ήταν δυνατή η εκτέλεση ενέργειας. Δε βρέθηκαν ράγες",
	"gui.mtr.refresh_path": "Ανανέωση Διαδρομής",
	"gui.mtr.repeat_indefinitely": "Επανάληψη Οδηγιών Για Πάντα",
	"gui.mtr.reset_sign": "Επαναφορά",
	"gui.mtr.right": "Right",
	"gui.mtr.rotate_anticlockwise": "Rotate Anticlockwise",
	"gui.mtr.rotate_clockwise": "Rotate Clockwise",
	"gui.mtr.route_color": "Χρώμα Διαδρομής",
	"gui.mtr.route_name": "Όνομα διαδρομής",
	"gui.mtr.route_type_boat_high_speed": "Τύπος: Γρήγορο Πλοίο",
	"gui.mtr.route_type_boat_light_rail": "Τύπος: Κρουαζιέρα",
	"gui.mtr.route_type_boat_normal": "Τύπος: Πλοίο",
	"gui.mtr.route_type_train_high_speed": "Τύπος: Υψηλή Ταχύτητα",
	"gui.mtr.route_type_train_light_rail": "Τύπος: Ελαφριά Ράγα",
	"gui.mtr.route_type_train_normal": "Τύπος: Κανονικό",
	"gui.mtr.routes": "Διαδρομές",
	"gui.mtr.s": "s",
	"gui.mtr.schedule_mode_real_time_off": "Πρόγραμμα: Χρόνος Minecraft",
	"gui.mtr.schedule_mode_real_time_on": "Πρόγραμμα: Πραγματικός Χρόνος",
	"gui.mtr.search": "Αναζήτηση",
	"gui.mtr.select_all_platforms": "Εμφάνιση αφίξεων από όλες τις πλατφόρμες",
	"gui.mtr.selected": "Επιλεγμένο",
	"gui.mtr.selected_vehicle": "Επιλεγμένο Όχημα",
	"gui.mtr.separator": "/",
	"gui.mtr.separator_cjk": "/",
	"gui.mtr.settings": "Ρυθμίσεις",
	"gui.mtr.siding_number": "Πλευρικός Αριθμός",
	"gui.mtr.sidings_in_depot": "Αποκρύψεις σε αυτήν την αποθήκη: %s",
	"gui.mtr.sound_file": "Αρχείο ήχου",
	"gui.mtr.station": "Σταθμός %s",
	"gui.mtr.station_cjk": "%sΣταθμός",
	"gui.mtr.station_color": "Χρώμα Σταθμού",
	"gui.mtr.station_name": "Όνομα Σταθμού",
	"gui.mtr.stations": "Σταθμοί",
	"gui.mtr.stopped_only": "Μόνο Σταματημένα Οχήματα",
	"gui.mtr.support": "Υποστήριξη",
	"gui.mtr.this_station": "Αυτός ο σταθμός είναι %s",
	"gui.mtr.this_station_cjk": "Αυτή η περιοχή είναι%s",
	"gui.mtr.to": "hacia %s",
	"gui.mtr.to_cjk": "往%s",
	"gui.mtr.tph": "/ώρα",
	"gui.mtr.train_schedule_sensor": "Μετατόπιση Άφιξης (Δευτερόλεπτα)",
	"gui.mtr.transport_mode_airplane": "Type: Airplane",
	"gui.mtr.transport_mode_boat": "Τύπος: Σκάφος",
	"gui.mtr.transport_mode_cable_car": "Τύπος: Τελεφερίκ",
	"gui.mtr.transport_mode_train": "Τύπος: Τρένο",
	"gui.mtr.unlimited": "Απεριόριστα",
	"gui.mtr.unlimited_vehicles": "Απεριόριστα Οχήματα",
	"gui.mtr.untitled": "Άτιτλο",
	"gui.mtr.use_time_and_wind_sync": "Αυτόματος συγχρονισμός ώρας με τη λειτουργία Mod ώρας & ανέμου",
	"gui.mtr.used_model_parts": "Χρησιμοποιημένα Μέρη Μοντέλων",
	"gui.mtr.vehicle_brightness": "Φωτεινότητα: %s%%",
	"gui.mtr.vehicle_cars": "Αυτοκίνητα: %s",
	"gui.mtr.vehicle_direction_backwards": "Κατεύθυνση: Πίσω",
	"gui.mtr.vehicle_direction_forwards": "Κατεύθυνση: Μπροστά",
	"gui.mtr.vehicle_door_max": "Πόρτα: %s",
	"gui.mtr.vehicle_length": "Μήκος: %s",
	"gui.mtr.vehicle_speed": "Ταχύτητα: %s m/s (%s km/h)",
	"gui.mtr.vehicle_width": "Πλάτος: %s",
	"gui.mtr.vehicles_per_hour": "Οχήματα Ανά Ώρα",
	"gui.mtr.welcome_station": "Καλώς ήρθατε στον σταθμό %s.",
	"gui.mtr.welcome_station_cjk": "Καλωσήρθατε στον σταθμό%s",
	"gui.mtr.zone": "Ζώνη Χρέωσης",
	"gui.mtr.zone_number": "Ζώνη %s",
	"item.mtr.apg_door": "Αυτόματες Πύλες Πλατφόρμας",
	"item.mtr.apg_glass": "Αυτόματες Πύλες Πλατφόρμας",
	"item.mtr.apg_glass_end": "Αυτόματες Πύλες Πλατφόρμας",
	"item.mtr.bridge_creator_3": "Δημιουργός Γέφυρας",
	"item.mtr.bridge_creator_5": "Δημιουργός Γέφυρας",
	"item.mtr.bridge_creator_7": "Δημιουργός Γέφυρας",
	"item.mtr.bridge_creator_9": "Δημιουργός Γέφυρας",
	"item.mtr.brush": "Βούρτσα",
	"item.mtr.dashboard": "Ταμπλό Σιδηροδρόμων",
	"item.mtr.dashboard_2": "Ταμπλό Πλοίου",
	"item.mtr.dashboard_3": "Πίνακας Ελέγχου Αυτοκινήτου Καλωδίου",
	"item.mtr.dashboard_4": "Flight Dashboard",
	"item.mtr.driver_key": "Κλειδί Οδηγού",
	"item.mtr.escalator": "Κυλιόμενες Σκάλες",
	"item.mtr.lift_buttons_link_connector": "Σύνδεση Σύνδεσης Κουμπιών Ανελκυστήρων / Ανελκυστήρων",
	"item.mtr.lift_buttons_link_remover": "Αφαίρεση Συνδέσμων Κουμπιών Ανελκυστήρων / Ανελκυστήρων",
	"item.mtr.lift_door_1": "Ανελκυστήρας / Πόρτες Ανελκυστήρα",
	"item.mtr.lift_door_odd_1": "Ανελκυστήρας / Πόρτες Ανελκυστήρα",
	"item.mtr.lift_refresher": "Lift / Elevator Refresher",
	"item.mtr.psd_door": "Πόρτες Οθόνης Πλατφόρμας",
	"item.mtr.psd_door_2": "Πόρτες Οθόνης Πλατφόρμας",
	"item.mtr.psd_glass": "Πόρτες Οθόνης Πλατφόρμας",
	"item.mtr.psd_glass_2": "Πόρτες Οθόνης Πλατφόρμας",
	"item.mtr.psd_glass_end": "Πόρτες Οθόνης Πλατφόρμας",
	"item.mtr.psd_glass_end_2": "Πόρτες Οθόνης Πλατφόρμας",
	"item.mtr.rail_connector_120": "Σύνδεσμος Ράγας Οψιδιανού",
	"item.mtr.rail_connector_120_one_way": "Σύνδεσμος Ράγας Οψιδιανού (Μια Κατεύθυνση)",
	"item.mtr.rail_connector_160": "Σύνδεσμος Ράγας Φλόγας",
	"item.mtr.rail_connector_160_one_way": "Σύνδεσμος Ράγας Φλόγας (Μια Κατεύθυνση)",
	"item.mtr.rail_connector_20": "Ξύλινος Σύνδεσμος Ράγας",
	"item.mtr.rail_connector_200": "Σύνδεσμος Χαλαζίας Ράγας",
	"item.mtr.rail_connector_200_one_way": "Σύνδεσμος Χαλαζίας Ράγας (Μια Κατεύθυνση)",
	"item.mtr.rail_connector_20_one_way": "Ξύλινος Σύνδεσμος Ράγας (Μια Κατεύθυνση)",
	"item.mtr.rail_connector_300": "Σύνδεσμος Διαμαντένιας Ράγας",
	"item.mtr.rail_connector_300_one_way": "Σύνδεσμος Διαμαντένιας Ράγας (Μια Κατεύθυνση)",
	"item.mtr.rail_connector_40": "Σύνδεσμος Πέτρινων Ράγων",
	"item.mtr.rail_connector_40_one_way": "Σύνδεσμος Πέτρινης Ράγας (Μια Κατεύθυνση)",
	"item.mtr.rail_connector_60": "Σύνδεσμος Σιδηροδρόμων Σμαραγδένιας",
	"item.mtr.rail_connector_60_one_way": "Σύνδεσμος Σμαραγδένιας Ράγας (Μια Κατεύθυνση)",
	"item.mtr.rail_connector_80": "Σύνδεσμος Σιδήρου Ράγας",
	"item.mtr.rail_connector_80_one_way": "Σύνδεσμος Σιδήρου Ράγας (Μια Κατεύθυνση)",
	"item.mtr.rail_connector_cable_car": "Καλώδιο Σύνδεσης Τελεφερίκ",
	"item.mtr.rail_connector_platform": "Σύνδεσμος Ράγας Πλατφόρμας",
	"item.mtr.rail_connector_runway": "Runway Rail Connector",
	"item.mtr.rail_connector_siding": "Πλευρικός Σύνδεσμος Ράγας",
	"item.mtr.rail_connector_turn_back": "Σύνδεσμος Ράγας Αναστροφής",
	"item.mtr.rail_remover": "Αφαιρετής Ράγας",
	"item.mtr.resource_pack_creator": "Δημιουργός Πακέτου Πόρων",
	"item.mtr.signal_connector_black": "Μαύρη Σύνδεση Σήματος",
	"item.mtr.signal_connector_blue": "Σύνδεση Μπλε Σήματος",
	"item.mtr.signal_connector_brown": "Σύνδεση Καφέ Σήματος",
	"item.mtr.signal_connector_cyan": "Κυανός Σύνδεσμος Σήματος",
	"item.mtr.signal_connector_gray": "Γκρί Σύνδεση Σήματος",
	"item.mtr.signal_connector_green": "Πράσινη Σύνδεση Σήματος",
	"item.mtr.signal_connector_light_blue": "Γαλάζια Σύνδεση Σήματος",
	"item.mtr.signal_connector_light_gray": "Ανοιχτό Γκρι Σύνδεση Σήματος",
	"item.mtr.signal_connector_lime": "Λάιμ Σύνδεση Σήματος",
	"item.mtr.signal_connector_magenta": "Σύνδεση Σήματος Magenta",
	"item.mtr.signal_connector_orange": "Σύνδεση Πορτοκαλί Σήματος",
	"item.mtr.signal_connector_pink": "Ροζ Σύνδεση Σήματος",
	"item.mtr.signal_connector_purple": "Μωβ Σύνδεση Σήματος",
	"item.mtr.signal_connector_red": "Σύνδεση Κόκκινου Σήματος",
	"item.mtr.signal_connector_white": "Λευκή Σύνδεση Σήματος",
	"item.mtr.signal_connector_yellow": "Κίτρινη Σύνδεση Σήματος",
	"item.mtr.signal_remover_black": "Αφαίρεση Μαύρου Σήματος",
	"item.mtr.signal_remover_blue": "Αφαίρεση Μπλε Σήματος",
	"item.mtr.signal_remover_brown": "Αφαίρεση Καφέ Σήματος",
	"item.mtr.signal_remover_cyan": "Αφαίρεση Κυανού Σήματος",
	"item.mtr.signal_remover_gray": "Αφαίρεση Γκρι Σήματος",
	"item.mtr.signal_remover_green": "Αφαίρεση Πράσινου Σήματος",
	"item.mtr.signal_remover_light_blue": "Αφαίρεση Ανοιχτού Μπλε Σήματος",
	"item.mtr.signal_remover_light_gray": "Αφαίρεση Ανοιχτού Γκρι Σήματος",
	"item.mtr.signal_remover_lime": "Αφαίρεση Λάιμ Σήματος",
	"item.mtr.signal_remover_magenta": "Αφαίρεση Ματζέτα Σήματος",
	"item.mtr.signal_remover_orange": "Αφαίρεση Πορτοκαλί Σήματος",
	"item.mtr.signal_remover_pink": "Αφαίρεση Ροζ Σήματος",
	"item.mtr.signal_remover_purple": "Αφαίρεση Μωβ Σήματος",
	"item.mtr.signal_remover_red": "Αφαίρεση Κόκκινου Σήματος",
	"item.mtr.signal_remover_white": "Αφαίρεση Άσπρου Σήματος",
	"item.mtr.signal_remover_yellow": "Αφαίρεση Κίτρινου Σήματος",
	"item.mtr.tunnel_creator_4_3": "Δημιουργός Σηράγγων",
	"item.mtr.tunnel_creator_4_5": "Δημιουργός Σηράγγων",
	"item.mtr.tunnel_creator_4_7": "Δημιουργός Σηράγγων",
	"item.mtr.tunnel_creator_4_9": "Δημιουργός Σηράγγων",
	"item.mtr.tunnel_creator_5_3": "Δημιουργός Tunnel",
	"item.mtr.tunnel_creator_5_5": "Δημιουργός Tunnel",
	"item.mtr.tunnel_creator_5_7": "Δημιουργός Tunnel",
	"item.mtr.tunnel_creator_5_9": "Δημιουργός Tunnel",
	"item.mtr.tunnel_creator_6_3": "Δημιουργός Tunnel",
	"item.mtr.tunnel_creator_6_5": "Δημιουργός Tunnel",
	"item.mtr.tunnel_creator_6_7": "Δημιουργός Tunnel",
	"item.mtr.tunnel_creator_6_9": "Δημιουργός Tunnel",
	"item.mtr.tunnel_wall_creator_4_3": "Δημιουργός Τοίχων Tunnel",
	"item.mtr.tunnel_wall_creator_4_5": "Δημιουργός Τοίχων Tunnel",
	"item.mtr.tunnel_wall_creator_4_7": "Δημιουργός Τοίχων Tunnel",
	"item.mtr.tunnel_wall_creator_4_9": "Δημιουργός Τοίχων Tunnel",
	"item.mtr.tunnel_wall_creator_5_3": "Δημιουργός Τοίχων Tunnel",
	"item.mtr.tunnel_wall_creator_5_5": "Δημιουργός Τοίχων Tunnel",
	"item.mtr.tunnel_wall_creator_5_7": "Δημιουργός Τοίχων Tunnel",
	"item.mtr.tunnel_wall_creator_5_9": "Δημιουργός Τοίχων Tunnel",
	"item.mtr.tunnel_wall_creator_6_3": "Δημιουργός Τοίχων Tunnel",
	"item.mtr.tunnel_wall_creator_6_5": "Δημιουργός Τοίχων Tunnel",
	"item.mtr.tunnel_wall_creator_6_7": "Δημιουργός Τοίχων Tunnel",
	"item.mtr.tunnel_wall_creator_6_9": "Δημιουργός Τοίχων Tunnel",
	"itemGroup.mtr.core": "Minecraft Transit Σιδηροδρομικός Πυρήνας",
	"itemGroup.mtr.escalators_lifts": "Κυλιόμενες Σκάλες και Ανελκυστήρας",
	"itemGroup.mtr.railway_facilities": "Σιδηροδρομικές Εγκαταστάσεις",
	"itemGroup.mtr.station_building_blocks": "Κύβοι Κατασκευής Σταθμών",
	"key.mtr.debug_1_negative": "Debug Field 1 (Subtract)",
	"key.mtr.debug_1_positive": "Debug Field 1 (Add)",
	"key.mtr.debug_2_negative": "Debug Field 2 (Subtract)",
	"key.mtr.debug_2_positive": "Debug Field 2 (Add)",
	"key.mtr.debug_3_negative": "Debug Field 3 (Subtract)",
	"key.mtr.debug_3_positive": "Debug Field 3 (Add)",
	"key.mtr.debug_cycle_negative": "Cycle Debug Category (Backwards)",
	"key.mtr.debug_cycle_positive": "Cycle Debug Category (Forwards)",
	"key.mtr.lift_menu": "Άνοιγμα Επιλογής Δαπέδου Ανελκυστήρα",
	"key.mtr.train_accelerate": "Επιτάχυνση Οχήματος",
	"key.mtr.train_brake": "Φρένο Οχήματος",
	"key.mtr.train_toggle_doors": "Εναλλαγή Πορτών",
	"options.mtr.anonymous": "Ανώνυμος",
	"options.mtr.dynamic_texture_resolution": "Δυναμική ανάλυση υφής (υψηλότερες τιμές ενδέχεται να συντριβούν!)",
	"options.mtr.hide_special_rail_colors": "Απόκρυψη ειδικών χρωμάτων ράγας",
	"options.mtr.hide_translucent_parts": "Απόκρυψη ημιδιαφανών τμημάτων σε οχήματα",
	"options.mtr.language_options": "Language display on signs",
	"options.mtr.language_options_0": "Default",
	"options.mtr.language_options_1": "CJK Only",
	"options.mtr.language_options_2": "Non-CJK",
	"options.mtr.off": "Απενεργοποιημένο",
	"options.mtr.on": "Ενεργοποιημένο",
	"options.mtr.shift_to_toggle_sitting": "Χρησιμοποίησε το %s για να κάνεις εναλλαγή καθίσματος σε εσωτερικά οχήματα",
	"options.mtr.show_announcement_messages": "Εμφάνιση μηνυμάτων επόμενου σταθμού στη συνομιλία",
	"options.mtr.support_patreon": "Υποστηρίξτε το mod στο Patreon!",
	"options.mtr.track_texture_offset": "Μετατόπιση Υφής Κομματιού",
	"options.mtr.use_dynamic_fps": "Δυναμική ενίσχυση FPS",
	"options.mtr.use_mtr_font": "Χρήση προσαρμοσμένων γραμματοσειρών MTR (μπορεί να μην λειτουργεί σε ορισμένους υπολογιστές)",
	"options.mtr.use_tts_announcements": "Ενεργοποίηση ανακοινώσεων κειμένου σε ομιλία \"επόμενος σταθμός\"",
	"options.mtr.vehicle_render_distance_ratio": "Η απόδοση οχήματος σε σχέση με την απόδοση του Minecraft",
	"sign.mtr.airport": "Airport",
	"sign.mtr.airport_arrivals": "Arrivals",
	"sign.mtr.airport_arrivals_cjk": "抵港",
	"sign.mtr.airport_cjk": "機場",
	"sign.mtr.airport_departures": "Departures",
	"sign.mtr.airport_departures_cjk": "離港",
	"sign.mtr.airport_express": "Τρένα προς Αεροδρόμιο",
	"sign.mtr.airport_express_city": "Τρένα προς Πόλη",
	"sign.mtr.airport_express_city_cjk": "Τρένο για πόλη",
	"sign.mtr.airport_express_cjk": "Τρένο για αεροδρόμιο",
	"sign.mtr.airport_transfer": "Transfer",
	"sign.mtr.airport_transfer_cjk": "轉機",
	"sign.mtr.baggage_claim": "Baggage Claim",
	"sign.mtr.baggage_claim_cjk": "提取行李",
	"sign.mtr.boat": "Πλοία",
	"sign.mtr.boat_cjk": "Το πλοίο",
	"sign.mtr.cable_car": "Τελεφερίκ",
	"sign.mtr.cable_car_cjk": "Τελεφερίκ",
	"sign.mtr.check_in_passengers": "Check-in Επιβάτες",
	"sign.mtr.check_in_passengers_cjk": "Εισερχόμενοι Επιβάτες",
	"sign.mtr.cross": "Καμία Είσοδος",
	"sign.mtr.cross_cjk": "Δεν επιτρέπεται η επιβίβαση",
	"sign.mtr.customer_service_centre": "Κέντρο Εξυπηρέτησης Πελατών",
	"sign.mtr.customer_service_centre_cjk": "Κέντρο εξυπηρέτησης πελατών",
	"sign.mtr.emergency_exit": "Έξοδος Κινδύνου",
	"sign.mtr.emergency_exit_cjk": "Έξοδος κινδύνου",
	"sign.mtr.escalator_to_concourse_down": "Μόνο Με Συνδρομή",
	"sign.mtr.escalator_to_concourse_down_cjk": "Προς την αφετηρία",
	"sign.mtr.escalator_to_concourse_up": "Μόνο Με Συνδρομή",
	"sign.mtr.escalator_to_concourse_up_cjk": "Προς την αφετηρία",
	"sign.mtr.female": "Γυναικεία Τουαλέτα",
	"sign.mtr.female_cjk": "Τουαλέτα Γυναικών",
	"sign.mtr.in_town_check_in": "Έλεγχος ταυτότητας Εντός Πόλης",
	"sign.mtr.in_town_check_in_cjk": "Έλεγχος εντός πόλης",
	"sign.mtr.lift_1": "Ανελκυστήρας",
	"sign.mtr.lift_1_cjk": "Ανελκυστήρας",
	"sign.mtr.lift_2": "Ανελκυστήρας",
	"sign.mtr.lift_2_cjk": "Ανελκυστήρας",
	"sign.mtr.light_rail_1": "Ελαφριά Ράγα",
	"sign.mtr.light_rail_1_cjk": "Ελαφριά Ράγα",
	"sign.mtr.light_rail_2": "Ελαφριά Ράγα",
	"sign.mtr.light_rail_2_cjk": "Ελαφριά Ράγα",
	"sign.mtr.light_rail_3": "Ελαφριά Ράγα",
	"sign.mtr.light_rail_3_cjk": "Ελαφριά Ράγα",
	"sign.mtr.light_rail_4": "Ελαφριά Ράγα",
	"sign.mtr.light_rail_4_cjk": "Ελαφριά Ράγα",
	"sign.mtr.logo": "Minecraft Transit Σιδηροδρομικός",
	"sign.mtr.logo_cjk": "Minecraft Transit Σιδηροδρομικός",
	"sign.mtr.male": "Ανδρική Τουαλέτα",
	"sign.mtr.male_cjk": "Ανδρική Τουαλέτα",
	"sign.mtr.platform": "Πλατφόρμα",
	"sign.mtr.platform_cjk": "Πλατφόρμα",
	"sign.mtr.sp1900": "Τρένα",
	"sign.mtr.sp1900_cjk": "Τρένα",
	"sign.mtr.station": "Station",
	"sign.mtr.station_cjk": "車站",
	"sign.mtr.tickets": "Εισιτήρια",
	"sign.mtr.tickets_cjk": "Εισιτήρια",
	"sign.mtr.toilets": "Τουαλέτες",
	"sign.mtr.toilets_cjk": "Τουαλέτες",
	"sign.mtr.train": "Τρένα",
	"sign.mtr.train_cjk": "Τρένο",
	"sign.mtr.train_old": "Τρένα",
	"sign.mtr.train_old_cjk": "Παλιό Τρένο",
	"sign.mtr.wheelchair": "Τουαλέτες",
	"sign.mtr.wheelchair_cjk": "Τουαλέτα",
	"sign.mtr.wifi": "Δωρεάν Wi-Fi Hotspot",
	"sign.mtr.wifi_cjk": "Δωρεάν πρόσβαση Wi-Fi",
	"sign.mtr.xrl_1": "Υψηλής Ταχύτητας Ράγα",
	"sign.mtr.xrl_1_cjk": "Ράγα Υψηλής Ταχύτητας",
	"sign.mtr.xrl_2": "Υψηλής Ταχύτητας Ράγα",
	"sign.mtr.xrl_2_cjk": "Ράγα Υψηλής Ταχύτητας",
	"sign.mtr.yellow_head_1": "Τρένα",
	"sign.mtr.yellow_head_1_cjk": "Τρένο",
	"sign.mtr.yellow_head_2": "Τρένα",
	"sign.mtr.yellow_head_2_cjk": "Τρένο",
	"tooltip.block.mtr.glass_fence_cio": "Πόλη Ένα",
	"tooltip.block.mtr.glass_fence_ckt": "Che Kung Ναός",
	"tooltip.block.mtr.glass_fence_heo": "Heng On",
	"tooltip.block.mtr.glass_fence_mos": "Ma On Shan",
	"tooltip.block.mtr.glass_fence_plain": "Γυάλινος Φράχτης",
	"tooltip.block.mtr.glass_fence_shm": "Shek Mun",
	"tooltip.block.mtr.glass_fence_stained": "Χρωματισμένη Πλάκα Γυαλιού",
	"tooltip.block.mtr.glass_fence_stw": "Sha Tin Wai",
	"tooltip.block.mtr.glass_fence_tsh": "Tai Shui Hang",
	"tooltip.block.mtr.glass_fence_wks": "Wu Kai Sha",
	"tooltip.mtr.cable_car_node": "Καμία πλατφόρμα και πλαισιώσεις\nΜόνο ευθείες συνδέσεις",
	"tooltip.mtr.cable_car_node_station": "Μπορούν να δημιουργηθούν πλατφόρμες και παρακαμπτήριες επιφάνειες\nΜπορούν να δημιουργηθούν καμπύλες",
	"tooltip.mtr.pole_placement": "Πρέπει να τοποθετηθεί πάνω από ένα υπάρχον\n%s",
	"tooltip.mtr.psd_apg_door": "Τμήμα Πόρτας",
	"tooltip.mtr.psd_apg_door_2": "Τμήμα Πόρτας",
	"tooltip.mtr.psd_apg_glass": "Γυάλινο Τμήμα",
	"tooltip.mtr.psd_apg_glass_2": "Γυάλινο Τμήμα",
	"tooltip.mtr.psd_apg_glass_end": "Τέλος Γυάλινου Τμήματος",
	"tooltip.mtr.rail_action_depth": "Βάθος: %s",
	"tooltip.mtr.rail_action_height": "Ύψος: %s",
	"tooltip.mtr.rail_action_width": "Πλάτος: %s",
	"tooltip.mtr.rail_speed_limit": "Όριο ταχύτητας: %s",
	"tooltip.mtr.railway_sign_even": "Προσανατολισμός: Όμοιος",
	"tooltip.mtr.railway_sign_length": "Μήκος: %s",
	"tooltip.mtr.railway_sign_odd": "Προσανατολισμός: Διαφορετικός",
	"tooltip.mtr.selected_block": "Επιλεγμένος Κύβος: %s",
	"tooltip.mtr.selected_material": "Επιλεγμένο υλικό: %s",
	"tooltip.mtr.shift_right_click_to_clear": "Κρατήστε πατημένο το %s και χρησιμοποιήστε σε %s για επαναφορά",
	"tooltip.mtr.shift_right_click_to_select_material": "Κρατήστε πατημένο το %s και χρησιμοποιήστε στο μπλοκ για να επιλέξετε υλικό",
	"tooltip.mtr.station_color": "Χρώμα εξαρτάται από τον σταθμό",
	"tooltip.mtr.station_color_name": "Χρώμα και κείμενο εξαρτώνται από τον σταθμό",
	"train.mtr.a320": "Airbus A320",
	"train.mtr.a_train_ael": "CAF Αεροδρόμιο Express",
	"train.mtr.a_train_ael_mini": "CAF Αεροδρόμιο Express(Μικρό)",
	"train.mtr.a_train_tcl": "CAF Tung Chung Γραμμή",
	"train.mtr.a_train_tcl_mini": "CAF Tung Chung Γραμμή(Μικρή)",
	"train.mtr.a_train_tcl_small": "CAF Tung Chung Γραμμή(Μικρή)",
	"train.mtr.acacia_boat": "Ξύλο Ακακίας",
	"train.mtr.birch_boat": "Βάρκα σημύδας",
	"train.mtr.br_423": "DB BR 423",
	"train.mtr.c1141a": "1141A / TML C-Τρένο",
	"train.mtr.c1141a_mini": "1141A / TML C-Τρένο(Μικρό)",
	"train.mtr.c1141a_small": "1141A / TML C-Τρένο(Μικρό)",
	"train.mtr.c_train": "C-Τρένο",
	"train.mtr.c_train_mini": "C-Τρένο (Μικρό)",
	"train.mtr.c_train_small": "C-Τρένο (μικρό)",
	"train.mtr.class_377_southern": "British Rail Class 377 (Southern)",
	"train.mtr.class_802_gwr": "Βρετανική Σιδηροδρομική Κατηγορία 802 (GWR)",
	"train.mtr.class_802_gwr_mini": "Βρετανική Σιδηροδρομική Κατηγορία 802 (GWR, Μικρή)",
	"train.mtr.class_802_tpe": "Βρετανική Σιδηροδρομική Κατηγορία 802 (TPE)",
	"train.mtr.class_802_tpe_mini": "Βρετανική Σιδηροδρομική Κατηγορία 802 (TPE, Μικρή)",
	"train.mtr.cm_stock": "Metro-Cammell Τρένο(Μη Ανακαινισμένο M-Τρένο)",
	"train.mtr.cm_stock_mini": "Metro-Cammell Τρένο(Μη Ανακαινισμένο M-Τρένο, Μικρό)",
	"train.mtr.cm_stock_small": "Metro-Cammell Τρένο(Μη Ανακαινισμένο M-Τρένο, Μικρό)",
	"train.mtr.dark_oak_boat": "Βάρκα από σκούρα βελανιδιά",
	"train.mtr.drl": "Disneyland Resort Γραμμή Τρένου",
	"train.mtr.e44": "Kcr E44 (Κίτρινη Κεφαλή)",
	"train.mtr.e44_mini": "Kcr E44 (Κίτρινη κεφαλή, Mini)",
	"train.mtr.flying_minecart": "Flying Minecart",
	"train.mtr.jungle_boat": "Βάρκα από ξύλο ζούγκλας",
	"train.mtr.k_train": "Κ-Τρένο",
	"train.mtr.k_train_ael": "Κ-Τρένο Αεροδρόμιο Express",
	"train.mtr.k_train_ael_mini": "Κ-Τρένο Αεροδρόμιο Express(Μικρό)",
	"train.mtr.k_train_ael_small": "Κ-Τρένο Αεροδρόμιο Express(Μικρό)",
	"train.mtr.k_train_mini": "K-Τρένο (Mini)",
	"train.mtr.k_train_small": "Κ-Τρένο (μικρό)",
	"train.mtr.k_train_tcl": "K-Τρένο Tung Chung Γραμμή",
	"train.mtr.k_train_tcl_mini": "K-Τρένο Tung Chung Γραμμή (Mini)",
	"train.mtr.k_train_tcl_small": "K-Train Tung Chung Γραμμή (Μικρό)",
	"train.mtr.light_rail_1": "Ελαφριά Ράγα (Φάση 1, Lht)",
	"train.mtr.light_rail_1_orange": "Ελαφριά Ράγα (Φάση 1, Πορτοκαλί Λίβερ, Lht)",
	"train.mtr.light_rail_1_orange_rht": "Ελαφριά Ράγα (Φάση 1, Πορτοκαλί Λίβερ, Rht)",
	"train.mtr.light_rail_1_rht": "Ελαφριά Ράγα (Φάση 1, Rht)",
	"train.mtr.light_rail_1r": "Ελαφριά Ράγα (Φάση 1 Ανακαινισμένη, Lht)",
	"train.mtr.light_rail_1r_old": "Ελαφριά Ράγα (Φάση 1 Ανακαινισμένη, Μπλε Λιβερ, Lht)",
	"train.mtr.light_rail_1r_old_rht": "Ελαφριά Ράγα (Φάση 1 Ανακαινισμένη, Μπλε Λιβερ, Lht)",
	"train.mtr.light_rail_1r_orange": "Ελαφριά Ράγα (Φάση 1, Πορτοκαλί Λίβερ, Lht)",
	"train.mtr.light_rail_1r_orange_rht": "Ελαφριά Ράγα (Φάση 1, Πορτοκαλί Λίβερ, Rht)",
	"train.mtr.light_rail_1r_rht": "Ελαφριά Ράγα (Φάση 1 Ανακαινισμένη, Rht)",
	"train.mtr.light_rail_2": "Ελαφριά Ράγα (Φάση 2, Lht)",
	"train.mtr.light_rail_2r": "Light Rail (Phase 2 Refurbished, LHT)",
	"train.mtr.light_rail_2r_rht": "Light Rail (Phase 2 Refurbished, RHT)",
	"train.mtr.light_rail_2_orange": "Ελαφριά Ράγα (Φάση 2, Πορτοκαλί Λίβερ, Lht)",
	"train.mtr.light_rail_2_orange_rht": "Ελαφριά Ράγα (Φάση 2, Πορτοκαλί Λίβερ, Rht)",
	"train.mtr.light_rail_2_rht": "Ελαφριά Ράγα (Φάση 2, Rht)",
	"train.mtr.light_rail_3": "Ελαφριά Ράγα (Φάση 3, Lht)",
	"train.mtr.light_rail_3r": "Light Rail (Phase 3 Refurbished, LHT)",
	"train.mtr.light_rail_3r_rht": "Light Rail (Phase 3 Refurbished, RHT)",
	"train.mtr.light_rail_3_orange": "Ελαφριά Ράγα (Φάση 3, Πορτοκαλί Λίβερ, Lht)",
	"train.mtr.light_rail_3_orange_rht": "Ελαφριά Ράγα (Φάση 3, Πορτοκαλί Λίβερ, Rht)",
	"train.mtr.light_rail_3_rht": "Ελαφριά Ράγα (Φάση 3, RHT)",
	"train.mtr.light_rail_4": "Ελαφριά Ράγα (Φάση 4, Lht)",
	"train.mtr.light_rail_4_old": "Ελαφριά Ράγα (Φάση 4, Μπλε Λιβερ, Lht)",
	"train.mtr.light_rail_4_old_rht": "Ελαφριά Ράγα (Φάση 4, Μπλε Λιβερ, Rht)",
	"train.mtr.light_rail_4_orange": "Ελαφριά Ράγα (Φάση 4, Πορτοκαλί Λίβερ, Lht)",
	"train.mtr.light_rail_4_orange_rht": "Ελαφριά Ράγα (Φάση 4, Πορτοκαλί Λίβερ, Rht)",
	"train.mtr.light_rail_4_rht": "Ελαφριά Ράγα (Φάση 4, RHT)",
	"train.mtr.light_rail_5": "Ελαφριά Σιδηροτροχιά (Φάση 5, Lht)",
	"train.mtr.light_rail_5_old": "Ελαφριά Ράγα (Φάση 5, Μπλε Λιβερ, Lht)",
	"train.mtr.light_rail_5_old_rht": "Ελαφριά Ράγα (Φάση 5, Μπλε Λιβερ, Rht)",
	"train.mtr.light_rail_5_orange": "Ελαφριά Ράγα (Φάση 5, Πορτοκαλί Λίβερ, Lht)",
	"train.mtr.light_rail_5_orange_rht": "Ελαφριά Ράγα (Φάση 5, Πορτοκαλί Λίβερ, Rht)",
	"train.mtr.light_rail_5_rht": "Ελαφριά Ράγα (Φάση 5, Rht)",
	"train.mtr.london_underground_1995": "Μετρό Του Λονδίνου 1995 Απόθεμα",
	"train.mtr.london_underground_1996": "Μετρό Του Λονδίνου 1996 Απόθεμα",
	"train.mtr.london_underground_d78": "Μετρό Του Λονδίνου D78 Απόθεμα",
	"train.mtr.london_underground_d78_mini": "Μετρό Του Λονδίνου D78 Απόθεμα (Mini)",
	"train.mtr.m_train": "M-Τρένο",
	"train.mtr.m_train_mini": "M-Τρένο (Mini)",
	"train.mtr.m_train_small": "M-Τρένο (μικρό)",
	"train.mtr.minecart": "Βαγόνι",
	"train.mtr.mlr": "MLR Τρένο",
	"train.mtr.mlr_christmas": "MLR Train Christmas Edition",
	"train.mtr.mlr_christmas_mini": "MLR Train Christmas Edition (Mini)",
	"train.mtr.mlr_christmas_small": "MLR Train Christmas Edition (Small)",
	"train.mtr.mlr_mini": "MLR Τρένο (Mini)",
	"train.mtr.mlr_small": "MLR τρένο (μικρό)",
	"train.mtr.mpl_85": "MPL 85",
	"train.mtr.ngong_ping_360_crystal": "Ngong Ping 360 Crystal Καμπίνα (LHT)",
	"train.mtr.ngong_ping_360_crystal_rht": "Ngong Ping 360 Καμπίνα Κρυστάλλου (RHT)",
	"train.mtr.ngong_ping_360_crystal_plus": "Ngong Ping 360 Crystal+ Cabin (LHT)",
	"train.mtr.ngong_ping_360_crystal_plus_rht": "Ngong Ping 360 Crystal+ Cabin (RHT)",
	"train.mtr.ngong_ping_360_normal_light_blue": "Ngong Ping 360 (Ανοιχτό Μπλε, Lht)",
	"train.mtr.ngong_ping_360_normal_light_blue_rht": "Ngong Ping 360 (Ανοιχτό Μπλε, Rht)",
	"train.mtr.ngong_ping_360_normal_orange": "Ngong Ping 360 (Πορτοκαλί, LHT)",
	"train.mtr.ngong_ping_360_normal_orange_rht": "Ngong Ping 360 (Πορτοκαλί, RHT)",
	"train.mtr.ngong_ping_360_normal_red": "Ngong Ping 360 (Κόκκινο, LHT)",
	"train.mtr.ngong_ping_360_normal_red_rht": "Ngong Ping 360 (Κόκκινο, RHT)",
	"train.mtr.oak_boat": "Βάρκα από βελανιδιά",
	"train.mtr.r179": "R179 (Νέα Υόρκη Μετρό)",
	"train.mtr.r179_mini": "R179 (Μετρό Νέας Υόρκης, Mini)",
	"train.mtr.r211": "R211(Μετρό Νέας Υόρκης, Mini)",
	"train.mtr.r211_mini": "R211 (Μετρό Νέας Υόρκης, Mini)",
	"train.mtr.r211t": "R211T (Μετρό Νέας Υόρκης)",
	"train.mtr.r211t_mini": "R211T (Μετρό Νέας Υόρκης, Mini)",
	"train.mtr.r_train": "R-Τρένο",
	"train.mtr.r_train_mini": "R-Τρένο(Mini)",
	"train.mtr.r_train_small": "R-Τρένο(μικρό)",
	"train.mtr.s_train": "S-Τρένο",
	"train.mtr.s_train_mini": "S-Τρένο (Mini)",
	"train.mtr.s_train_small": "S-Τρένο (μικρό)",
	"train.mtr.sp1900": "SP1900",
	"train.mtr.sp1900_mini": "SP1900 (Mini)",
	"train.mtr.sp1900_small": "SP1900 (μικρό)",
	"train.mtr.spruce_boat": "Βάρκα από έλατο"
}
