{
	"block.minecraft.bedrock_slab": "Losa de piedra madre",
	"block.minecraft.birch_wood_slab": "Losa de abedul",
	"block.minecraft.bone_block_slab": "Losa de hueso",
	"block.minecraft.chiseled_quartz_block_slab": "Losa de cuarzo grabado",
	"block.minecraft.chiseled_stone_bricks_slab": "Losa de ladrillos de piedra grabados",
	"block.minecraft.clay_slab": "Losa de arcilla",
	"block.minecraft.coal_ore_slab": "Losa de mineral de carbón",
	"block.minecraft.concrete": "Hormigón",
	"block.minecraft.concrete_powder": "Polvo de hormigón",
	"block.minecraft.concrete_powder_slab": "Losa de Polvo de hormigón",
	"block.minecraft.concrete_slab": "Losa de hormigón",
	"block.minecraft.cracked_stone_bricks_slab": "Losa de ladrillos de piedra rotos",
	"block.minecraft.gravel_slab": "Losa de grava",
	"block.minecraft.iron_block_slab": "Losa de bloque de hierro",
	"block.minecraft.metal": "Bloque de Metal",
	"block.minecraft.metal_slab": "Losa de Metal",
	"block.minecraft.planks": "Tablas de Madera",
	"block.minecraft.planks_slab": "Losa de tablas de madera",
	"block.minecraft.purpur_block_slab": "Losa de Púrpur",
	"block.minecraft.purpur_pillar_slab": "Losa de pilar de púrpur",
	"block.minecraft.quartz_block_slab": "Losa de cuarzo",
	"block.minecraft.quartz_bricks_slab": "Losa de ladrillos de cuarzo",
	"block.minecraft.quartz_pillar_slab": "Losa de pilar de cuarzo",
	"block.minecraft.snow_block_slab": "Losa de Bloque de Nieve",
	"block.minecraft.stained_glass": "Vidrio tintado",
	"block.minecraft.stained_glass_slab": "Losa de vidrio tintado",
	"block.minecraft.stone_bricks_slab": "Losa de ladrillos de piedra",
	"block.minecraft.wool": "Lana",
	"block.minecraft.wool_slab": "Losa de lana",
	"block.mtr.airplane_node": "Nodo de avión",
	"block.mtr.apg_door": "Puertas de Andén Automáticas",
	"block.mtr.apg_glass": "Puertas de Andén Automáticas",
	"block.mtr.apg_glass_end": "Puertas de Andén Automáticas",
	"block.mtr.arrival_projector_1_large": "Proyector de Llegadas (3x3)",
	"block.mtr.arrival_projector_1_medium": "Proyector de Llegadas (3x2)",
	"block.mtr.arrival_projector_1_small": "Proyector de Llegadas (1x1)",
	"block.mtr.boat_node": "Nodo del bote",
	"block.mtr.cable_car_node_lower": "Nodo del teleférico",
	"block.mtr.cable_car_node_station": "Nodo de teleférico de estación",
	"block.mtr.cable_car_node_upper": "Nodo del teleférico",
	"block.mtr.ceiling": "Techo",
	"block.mtr.ceiling_light": "Techo (Con luz)",
	"block.mtr.ceiling_no_light": "Techo (Sin luz)",
	"block.mtr.clock": "Reloj",
	"block.mtr.clock_pole": "Poste de reloj",
	"block.mtr.escalator_side": "Escalera Mecánica",
	"block.mtr.escalator_step": "Escalera Mecánica",
	"block.mtr.glass_fence_cio": "Valla de Cristal",
	"block.mtr.glass_fence_ckt": "Valla de Cristal",
	"block.mtr.glass_fence_heo": "Valla de Cristal",
	"block.mtr.glass_fence_mos": "Valla de Cristal",
	"block.mtr.glass_fence_plain": "Valla de Cristal",
	"block.mtr.glass_fence_shm": "Valla de Cristal",
	"block.mtr.glass_fence_stained": "Valla de Cristal",
	"block.mtr.glass_fence_stw": "Valla de Cristal",
	"block.mtr.glass_fence_tsh": "Valla de Cristal",
	"block.mtr.glass_fence_wks": "Valla de Cristal",
	"block.mtr.lift_buttons_1": "Botones de Ascensor",
	"block.mtr.lift_door_1": "Puertas de Ascensor",
	"block.mtr.lift_door_odd_1": "Puertas de Ascensor",
	"block.mtr.lift_panel_even_1": "Panel de visualización de ascensor",
	"block.mtr.lift_panel_even_2": "Panel de visualización de ascensor",
	"block.mtr.lift_panel_odd_1": "Panel de visualización de ascensor",
	"block.mtr.lift_panel_odd_2": "Panel de visualización de ascensor",
	"block.mtr.lift_track_1": "Carril de ascensor",
	"block.mtr.lift_track_floor_1": "Ascensor / Subir Pista de suelo",
	"block.mtr.logo": "Logo MTR",
	"block.mtr.marble_blue": "Mármol Azul",
	"block.mtr.marble_blue_slab": "Losa de mármol azul",
	"block.mtr.marble_sandy": "Mármol de arenas",
	"block.mtr.marble_sandy_slab": "Losa de mármol de arenas",
	"block.mtr.metal": "Metal",
	"block.mtr.metal_slab": "Losa de metal",
	"block.mtr.pids_1": "Sistema de visualización de Información para Pasajeros",
	"block.mtr.pids_2": "Sistema de visualización de Información para Pasajeros",
	"block.mtr.pids_3": "Sistema de visualización de Información para Pasajeros",
	"block.mtr.pids_pole": "Poste de SVIP",
	"block.mtr.platform": "Plataforma (Hong Kong)",
	"block.mtr.platform_indented": "Plataforma (Hong Kong)",
	"block.mtr.platform_na_1": "Plataforma (Norteamérica)",
	"block.mtr.platform_na_1_indented": "Andén (Norteamérica)",
	"block.mtr.platform_na_2": "Andén (Norteamérica)",
	"block.mtr.platform_na_2_indented": "Plataforma (Norteamérica)",
	"block.mtr.platform_uk_1": "Plataforma (Reino Unido)",
	"block.mtr.platform_uk_1_indented": "Plataforma (Reino Unido)",
	"block.mtr.psd_door": "Puertas de mampara de andén",
	"block.mtr.psd_door_2": "Puertas de mampara de andén",
	"block.mtr.psd_glass": "Puertas de mampara de andén",
	"block.mtr.psd_glass_2": "Puertas de mampara de andén",
	"block.mtr.psd_glass_end": "Puertas de mampara de andén",
	"block.mtr.psd_glass_end_2": "Puertas de mampara de andén",
	"block.mtr.psd_top": "Puertas de mampara de andén",
	"block.mtr.rail": "Nodo de ferrocarril",
	"block.mtr.railway_sign": "Señal de ferrocarril",
	"block.mtr.railway_sign_pole": "Poste de señal de ferrocarril",
	"block.mtr.route_sign_standing_light": "Señal de ruta (luz de piso)",
	"block.mtr.route_sign_standing_metal": "Señal de ruta (metal de piso)",
	"block.mtr.route_sign_wall_light": "Señal de ruta (Luz de pared)",
	"block.mtr.route_sign_wall_metal": "Señal de ruta (Metal de pared)",
	"block.mtr.rubbish_bin_1": "Cubo de basura",
	"block.mtr.signal_light_1": "Luz de señal (2 aspectos)",
	"block.mtr.signal_light_2": "Luz de señal (2 aspectos, doble cara)",
	"block.mtr.signal_light_3": "Luz de señal (2 aspectos)",
	"block.mtr.signal_light_3_aspect_1": "Luz de señal (3 aspectos)",
	"block.mtr.signal_light_3_aspect_2": "Luz de señal (3 aspectos, doble cara)",
	"block.mtr.signal_light_4": "Luz de señal (2 aspectos, doble cara)",
	"block.mtr.signal_light_4_aspect_1": "Luz de señal (4 aspectos)",
	"block.mtr.signal_light_4_aspect_2": "Luz de señal (4 aspectos, doble cara)",
	"block.mtr.signal_pole": "Poste de señal",
	"block.mtr.signal_semaphore_1": "Señal de semáforo",
	"block.mtr.signal_semaphore_2": "Señal de semáforo (doble cara)",
	"block.mtr.station_name_entrance": "Nombre de la estación (Entrada)",
	"block.mtr.station_name_tall_block": "Nombre de la estación (Bloque Alto)",
	"block.mtr.station_name_tall_block_double_sided": "Nombre de la Estación (bloque alto, doble cara)",
	"block.mtr.station_name_tall_wall": "Nombre de la estación (Texto de Pared Alto)",
	"block.mtr.station_name_wall": "Nombre de la estación (Texto de Pared, Blanco)",
	"block.mtr.station_name_wall_black": "Nombre de la estación (Texto de Pared, Negro)",
	"block.mtr.station_name_wall_gray": "Nombre de la estación (Texto de Pared, Gris)",
	"block.mtr.station_pole": "Poste de color de estación",
	"block.mtr.tactile_map": "Mapa de la acción",
	"block.mtr.ticket_barrier_entrance_1": "Barrera de Tickets (Entrada)",
	"block.mtr.ticket_barrier_exit_1": "Barrera de Tickets (Salida)",
	"block.mtr.ticket_machine": "Máquina de billetes",
	"block.mtr.ticket_processor": "Procesador de Tickets",
	"block.mtr.ticket_processor_enquiry": "Procesador de Consultas",
	"block.mtr.ticket_processor_entrance": "Procesador de Tickets (Entrada)",
	"block.mtr.ticket_processor_exit": "Procesador de Tickets (Salida)",
	"block.mtr.train_announcer": "Anunciante",
	"block.mtr.train_cargo_loader": "Cargador de Mercancías",
	"block.mtr.train_cargo_unloader": "Descargador de Mercancías",
	"block.mtr.train_schedule_sensor": "Sensor de horario",
	"block.mtr.train_sensor": "Sensor de Redstone",
	"category.mtr.keybinding": "Combinación de teclas Railway de Tránsito de Minecraft",
	"entity.mtr.seat": "",
	"gui.mtr.acceleration": "Aceleración de vehículo",
	"gui.mtr.add_balance_for_emeralds": "Sumar $%s por %s esmeralda(s)",
	"gui.mtr.add_depot": "Añadir depósito",
	"gui.mtr.add_exit": "Añadir Salida de Estación",
	"gui.mtr.add_exit_destination": "Añadir destino de salida",
	"gui.mtr.add_route": "Añadir ruta",
	"gui.mtr.add_station": "Añadir estación",
	"gui.mtr.add_value": "Añadir Valor",
	"gui.mtr.already_entered": "§cLa estación ya ha entrado",
	"gui.mtr.already_exited": "§cNo hay registro encontrado",
	"gui.mtr.announcement_message": "Mensaje de Anuncio",
	"gui.mtr.anticlockwise_to": "Antihorario a %s",
	"gui.mtr.anticlockwise_to_cjk": "逆時針往%s",
	"gui.mtr.anticlockwise_via": "Antihorario vía %s",
	"gui.mtr.anticlockwise_via_cjk": "逆時針經%s",
	"gui.mtr.arrival_car": "%s-coche",
	"gui.mtr.arrival_car_cjk": "%s 卡",
	"gui.mtr.arrival_min": "%s min",
	"gui.mtr.arrival_min_cjk": "%s 分鐘",
	"gui.mtr.arrival_sec": "%s seg",
	"gui.mtr.arrival_sec_cjk": "%s 秒",
	"gui.mtr.automatically_detect_nearby_platform": "Detección automática de plataforma cercana",
	"gui.mtr.available": "Disponible",
	"gui.mtr.available_model_parts": "Partes de Modelo Disponibles",
	"gui.mtr.balance": "Saldo: $%s",
	"gui.mtr.cable_car_invalid_orientation": "§cConexión de cable no válida",
	"gui.mtr.cars_to_spawn": "Coches para generar: %s",
	"gui.mtr.clear_vehicles": "Borrar vehículos",
	"gui.mtr.clockwise_to": "horario a %s",
	"gui.mtr.clockwise_to_cjk": "順時針往%s",
	"gui.mtr.clockwise_via": "horario vía %s",
	"gui.mtr.clockwise_via_cjk": "順時針經%s",
	"gui.mtr.color": "Color",
	"gui.mtr.comma": ", ",
	"gui.mtr.comma_cjk": "、",
	"gui.mtr.comma_last": " y ",
	"gui.mtr.comma_last_cjk": "或",
	"gui.mtr.connecting_station_interchange_announcement_part": "%1$s en la estación %2$s",
	"gui.mtr.connecting_station_interchange_announcement_part_cjk": "往%2$s站轉乘%1$s",
	"gui.mtr.connecting_station_part": "Estación de conexión con %s.",
	"gui.mtr.connecting_station_part_cjk": "乘客可在該站%s。",
	"gui.mtr.cruising_altitude": "Altitud De Crucero",
	"gui.mtr.custom_destination_suggestion": "Destino \\r",
	"gui.mtr.custom_resources_export_resource_pack": "Exportar Pack de Recursos",
	"gui.mtr.custom_resources_gangway_connection_id": "ID de conexión de Gangway",
	"gui.mtr.custom_resources_id": "ID",
	"gui.mtr.custom_resources_name": "Nombre",
	"gui.mtr.custom_resources_rider_offset": "Desplazamiento del jinete: %s",
	"gui.mtr.custom_resources_train_barrier_id": "ID de barrera de tren",
	"gui.mtr.delete_confirmation": "Estás seguro que quieres borrar %s?",
	"gui.mtr.depot_color": "Color del depósito",
	"gui.mtr.depot_name": "Nombre del depósito",
	"gui.mtr.depots": "Depósitos",
	"gui.mtr.disable_next_station_announcements": "Desactivar Anuncios De Próxima Estación",
	"gui.mtr.dismount_hold": "Mantén presionado %s para forzar desmontaje: %s",
	"gui.mtr.display_page": "Número De Página",
	"gui.mtr.door_animation_type_bouncy_1": "Puertas: Rebote (1)",
	"gui.mtr.door_animation_type_bouncy_2": "Puertas: Rebote (2)",
	"gui.mtr.door_animation_type_constant": "Puertas: Constante",
	"gui.mtr.door_animation_type_mlr": "Puertas: MLR",
	"gui.mtr.door_animation_type_plug_fast": "Puertas: Enchufe rápido",
	"gui.mtr.door_animation_type_plug_slow": "Puertas: Enchufe lento",
	"gui.mtr.door_animation_type_r179": "Puertas: R179",
	"gui.mtr.door_animation_type_r211": "Puertas: R211",
	"gui.mtr.door_animation_type_standard": "Puertas: Estandart",
	"gui.mtr.door_animation_type_standard_slow": "Puertas: Lento",
	"gui.mtr.drag_file_to_upload": "Arrastra un archivo para subirlo",
	"gui.mtr.dwell_time": "Tiempo de Atenuación del vehículo",
	"gui.mtr.edit_area": "Haz clic y arrastra para dibujar el círculo.",
	"gui.mtr.edit_instructions": "Editar instrucciones",
	"gui.mtr.edit_route": "Haga clic en una plataforma para añadirla a la ruta.",
	"gui.mtr.editing_part": "Editando: %s",
	"gui.mtr.emeralds": "Esmeraldas: %s",
	"gui.mtr.enter_barrier": "§aEntrado %s - Saldo: $%s",
	"gui.mtr.exit_barrier": "§aSalido %s - Precio: $%s - Saldo: $%s",
	"gui.mtr.exit_destinations": "Destinos",
	"gui.mtr.exit_parents": "Salidas de la estación",
	"gui.mtr.file_model": "Archivo Blockbench",
	"gui.mtr.file_properties": "Archivo de propiedades (opcional)",
	"gui.mtr.file_texture": "Archivo de textura",
	"gui.mtr.file_upload": "Subir...",
	"gui.mtr.filtered_platforms": "Plataformas Filtradas (%s)",
	"gui.mtr.filtered_routes": "Rutas Filtradas (%s)",
	"gui.mtr.filtered_routes_condition": "Solo los vehículos que se ejecuten en las siguientes rutas activarán este bloque",
	"gui.mtr.filtered_routes_empty": "Todos los vehículos activarán este bloque",
	"gui.mtr.game_time": "Tiempo de juego",
	"gui.mtr.generate_map": "Generar mapa de fechas",
	"gui.mtr.generating_path": "Generando ruta",
	"gui.mtr.hide_arrival": "Ocultar Llegada",
	"gui.mtr.insufficient_balance": "§cSaldo insuficiente §f($%s)",
	"gui.mtr.interchange_announcement": "Estación de intercambio para %s.",
	"gui.mtr.interchange_announcement_cjk": "乘客可以轉乘%s。",
	"gui.mtr.invalid_orientation": "§cNo se pudo conectar el riel; orientación no válida",
	"gui.mtr.is_anticlockwise_route": "Es una ruta circular en sentido antihorario",
	"gui.mtr.is_clockwise_route": "Es una ruta circular en sentido horario",
	"gui.mtr.is_light_rail_route": "Tiene número de ruta",
	"gui.mtr.is_manual": "Vehículo conducible",
	"gui.mtr.is_route_hidden": "Ocultar Ruta",
	"gui.mtr.last_airplane_station": "Este vuelo va hacia %s",
	"gui.mtr.last_airplane_station_cjk": "本航班往%s",
	"gui.mtr.last_boat_station": "Este buque va a %s",
	"gui.mtr.last_boat_station_cjk": "本渡輪往%s",
	"gui.mtr.last_cable_car_station": "Teleférico dirección a: %s",
	"gui.mtr.last_cable_car_station_cjk": "本纜車往%s",
	"gui.mtr.last_train_station": "Este tren va a %s",
	"gui.mtr.last_train_station_cjk": "本列車往%s",
	"gui.mtr.left": "Izquierda",
	"gui.mtr.lift_buttons_locked": "Botones desbloqueados",
	"gui.mtr.lift_buttons_unlocked": "Botones bloqueados",
	"gui.mtr.lift_floor_description": "Descripción",
	"gui.mtr.lift_floor_number": "Número de piso",
	"gui.mtr.lift_is_double_sided": "De Doble Puerta",
	"gui.mtr.lift_should_ding": "Reproducir sonido \"Ding\"",
	"gui.mtr.lift_style": "Estilo: %s",
	"gui.mtr.lift_style_opaque": "Opaco",
	"gui.mtr.lift_style_transparent": "Transparente",
	"gui.mtr.lift_track_required": "Ascensor / Pistas de ascensor requeridas",
	"gui.mtr.light_rail_route_announcement": "Esta es la línea %s a %s.",
	"gui.mtr.light_rail_route_announcement_cjk": "本班為%s綫列車前往%s。",
	"gui.mtr.light_rail_route_number": "Número de ruta",
	"gui.mtr.london_train_interchange_announcement": "Transborda aquí con %s.",
	"gui.mtr.london_train_interchange_announcement_cjk": "乘客可在該站%s。",
	"gui.mtr.london_train_next_station_announcement": "La próxima estación es %s.",
	"gui.mtr.london_train_next_station_announcement_cjk": "下一站是%s。",
	"gui.mtr.london_train_route_announcement": "Este es un tren de %s que termina en %s.",
	"gui.mtr.london_train_route_announcement_cjk": "本班為%s列車前往%s。",
	"gui.mtr.london_train_terminating_announcement": "Este tren termina su recorrido aquí.",
	"gui.mtr.london_train_terminating_announcement_cjk": "列車以本站為終點站。",
	"gui.mtr.london_train_this_station_announcement": "Esta estación es %s.",
	"gui.mtr.london_train_this_station_announcement_cjk": "下一站是%s。",
	"gui.mtr.manual_to_automatic_time": "Tiempo de espera del conductor",
	"gui.mtr.max_manual_speed": "Velocidad Máxima de Manejar",
	"gui.mtr.max_vehicles": "Máximo de vehículos para la instalación",
	"gui.mtr.mismatched_versions": "Por favor actualice el mod del Tránsito de Minecraft e inténtelo de nuevo.",
	"gui.mtr.mismatched_versions_server_version": "Versión del servidor: %s",
	"gui.mtr.mismatched_versions_your_version": "Tu versión: %s",
	"gui.mtr.moving_only": "Mover solo vehículos",
	"gui.mtr.mtr_options": "Opciones de Tránsito de Minecraft",
	"gui.mtr.name": "Nombre",
	"gui.mtr.next_departure": "Siguiente salida estimada %s",
	"gui.mtr.next_departure_none": "No hay salidas filtradas",
	"gui.mtr.next_route_airplane_announcement": "Este vuelo se cambiará de %s a %s.",
	"gui.mtr.next_route_airplane_announcement_cjk": "本航班會改為%s前往%s。",
	"gui.mtr.next_route_boat_announcement": "Este buque se cambiará a %s a %s.",
	"gui.mtr.next_route_boat_announcement_cjk": "本渡輪會改為%s前往%s。",
	"gui.mtr.next_route_boat_light_rail_announcement": "Esta ruta se cambiará a la ruta %s. Pasajeros a %s, por favor tome este buque.",
	"gui.mtr.next_route_boat_light_rail_announcement_cjk": "本渡輪會改為%s路綫。前往%s沿途各站之乘客, 可乘本渡輪。",
	"gui.mtr.next_route_cable_car_announcement": "Este teleférico se cambiará a %s a %s.",
	"gui.mtr.next_route_cable_car_announcement_cjk": "本纜車會改為%s前往%s。",
	"gui.mtr.next_route_train_announcement": "Este tren se cambiará a %s a %s.",
	"gui.mtr.next_route_train_announcement_cjk": "本班車會改為%s前往%s。",
	"gui.mtr.next_route_train_light_rail_announcement": "Esta ruta se cambiará a la ruta %s. Pasajeros a %s, por favor tome este tren.",
	"gui.mtr.next_route_train_light_rail_announcement_cjk": "本班车会改为%s路线。前往%s沿途各站之乘客，可乘本列车。",
	"gui.mtr.next_station": "La próxima estación es %s",
	"gui.mtr.next_station_announcement": "Próxima estación: %s.",
	"gui.mtr.next_station_announcement_cjk": "下一站：%s。",
	"gui.mtr.next_station_cjk": "下一站是%s",
	"gui.mtr.next_station_light_rail_announcement": "Próxima parada: %s.",
	"gui.mtr.next_station_light_rail_announcement_cjk": "下一站：%s。",
	"gui.mtr.no_lift_tracks_floor_found": "No Se Ha Encontrado Un Camino Para El Elevador",
	"gui.mtr.offset_x": "Posición X: %s",
	"gui.mtr.offset_y": "Posición Y: %s",
	"gui.mtr.offset_z": "Posición Z: %s",
	"gui.mtr.part_blacklisted_cars": "Coches en la lista negra",
	"gui.mtr.part_display_cjk_size_ratio": "Tamaño de CJK: %s",
	"gui.mtr.part_display_force_single_line": "Forzar línea única",
	"gui.mtr.part_display_force_upper_case": "Forzar mayúsculas",
	"gui.mtr.part_display_should_scroll": "Campo de texto desplazable",
	"gui.mtr.part_display_text_color": "Color",
	"gui.mtr.part_display_text_color_cjk": "Color de CJK/no-CJK",
	"gui.mtr.part_display_type_destination": "Tipo: Destino",
	"gui.mtr.part_display_type_next_station_kcr": "Tipo: Próxima estación (KCR)",
	"gui.mtr.part_display_type_next_station_mtr": "Tipo: Próxima estación (MTR)",
	"gui.mtr.part_display_type_next_station_plain": "Tipo: Próxima estación",
	"gui.mtr.part_display_type_next_station_uk": "Tipo: Próxima estación (R. Unido)",
	"gui.mtr.part_display_type_route_number": "Tipo: Número de ruta",
	"gui.mtr.part_display_x_padding": "Relleno X: %s",
	"gui.mtr.part_display_y_padding": "Relleno Y: %s",
	"gui.mtr.part_door_offset_left_negative": "Desplazamiento de puerta: -Izquierda",
	"gui.mtr.part_door_offset_left_positive": "Desplazamiento de puerta: +Izquierda",
	"gui.mtr.part_door_offset_none": "Desplazamiento de puerta: ninguno",
	"gui.mtr.part_door_offset_right_negative": "Desplazamiento de puerta: -Derecha",
	"gui.mtr.part_door_offset_right_positive": "Desplazamiento de puerta: +Derecha",
	"gui.mtr.part_is_display": "Se muestra",
	"gui.mtr.part_mirror": "Espejado",
	"gui.mtr.part_positions": "Posiciones",
	"gui.mtr.part_render_condition_all": "Renderizar: Siempre",
	"gui.mtr.part_render_condition_door_left_closed": "Renderizador: Puerta izquierda cerrada",
	"gui.mtr.part_render_condition_door_left_open": "Renderizador: Puerta izquierda abierta",
	"gui.mtr.part_render_condition_door_right_closed": "Renderizador: Puerta derecha cerrada",
	"gui.mtr.part_render_condition_door_right_open": "Renderizador: Puerta derecha abierta",
	"gui.mtr.part_render_condition_doors_closed": "Renderizador: Puerta cerrada",
	"gui.mtr.part_render_condition_doors_open": "Renderizador: Puerta abierta",
	"gui.mtr.part_render_condition_moving_backwards": "Renderizador: Mover hacia atrás",
	"gui.mtr.part_render_condition_moving_forwards": "Renderizador: Mover adelante",
	"gui.mtr.part_skip_rendering_if_too_far": "Ocultar si lejos",
	"gui.mtr.part_stage_always_on_lights": "Luces (Siempre Activado)",
	"gui.mtr.part_stage_exterior": "Externo",
	"gui.mtr.part_stage_interior": "Interno",
	"gui.mtr.part_stage_interior_translucent": "Interior (Translúcido)",
	"gui.mtr.part_stage_lights": "Luces",
	"gui.mtr.part_whitelisted_cars": "Coches en la lista blanca",
	"gui.mtr.path_found": "Ruta de aprendizaje creada correctamente",
	"gui.mtr.path_not_found_between": "Ruta no encontrada en|> %s|entre|> %s|y|> %s|",
	"gui.mtr.path_not_generated": "Ruta no generada",
	"gui.mtr.percentage_complete_bridge": "Construyendo puente (%s%%)",
	"gui.mtr.percentage_complete_tunnel": "Construyendo el túnel (%s%%)",
	"gui.mtr.percentage_complete_tunnel_wall": "Construyendo la pared del túnel (%s%%)",
	"gui.mtr.pids_message": "Mensaje al Cliente",
	"gui.mtr.platform": "Plataforma %s",
	"gui.mtr.platform_number": "Número de Plataforma",
	"gui.mtr.platform_or_siding_exists": "§cCada nodo ferroviario sólo puede ser conectado a una plataforma o lateral",
	"gui.mtr.press_to_select_floor": "Presiona %s para seleccionar el suelo",
	"gui.mtr.psd_apg_door_locked": "§cPuerta bloqueada",
	"gui.mtr.psd_apg_door_unlocked": "§aPuerta desbloqueada",
	"gui.mtr.radius_too_small": "§cNo se pudo conectar el riel; el radio debe ser al menos 2",
	"gui.mtr.rail_action_bridge": "Puente por %s (%s bloques de largo, %s)",
	"gui.mtr.rail_action_tunnel": "Túnel por %s (%s bloques de largo)",
	"gui.mtr.rail_action_tunnel_wall": "Muro de túnel por %s (%s bloques de largo, %s)",
	"gui.mtr.rail_actions": "Operaciones de construcción actuales",
	"gui.mtr.rail_actions_button": "Operaciones...",
	"gui.mtr.rail_not_found": "§cNo se pudo crear la señal; no se encontró el riel",
	"gui.mtr.rail_not_found_action": "§cNo se pudo realizar la acción; no se encontró el riel",
	"gui.mtr.refresh_path": "Actualizar ruta",
	"gui.mtr.repeat_indefinitely": "Repetir Instrucciones para siempre",
	"gui.mtr.reset_sign": "Restablecer",
	"gui.mtr.right": "Derecha",
	"gui.mtr.rotate_anticlockwise": "Rotar En sentido Antihorario",
	"gui.mtr.rotate_clockwise": "Rotar En Sentido Horario",
	"gui.mtr.route_color": "Color de ruta",
	"gui.mtr.route_name": "Nombre de la ruta",
	"gui.mtr.route_type_boat_high_speed": "Tipo: Ferry rápido",
	"gui.mtr.route_type_boat_light_rail": "Tipo: Crucero",
	"gui.mtr.route_type_boat_normal": "Tipo: Ferry",
	"gui.mtr.route_type_train_high_speed": "Tipo: Alta velocidad",
	"gui.mtr.route_type_train_light_rail": "Tipo: Riel ligero",
	"gui.mtr.route_type_train_normal": "Tipo: Normal",
	"gui.mtr.routes": "Rutas",
	"gui.mtr.s": "s",
	"gui.mtr.schedule_mode_real_time_off": "Horario: Tiempo de Minecraft",
	"gui.mtr.schedule_mode_real_time_on": "Horario: Tiempo Real",
	"gui.mtr.search": "Buscar",
	"gui.mtr.select_all_platforms": "Mostrar llegadas de todas las plataformas",
	"gui.mtr.selected": "Seleccionado",
	"gui.mtr.selected_vehicle": "Vehículo seleccionado",
	"gui.mtr.separator": "/",
	"gui.mtr.separator_cjk": "/",
	"gui.mtr.settings": "Ajustes",
	"gui.mtr.siding_number": "Número de revestimiento",
	"gui.mtr.sidings_in_depot": "Dibujos en este depósito: %s",
	"gui.mtr.sound_file": "Archivo de sonido",
	"gui.mtr.station": "%s Station",
	"gui.mtr.station_cjk": "%s站",
	"gui.mtr.station_color": "Color de la Estación",
	"gui.mtr.station_name": "Nombre de la estación",
	"gui.mtr.stations": "Estaciones",
	"gui.mtr.stopped_only": "Solo vehículos Detenidos",
	"gui.mtr.support": "Soporte",
	"gui.mtr.this_station": "Esta estación es %s",
	"gui.mtr.this_station_cjk": "本站是%s",
	"gui.mtr.to": "Hacia %s",
	"gui.mtr.to_cjk": "往%s",
	"gui.mtr.tph": "/hr",
	"gui.mtr.train_schedule_sensor": "Desplazamiento de llegada (segundos)",
	"gui.mtr.transport_mode_airplane": "Tipo: Avión",
	"gui.mtr.transport_mode_boat": "Tipo: Bote",
	"gui.mtr.transport_mode_cable_car": "Tipo: Teleférico",
	"gui.mtr.transport_mode_train": "Tipo: Tren",
	"gui.mtr.unlimited": "Ilimitado",
	"gui.mtr.unlimited_vehicles": "Vehículos ilimitados",
	"gui.mtr.untitled": "Sin título",
	"gui.mtr.use_time_and_wind_sync": "Sincronizar automáticamente la hora usando el mod Time & Wind",
	"gui.mtr.used_model_parts": "Partes de Modelo Usadas",
	"gui.mtr.vehicle_brightness": "Brillo: %s%%",
	"gui.mtr.vehicle_cars": "Coches: %s",
	"gui.mtr.vehicle_direction_backwards": "Dirección: Atrás",
	"gui.mtr.vehicle_direction_forwards": "Dirección: adelante",
	"gui.mtr.vehicle_door_max": "Puerta: %s",
	"gui.mtr.vehicle_length": "Largo: %s",
	"gui.mtr.vehicle_speed": "Velocidad: %s m/s (%s km/h)",
	"gui.mtr.vehicle_width": "Ancho %s",
	"gui.mtr.vehicles_per_hour": "Vehículos por hora",
	"gui.mtr.welcome_station": "Welcome to %s Station.",
	"gui.mtr.welcome_station_cjk": "歡迎光臨%s站。",
	"gui.mtr.zone": "Zona de tarifa",
	"gui.mtr.zone_number": "Zona %s",
	"item.mtr.apg_door": "Puertas de Andén Automáticas",
	"item.mtr.apg_glass": "Puertas de Andén Automáticas",
	"item.mtr.apg_glass_end": "Puertas de Andén Automáticas",
	"item.mtr.bridge_creator_3": "Creador de Puentes",
	"item.mtr.bridge_creator_5": "Creador de Puentes",
	"item.mtr.bridge_creator_7": "Creador de Puentes",
	"item.mtr.bridge_creator_9": "Creador de Puentes",
	"item.mtr.brush": "Pincel",
	"item.mtr.dashboard": "Panel de Railway",
	"item.mtr.dashboard_2": "Panel de Botes",
	"item.mtr.dashboard_3": "Panel de Teleféricos",
	"item.mtr.dashboard_4": "Panel De Vuelos",
	"item.mtr.driver_key": "Llave del Conductor",
	"item.mtr.escalator": "Escalera Mecánica",
	"item.mtr.lift_buttons_link_connector": "Conector de Enlaces de Botones de Ascensor",
	"item.mtr.lift_buttons_link_remover": "Remover Enlaces Botones de Ascensor",
	"item.mtr.lift_door_1": "Ascensor / Expulsador de puertas",
	"item.mtr.lift_door_odd_1": "Ascensor / Expulsador de puertas",
	"item.mtr.lift_refresher": "Actualizador Del Elevador",
	"item.mtr.psd_door": "Puertas de mampara de andén",
	"item.mtr.psd_door_2": "Puertas de mampara de andén",
	"item.mtr.psd_glass": "Puertas de mampara de andén",
	"item.mtr.psd_glass_2": "Puertas de mampara de andén",
	"item.mtr.psd_glass_end": "Puertas de mampara de andén",
	"item.mtr.psd_glass_end_2": "Puertas de mampara de andén",
	"item.mtr.rail_connector_120": "Conector de riel de obsidiana",
	"item.mtr.rail_connector_120_one_way": "Conector de riel de obsidiana (una vía)",
	"item.mtr.rail_connector_160": "Conector de riel de blaze",
	"item.mtr.rail_connector_160_one_way": "Conector de riel de blaze (una vía)",
	"item.mtr.rail_connector_20": "Conector de riel de madera",
	"item.mtr.rail_connector_200": "Conector de riel de cuarzo",
	"item.mtr.rail_connector_200_one_way": "Conector de riel de cuarzo (una vía)",
	"item.mtr.rail_connector_20_one_way": "Conector de riel de madera (una vía)",
	"item.mtr.rail_connector_300": "Conector de riel de diamante",
	"item.mtr.rail_connector_300_one_way": "Conector de riel de diamante (una vía)",
	"item.mtr.rail_connector_40": "Conector de riel de piedra",
	"item.mtr.rail_connector_40_one_way": "Conector de riel de piedra (una vía)",
	"item.mtr.rail_connector_60": "Conector de riel de esmeralda",
	"item.mtr.rail_connector_60_one_way": "Conector de riel de esmeralda (una vía)",
	"item.mtr.rail_connector_80": "Conector de riel de hierro",
	"item.mtr.rail_connector_80_one_way": "Conector de riel de hierro (una vía)",
	"item.mtr.rail_connector_cable_car": "Conector de Cable",
	"item.mtr.rail_connector_platform": "Conector de riel de plataforma",
	"item.mtr.rail_connector_runway": "Conector De Riel De Pista",
	"item.mtr.rail_connector_siding": "Conector de riel lateral",
	"item.mtr.rail_connector_turn_back": "Conector de riel de vuelta",
	"item.mtr.rail_remover": "Extractor de rieles",
	"item.mtr.resource_pack_creator": "Nombre del paquete de textura",
	"item.mtr.signal_connector_black": "Conector de señal negra",
	"item.mtr.signal_connector_blue": "Conector de señal azul",
	"item.mtr.signal_connector_brown": "Conector de señal marrón",
	"item.mtr.signal_connector_cyan": "Conector de señal cian",
	"item.mtr.signal_connector_gray": "Conector de señal gris",
	"item.mtr.signal_connector_green": "Conector de señal verde",
	"item.mtr.signal_connector_light_blue": "Conector de señal azul claro",
	"item.mtr.signal_connector_light_gray": "Conector de señal gris claro",
	"item.mtr.signal_connector_lime": "Conector de señal lima",
	"item.mtr.signal_connector_magenta": "Conector de señal magenta",
	"item.mtr.signal_connector_orange": "Conector de señal naranja",
	"item.mtr.signal_connector_pink": "Conector de señal rosa",
	"item.mtr.signal_connector_purple": "Conector de señal morada",
	"item.mtr.signal_connector_red": "Conector de señal roja",
	"item.mtr.signal_connector_white": "Conector de señal blanca",
	"item.mtr.signal_connector_yellow": "Conector de señal amarilla",
	"item.mtr.signal_remover_black": "Removimiento de señal negra",
	"item.mtr.signal_remover_blue": "Removimiento de señal azul",
	"item.mtr.signal_remover_brown": "Removimiento de señal marrón",
	"item.mtr.signal_remover_cyan": "Removimiento de señal cian",
	"item.mtr.signal_remover_gray": "Remover señal gris",
	"item.mtr.signal_remover_green": "Removimiento de señal verde",
	"item.mtr.signal_remover_light_blue": "Removimiento de señal azul claro",
	"item.mtr.signal_remover_light_gray": "Removimiento de señal gris claro",
	"item.mtr.signal_remover_lime": "Removimiento de señal lima",
	"item.mtr.signal_remover_magenta": "Removimiento de señal magenta",
	"item.mtr.signal_remover_orange": "Removimiento de señal naranja",
	"item.mtr.signal_remover_pink": "Removimiento de señal rosa",
	"item.mtr.signal_remover_purple": "Removimiento de señal morada",
	"item.mtr.signal_remover_red": "Removimiento de señal roja",
	"item.mtr.signal_remover_white": "Removimiento de señal blanca",
	"item.mtr.signal_remover_yellow": "Removimiento de señal amarilla",
	"item.mtr.tunnel_creator_4_3": "Creador de túneles",
	"item.mtr.tunnel_creator_4_5": "Creador de túneles",
	"item.mtr.tunnel_creator_4_7": "Creador de túneles",
	"item.mtr.tunnel_creator_4_9": "Creador de túneles",
	"item.mtr.tunnel_creator_5_3": "Creador de túneles",
	"item.mtr.tunnel_creator_5_5": "Creador de túneles",
	"item.mtr.tunnel_creator_5_7": "Creador de túneles",
	"item.mtr.tunnel_creator_5_9": "Creador de túneles",
	"item.mtr.tunnel_creator_6_3": "Creador de túneles",
	"item.mtr.tunnel_creator_6_5": "Creador de túneles",
	"item.mtr.tunnel_creator_6_7": "Creador de túneles",
	"item.mtr.tunnel_creator_6_9": "Creador de túneles",
	"item.mtr.tunnel_wall_creator_4_3": "Creador de muros de túneles",
	"item.mtr.tunnel_wall_creator_4_5": "Creador de muros de túneles",
	"item.mtr.tunnel_wall_creator_4_7": "Creador de muros de túneles",
	"item.mtr.tunnel_wall_creator_4_9": "Creador de muros de túneles",
	"item.mtr.tunnel_wall_creator_5_3": "Creador de muros de túneles",
	"item.mtr.tunnel_wall_creator_5_5": "Creador de muros de túneles",
	"item.mtr.tunnel_wall_creator_5_7": "Creador de muros de túneles",
	"item.mtr.tunnel_wall_creator_5_9": "Creador de muros de túneles",
	"item.mtr.tunnel_wall_creator_6_3": "Creador de muros de túneles",
	"item.mtr.tunnel_wall_creator_6_5": "Creador de muros de túneles",
	"item.mtr.tunnel_wall_creator_6_7": "Creador de muros de túneles",
	"item.mtr.tunnel_wall_creator_6_9": "Creador de muros de túneles",
	"itemGroup.mtr.core": "Núcleo del Tránsito de Minecraft",
	"itemGroup.mtr.escalators_lifts": "Escaladores y Ascensores / Expulsadores",
	"itemGroup.mtr.railway_facilities": "Instalaciones de Railway",
	"itemGroup.mtr.station_building_blocks": "Bloques de construcción de estaciones",
	"key.mtr.debug_1_negative": "Depurar Campo 1 (Restar)",
	"key.mtr.debug_1_positive": "Depurar Campo 1 (Añadir)",
	"key.mtr.debug_2_negative": "Depurar Campo 2 (Restar)",
	"key.mtr.debug_2_positive": "Depurar Campo 2 (Añadir)",
	"key.mtr.debug_3_negative": "Depurar Campo 3 (Restar)",
	"key.mtr.debug_3_positive": "Depurar Campo 3 (Añadir)",
	"key.mtr.debug_cycle_negative": "Categoría de ciclo de depuración (Atrás)",
	"key.mtr.debug_cycle_positive": "Categoría de ciclo de depuración (Adelante)",
	"key.mtr.lift_menu": "Abrir Ascensor / Selección de Piso de Expulsador",
	"key.mtr.train_accelerate": "Acelerar vehículo",
	"key.mtr.train_brake": "Frenar vehículo",
	"key.mtr.train_toggle_doors": "Alternar puertas",
	"options.mtr.anonymous": "Anónimo",
	"options.mtr.dynamic_texture_resolution": "Resolución dinámica de las texturas (¡los valores más altos pueden bloquearse!)",
	"options.mtr.hide_special_rail_colors": "Ocultar colores especiales de raíl",
	"options.mtr.hide_translucent_parts": "Ocultar partes traslúcidas en los trenes",
	"options.mtr.language_options": "Idioma mostrado en signos",
	"options.mtr.language_options_0": "Preestablecido",
	"options.mtr.language_options_1": "Solo CJK",
	"options.mtr.language_options_2": "Sin CJK",
	"options.mtr.off": "NO",
	"options.mtr.on": "SÍ",
	"options.mtr.shift_to_toggle_sitting": "Usa %s para alternar sentarte dentro de los vehículos",
	"options.mtr.show_announcement_messages": "Mostrar mensajes de \"siguiente estación\" en el chat",
	"options.mtr.support_patreon": "Apóyame en Patreon!",
	"options.mtr.track_texture_offset": "Rastreo de texturas",
	"options.mtr.use_dynamic_fps": "Mejora dinámica FPS",
	"options.mtr.use_mtr_font": "Usar fuentes MTR personalizadas (podría no funcionar en algunos ordenadores)",
	"options.mtr.use_tts_announcements": "Habilitar \"siguiente estación\" anuncios de texto a voz",
	"options.mtr.vehicle_render_distance_ratio": "Relación entre la distancia de renderización del vehículo y la de Minecraft",
	"sign.mtr.airport": "Aeropuerto",
	"sign.mtr.airport_arrivals": "Llegadas",
	"sign.mtr.airport_arrivals_cjk": "Llegadas",
	"sign.mtr.airport_cjk": "Aeropuerto",
	"sign.mtr.airport_departures": "Salidas",
	"sign.mtr.airport_departures_cjk": "Salidas",
	"sign.mtr.airport_express": "Trains to Airport",
	"sign.mtr.airport_express_city": "Trains to City",
	"sign.mtr.airport_express_city_cjk": "往市區列車",
	"sign.mtr.airport_express_cjk": "往機場列車",
	"sign.mtr.airport_transfer": "Trasbordo",
	"sign.mtr.airport_transfer_cjk": "Transbordos",
	"sign.mtr.baggage_claim": "Zona De Equipaje",
	"sign.mtr.baggage_claim_cjk": "Recogida de equipaje",
	"sign.mtr.boat": "Ferries",
	"sign.mtr.boat_cjk": "渡輪",
	"sign.mtr.cable_car": "Cable Cars",
	"sign.mtr.cable_car_cjk": "纜車",
	"sign.mtr.check_in_passengers": "Check-in Passengers",
	"sign.mtr.check_in_passengers_cjk": "登機乘客",
	"sign.mtr.cross": "No Entry",
	"sign.mtr.cross_cjk": "不准進入",
	"sign.mtr.customer_service_centre": "Customer Service Centre",
	"sign.mtr.customer_service_centre_cjk": "客務中心",
	"sign.mtr.emergency_exit": "Emergency Exit",
	"sign.mtr.emergency_exit_cjk": "緊急出口",
	"sign.mtr.escalator_to_concourse_down": "To Concourse Only",
	"sign.mtr.escalator_to_concourse_down_cjk": "直落大堂",
	"sign.mtr.escalator_to_concourse_up": "To Concourse Only",
	"sign.mtr.escalator_to_concourse_up_cjk": "直落大堂",
	"sign.mtr.female": "Aseo Femenino",
	"sign.mtr.female_cjk": "女洗手間",
	"sign.mtr.in_town_check_in": "In-town Check-in",
	"sign.mtr.in_town_check_in_cjk": "市區預辦登機",
	"sign.mtr.lift_1": "Ascensor",
	"sign.mtr.lift_1_cjk": "升降機",
	"sign.mtr.lift_2": "Lift",
	"sign.mtr.lift_2_cjk": "升降機",
	"sign.mtr.light_rail_1": "Light Rail",
	"sign.mtr.light_rail_1_cjk": "輕鐵",
	"sign.mtr.light_rail_2": "Light Rail",
	"sign.mtr.light_rail_2_cjk": "輕鐵",
	"sign.mtr.light_rail_3": "Light Rail",
	"sign.mtr.light_rail_3_cjk": "輕鐵",
	"sign.mtr.light_rail_4": "Light Rail",
	"sign.mtr.light_rail_4_cjk": "輕鐵",
	"sign.mtr.logo": "Ferrocarril de Tránsito de Minecraft",
	"sign.mtr.logo_cjk": "我的世界鐵路",
	"sign.mtr.male": "Aseo Masculino",
	"sign.mtr.male_cjk": "男洗手間",
	"sign.mtr.platform": "Andén",
	"sign.mtr.platform_cjk": "月台",
	"sign.mtr.sp1900": "Trains",
	"sign.mtr.sp1900_cjk": "列車",
	"sign.mtr.station": "Estación",
	"sign.mtr.station_cjk": "Estación",
	"sign.mtr.tickets": "Tickets",
	"sign.mtr.tickets_cjk": "車票",
	"sign.mtr.toilets": "Aseos",
	"sign.mtr.toilets_cjk": "洗手間",
	"sign.mtr.train": "Trains",
	"sign.mtr.train_cjk": "列車",
	"sign.mtr.train_old": "Trains",
	"sign.mtr.train_old_cjk": "列車",
	"sign.mtr.wheelchair": "Aseos adaptados",
	"sign.mtr.wheelchair_cjk": "洗手間",
	"sign.mtr.wifi": "Free Wi-Fi Hotspot",
	"sign.mtr.wifi_cjk": "免費Wi-Fi熱點",
	"sign.mtr.xrl_1": "High Speed Rail",
	"sign.mtr.xrl_1_cjk": "高速鐵路",
	"sign.mtr.xrl_2": "Tren de Alta Velocidad",
	"sign.mtr.xrl_2_cjk": "高速鐵路",
	"sign.mtr.yellow_head_1": "Trains",
	"sign.mtr.yellow_head_1_cjk": "火車",
	"sign.mtr.yellow_head_2": "Trains",
	"sign.mtr.yellow_head_2_cjk": "火車",
	"tooltip.block.mtr.glass_fence_cio": "Ciudad Uno",
	"tooltip.block.mtr.glass_fence_ckt": "Che Kung Temple",
	"tooltip.block.mtr.glass_fence_heo": "Heng en",
	"tooltip.block.mtr.glass_fence_mos": "Ma en Shan",
	"tooltip.block.mtr.glass_fence_plain": "Panel de Cristal",
	"tooltip.block.mtr.glass_fence_shm": "Mun de Shek",
	"tooltip.block.mtr.glass_fence_stained": "Panel de Cristal Tintado",
	"tooltip.block.mtr.glass_fence_stw": "Sha Tin Wai",
	"tooltip.block.mtr.glass_fence_tsh": "Tai Shui Hang",
	"tooltip.block.mtr.glass_fence_wks": "Wu Kai Sha",
	"tooltip.mtr.cable_car_node": "No hay plataformas y laterales\nSolo conexiones rectas",
	"tooltip.mtr.cable_car_node_station": "Las plataformas y laterales pueden ser creadas\nCurvas pueden ser creadas",
	"tooltip.mtr.pole_placement": "Debe colocarse en la parte superior de un\n%s existente",
	"tooltip.mtr.psd_apg_door": "Sección de puerta",
	"tooltip.mtr.psd_apg_door_2": "Sección de puerta",
	"tooltip.mtr.psd_apg_glass": "Sección de vidrio",
	"tooltip.mtr.psd_apg_glass_2": "Sección de vidrio",
	"tooltip.mtr.psd_apg_glass_end": "Sección final de vidrio",
	"tooltip.mtr.rail_action_depth": "Profundidad: %s",
	"tooltip.mtr.rail_action_height": "Altura: %s",
	"tooltip.mtr.rail_action_width": "Ancho %s",
	"tooltip.mtr.rail_speed_limit": "Límite de Velocidad: %s",
	"tooltip.mtr.railway_sign_even": "Orientación: Par",
	"tooltip.mtr.railway_sign_length": "Largo: %s",
	"tooltip.mtr.railway_sign_odd": "Orientación: Impar",
	"tooltip.mtr.selected_block": "Bloque Seleccionado: %s",
	"tooltip.mtr.selected_material": "Material Seleccionado: %s",
	"tooltip.mtr.shift_right_click_to_clear": "Mantenga %s y use %s para restablecer",
	"tooltip.mtr.shift_right_click_to_select_material": "Mantenga %s y utilice el bloque para seleccionar el material",
	"tooltip.mtr.station_color": "El color depende de la estación",
	"tooltip.mtr.station_color_name": "Color y texto dependen de la estación",
	"train.mtr.a320": "Airbus A320",
	"train.mtr.a_train_ael": "Aeropuerto CAF Express",
	"train.mtr.a_train_ael_mini": "Aeropuerto CAF Express (Mini)",
	"train.mtr.a_train_tcl": "CAF Tung Chung Line",
	"train.mtr.a_train_tcl_mini": "CAF Tung Chung Line (Mini)",
	"train.mtr.a_train_tcl_small": "CAF Tung Chung Line (Pequeño)",
	"train.mtr.acacia_boat": "Bote de acacia",
	"train.mtr.birch_boat": "Bote de abedul",
	"train.mtr.br_423": "DB BR 423",
	"train.mtr.c1141a": "Tren C 1141A / TML",
	"train.mtr.c1141a_mini": "Tren C 1141A / TML (Mini)",
	"train.mtr.c1141a_small": "Tren C 1141A / TML (Pequeño)",
	"train.mtr.c_train": "C-Tren",
	"train.mtr.c_train_mini": "C-Tren (Mini)",
	"train.mtr.c_train_small": "C-Tren (Pequeño)",
	"train.mtr.class_377_southern": "Clase 377 British Rail (Southern)",
	"train.mtr.class_802_gwr": "Clase ferroviaria británica 802 (GWR)",
	"train.mtr.class_802_gwr_mini": "Clase ferroviaria británica 802 (GWR, Mini)",
	"train.mtr.class_802_tpe": "Clase ferroviaria británica 802 (TPE)",
	"train.mtr.class_802_tpe_mini": "Clase ferroviaria británica 802 (TPE, Mini)",
	"train.mtr.cm_stock": "Tren del Metro-Cammell (M-Tren sin reforzar)",
	"train.mtr.cm_stock_mini": "Tren del Metro-Cammell (M-Tren sin reforzar, Mini)",
	"train.mtr.cm_stock_small": "Tren del Metro-Cammell (M-Tren sin reforzar, Pequeño)",
	"train.mtr.dark_oak_boat": "Bote de roble oscuro",
	"train.mtr.drl": "Tren de línea del Disneyland Resort",
	"train.mtr.e44": "KCR E44 (cabeza amarilla)",
	"train.mtr.e44_mini": "KCR E44 (cabeza amarilla, Mini)",
	"train.mtr.flying_minecart": "Vagoneta Voladora",
	"train.mtr.jungle_boat": "Bote de jungla",
	"train.mtr.k_train": "K-Tren",
	"train.mtr.k_train_ael": "K-Tren Aeropuerto Express",
	"train.mtr.k_train_ael_mini": "K-Train Aeropuerto Express (Mini)",
	"train.mtr.k_train_ael_small": "K-Tren Aeropuerto Express (Pequeño)",
	"train.mtr.k_train_mini": "K-Tren (Mini)",
	"train.mtr.k_train_small": "K-Tren (Pequeño)",
	"train.mtr.k_train_tcl": "K-Tren Tung Chung Line",
	"train.mtr.k_train_tcl_mini": "K-Tren Tung Chung Line (Mini)",
	"train.mtr.k_train_tcl_small": "K-Tren Tung Chung Line (Pequeño)",
	"train.mtr.light_rail_1": "Ferrocarril ligero (1, Izquierda)",
	"train.mtr.light_rail_1_orange": "Ferrocarriles ligeros (ase 1, Liveria Naranja, Izquierda)",
	"train.mtr.light_rail_1_orange_rht": "Ferrocarriles ligeros (ase 1, Liveria Naranja, Derecha)",
	"train.mtr.light_rail_1_rht": "Ferrocarril ligero (1, Derecha)",
	"train.mtr.light_rail_1r": "Ferrocarril ligero (ase 1 restaurado, Izquierda)",
	"train.mtr.light_rail_1r_old": "Ferrocarril ligero (ase 1 restaurado, Izquierda)",
	"train.mtr.light_rail_1r_old_rht": "Ferrocarril ligero (ase 1 restaurado, Derecha)",
	"train.mtr.light_rail_1r_orange": "Ferrocarriles ligeros (ase 1, Liveria Naranja, Izquierda)",
	"train.mtr.light_rail_1r_orange_rht": "Ferrocarriles ligeros (ase 1, Liveria Naranja, Derecha)",
	"train.mtr.light_rail_1r_rht": "Ferrocarril ligero (ase 1 restaurado, Derecha)",
	"train.mtr.light_rail_2": "Ferrocarril ligero (2, Izquierda)",
	"train.mtr.light_rail_2r": "Ferrocarril ligero (ase 2 restaurado, Izquierda)",
	"train.mtr.light_rail_2r_rht": "Ferrocarril ligero (ase 2 restaurado, Derecha)",
	"train.mtr.light_rail_2_orange": "Ferrocarriles ligeros (ase 2, Liveria Naranja, Izquierda)",
	"train.mtr.light_rail_2_orange_rht": "Ferrocarriles ligeros (ase 2, Liveria Naranja, Derecha)",
	"train.mtr.light_rail_2_rht": "Ferrocarril ligero (2, Derecha)",
	"train.mtr.light_rail_3": "Ferrocarril ligero (3, Izquierda)",
	"train.mtr.light_rail_3r": "Ferrocarril ligero (ase 3 restaurado, Izquierda)",
	"train.mtr.light_rail_3r_rht": "Ferrocarril ligero (ase 3 restaurado, Derecha)",
	"train.mtr.light_rail_3_orange": "Ferrocarriles ligeros (ase 3, Liveria Naranja, Izquierda)",
	"train.mtr.light_rail_3_orange_rht": "Ferrocarriles ligeros (ase 3, Liveria Naranja, Derecha)",
	"train.mtr.light_rail_3_rht": "Ferrocarril ligero (3, Derecha)",
	"train.mtr.light_rail_4": "Ferrocarril ligero (4, Izquierda)",
	"train.mtr.light_rail_4_old": "Ferrocarriles ligeros (ase 4, Liveria Azul, Izquierda)",
	"train.mtr.light_rail_4_old_rht": "Ferrocarriles ligeros (ase 4, Liveria Azul, Derecha)",
	"train.mtr.light_rail_4_orange": "Ferrocarriles ligeros (ase 4, Liveria Naranja, Izquierda)",
	"train.mtr.light_rail_4_orange_rht": "Ferrocarriles ligeros (ase 4, Liveria Naranja, Derecha)",
	"train.mtr.light_rail_4_rht": "Ferrocarril ligero (4, Derecha)",
	"train.mtr.light_rail_5": "Ferrocarril ligero (5, Izquierda)",
	"train.mtr.light_rail_5_old": "Ferrocarriles ligeros (ase 5, Liveria Azul, Izquierda)",
	"train.mtr.light_rail_5_old_rht": "Ferrocarriles ligeros (ase 5, Liveria Azul, Derecha)",
	"train.mtr.light_rail_5_orange": "Ferrocarriles ligeros (ase 5, Liveria Naranja, Izquierda)",
	"train.mtr.light_rail_5_orange_rht": "Ferrocarriles ligeros (ase 5, Liveria Naranja, Derecha)",
	"train.mtr.light_rail_5_rht": "Ferrocarril ligero (5, Derecha)",
	"train.mtr.london_underground_1995": "Stock subsuelo de Londres 1995",
	"train.mtr.london_underground_1996": "Stock subsuelo de Londres 1996",
	"train.mtr.london_underground_d78": "Stock subsuelo de Londres D78",
	"train.mtr.london_underground_d78_mini": "Stock subsuelo de Londres D78 (Mini)",
	"train.mtr.m_train": "M-Tren",
	"train.mtr.m_train_mini": "M-Tren (Mini)",
	"train.mtr.m_train_small": "M-tren (Pequeño)",
	"train.mtr.minecart": "Vagoneta",
	"train.mtr.mlr": "Tren MLR",
	"train.mtr.mlr_christmas": "Tren de MLR Edición Navideña",
	"train.mtr.mlr_christmas_mini": "Tren de MLR Edición Navideña (Mini)",
	"train.mtr.mlr_christmas_small": "Tren de MLR Edición Navideña (Pequeño)",
	"train.mtr.mlr_mini": "Tren MLR (Mini)",
	"train.mtr.mlr_small": "Tren MLR (Pequeño)",
	"train.mtr.mpl_85": "MPL 85",
	"train.mtr.ngong_ping_360_crystal": "Cabaña de Cristal de Ngong Ping 360 (Izquierda)",
	"train.mtr.ngong_ping_360_crystal_rht": "Cabaña de Cristal de Ngong Ping 360 (Derecha)",
	"train.mtr.ngong_ping_360_crystal_plus": "Ngong Ping 360 Crystal+ Cabin (Izquierda)",
	"train.mtr.ngong_ping_360_crystal_plus_rht": "Ngong Ping 360 Crystal+ Cabin (Derecha)",
	"train.mtr.ngong_ping_360_normal_light_blue": "Ngong Ping 360 (Azul claro, Izquierda)",
	"train.mtr.ngong_ping_360_normal_light_blue_rht": "Ngong Ping 360 (Azul claro, Derecha)",
	"train.mtr.ngong_ping_360_normal_orange": "Ngong Ping 360 (Naranja, Izquierda)",
	"train.mtr.ngong_ping_360_normal_orange_rht": "Ngong Ping 360 (Naranja, Derecha)",
	"train.mtr.ngong_ping_360_normal_red": "Ngong Ping 360 (Rojo, Izquierda)",
	"train.mtr.ngong_ping_360_normal_red_rht": "Ngong Ping 360 (Rojo, Derecha)",
	"train.mtr.oak_boat": "Bote de Roble",
	"train.mtr.r179": "R179 (metro de la ciudad de Nueva York)",
	"train.mtr.r179_mini": "R179 (metro de la ciudad de Nueva York, Mini)",
	"train.mtr.r211": "R211 (metro de la ciudad de Nueva York)",
	"train.mtr.r211_mini": "R211 (Subterraneo de la Ciudad de Nueva York, Mini)",
	"train.mtr.r211t": "R211T (metro de la ciudad de Nueva York)",
	"train.mtr.r211t_mini": "R211T (metro de la ciudad de Nueva York, Mini)",
	"train.mtr.r_train": "R-Tren / EAL",
	"train.mtr.r_train_mini": "R-Tren / EAL (Mini)",
	"train.mtr.r_train_small": "R-Tren / EAL (Pequeño)",
	"train.mtr.s_train": "S-Tren / SIL",
	"train.mtr.s_train_mini": "S-Tren / SIL (Mini)",
	"train.mtr.s_train_small": "S-Tren / SIL (Pequeño)",
	"train.mtr.sp1900": "SP1900",
	"train.mtr.sp1900_mini": "SP1900 (Mini)",
	"train.mtr.sp1900_small": "SP1900 (Pequeño)",
	"train.mtr.spruce_boat": "Bote de abeto"
}
