{
	"block.minecraft.bedrock_slab": "Bedrock Lab",
	"block.minecraft.birch_wood_slab": "Koivulaatta",
	"block.minecraft.bone_block_slab": "Luusto Luusto",
	"block.minecraft.chiseled_quartz_block_slab": "Kaiverretut kvartsikuutiot",
	"block.minecraft.chiseled_stone_bricks_slab": "Veistettyjä kivitiiliä",
	"block.minecraft.clay_slab": "Savilaatta",
	"block.minecraft.coal_ore_slab": "Hiilimalmilaatta",
	"block.minecraft.concrete": "Betoni",
	"block.minecraft.concrete_powder": "Betonijauhe",
	"block.minecraft.concrete_powder_slab": "Betonijauhelaatta",
	"block.minecraft.concrete_slab": "Betoni Lab",
	"block.minecraft.cracked_stone_bricks_slab": "Veistettyjä kivitiiliä",
	"block.minecraft.gravel_slab": "Sora Lab",
	"block.minecraft.iron_block_slab": "Rauta Lohko Slab",
	"block.minecraft.metal": "Metallinen Lohko",
	"block.minecraft.metal_slab": "Metallinen Lab",
	"block.minecraft.planks": "Puulautoja",
	"block.minecraft.planks_slab": "Puiset Lankkulaudat Lab",
	"block.minecraft.purpur_block_slab": "Rauta Lohko Slab",
	"block.minecraft.purpur_pillar_slab": "Rauta Lohko Slab",
	"block.minecraft.quartz_block_slab": "Rauta Lohko Slab",
	"block.minecraft.quartz_bricks_slab": "Rauta Lohko Slab",
	"block.minecraft.quartz_pillar_slab": "Rauta Lohko Slab",
	"block.minecraft.snow_block_slab": "Rauta Lohko Slab",
	"block.minecraft.stained_glass": "Lasimaalaus",
	"block.minecraft.stained_glass_slab": "Värjätty lasipaneeli",
	"block.minecraft.stone_bricks_slab": "Kivitiililaatta",
	"block.minecraft.wool": "Villa",
	"block.minecraft.wool_slab": "Villan Slab",
	"block.mtr.airplane_node": "Lento Tila",
	"block.mtr.apg_door": "Automaattiset Alustaportit",
	"block.mtr.apg_glass": "Automaattiset Alustaportit",
	"block.mtr.apg_glass_end": "Automaattiset Alustaportit",
	"block.mtr.arrival_projector_1_large": "Junan Saapuminen Projektori (3x3)",
	"block.mtr.arrival_projector_1_medium": "Junan Saapuminen Projektori (3x2)",
	"block.mtr.arrival_projector_1_small": "Junan Saapuminen Projektori (1x1)",
	"block.mtr.boat_node": "Veneen Solmu",
	"block.mtr.cable_car_node_lower": "Kaapeliauton Solmu",
	"block.mtr.cable_car_node_station": "Kaapeliauton Asema Solmu",
	"block.mtr.cable_car_node_upper": "Kaapeliauton Solmu",
	"block.mtr.ceiling": "Katto",
	"block.mtr.ceiling_light": "Katto (Valo)",
	"block.mtr.ceiling_no_light": "Katto (Ei Valoa)",
	"block.mtr.clock": "Kello",
	"block.mtr.clock_pole": "Kellon Pylväs",
	"block.mtr.escalator_side": "Liukuportaat",
	"block.mtr.escalator_step": "Liukuportaat",
	"block.mtr.glass_fence_cio": "Lasiaita",
	"block.mtr.glass_fence_ckt": "Lasiaita",
	"block.mtr.glass_fence_heo": "Lasiaita",
	"block.mtr.glass_fence_mos": "Lasiaita",
	"block.mtr.glass_fence_plain": "Lasiaita",
	"block.mtr.glass_fence_shm": "Lasiaita",
	"block.mtr.glass_fence_stained": "Lasiaita",
	"block.mtr.glass_fence_stw": "Lasiaita",
	"block.mtr.glass_fence_tsh": "Lasiaita",
	"block.mtr.glass_fence_wks": "Lasiaita",
	"block.mtr.lift_buttons_1": "Hissin Painikkeet",
	"block.mtr.lift_door_1": "Hissin Ovet",
	"block.mtr.lift_door_odd_1": "Hissin Ovet",
	"block.mtr.lift_panel_even_1": "Lift / Elevator Display Panel",
	"block.mtr.lift_panel_even_2": "Lift / Elevator Display Panel",
	"block.mtr.lift_panel_odd_1": "Lift / Elevator Display Panel",
	"block.mtr.lift_panel_odd_2": "Lift / Elevator Display Panel",
	"block.mtr.lift_track_1": "Hissin Johde",
	"block.mtr.lift_track_floor_1": "Hissin Lattiarata",
	"block.mtr.logo": "MTR Logo",
	"block.mtr.marble_blue": "Blue Marble",
	"block.mtr.marble_blue_slab": "Sininen Marmori Slab",
	"block.mtr.marble_sandy": "Sandy Marble",
	"block.mtr.marble_sandy_slab": "Sininen Marmori Slab",
	"block.mtr.metal": "Metal",
	"block.mtr.metal_slab": "Metal Slab",
	"block.mtr.pids_1": "Matkustajien Tietojen Näyttöjärjestelmä",
	"block.mtr.pids_2": "Matkustajien Tietojen Näyttöjärjestelmä",
	"block.mtr.pids_3": "Matkustajien Tietojen Näyttöjärjestelmä",
	"block.mtr.pids_pole": "PIDS Pooli",
	"block.mtr.platform": "Alusta",
	"block.mtr.platform_indented": "Alusta",
	"block.mtr.platform_na_1": "Alusta (Pohjois-Amerikka)",
	"block.mtr.platform_na_1_indented": "Alusta (Pohjois-Amerikka)",
	"block.mtr.platform_na_2": "Alusta (Pohjois-Amerikka)",
	"block.mtr.platform_na_2_indented": "Alusta (Pohjois-Amerikka)",
	"block.mtr.platform_uk_1": "Platform (Yhdistynyt Kuningaskunta)",
	"block.mtr.platform_uk_1_indented": "Platform (Yhdistynyt Kuningaskunta)",
	"block.mtr.psd_door": "Laiturin Näytön Ovet",
	"block.mtr.psd_door_2": "Laiturin Näytön Ovet",
	"block.mtr.psd_glass": "Laiturin Näytön Ovet",
	"block.mtr.psd_glass_2": "Laiturin Näytön Ovet",
	"block.mtr.psd_glass_end": "Laiturin Näytön Ovet",
	"block.mtr.psd_glass_end_2": "Laiturin Näytön Ovet",
	"block.mtr.psd_top": "Laiturin Näytön Ovet",
	"block.mtr.rail": "Raiteenkävijä",
	"block.mtr.railway_sign": "Rautatie- tai metroasema",
	"block.mtr.railway_sign_pole": "Rautateiden Kylttiasema",
	"block.mtr.route_sign_standing_light": "Reitin Allekirjoitus (Standing Light)",
	"block.mtr.route_sign_standing_metal": "Reitin Allekirjoitus (Standing Light)",
	"block.mtr.route_sign_wall_light": "Reitin Allekirjoitus (Standing Light)",
	"block.mtr.route_sign_wall_metal": "Reitin Allekirjoitus (Standing Light)",
	"block.mtr.rubbish_bin_1": "Roskakori",
	"block.mtr.signal_light_1": "Signal Light (2 Aspects)",
	"block.mtr.signal_light_2": "Signal Light (2 Aspects, Double-sided)",
	"block.mtr.signal_light_3": "Signal Light (2 Aspects)",
	"block.mtr.signal_light_3_aspect_1": "Signal Light (3 Aspects)",
	"block.mtr.signal_light_3_aspect_2": "Signal Light (3 Aspects, Double-sided)",
	"block.mtr.signal_light_4": "Signal Light (2 Aspects, Double-sided)",
	"block.mtr.signal_light_4_aspect_1": "Signal Light (4 Aspects)",
	"block.mtr.signal_light_4_aspect_2": "Signal Light (4 Aspects, Double-sided)",
	"block.mtr.signal_pole": "Signaali Pole",
	"block.mtr.signal_semaphore_1": "Semafole-signaali",
	"block.mtr.signal_semaphore_2": "Semaphore Signal (Double-sided)",
	"block.mtr.station_name_entrance": "Aseman Nimi (Entrance)",
	"block.mtr.station_name_tall_block": "Aseman Nimi (Tall Block)",
	"block.mtr.station_name_tall_block_double_sided": "Aseman Nimi (Pitkä Palikka, Kaksipuoleinen)",
	"block.mtr.station_name_tall_wall": "Aseman Nimi (Tall Block)",
	"block.mtr.station_name_wall": "Aseman Nimi (Seinän Teksti, Valkoinen)",
	"block.mtr.station_name_wall_black": "Aseman Nimi (Seinän Teksti, Musta)",
	"block.mtr.station_name_wall_gray": "Aseman Nimi (Seinän Teksti, Harmaa)",
	"block.mtr.station_pole": "Aseman Väripala",
	"block.mtr.tactile_map": "Passiivinen Kartta",
	"block.mtr.ticket_barrier_entrance_1": "Lipun Esto (Entrance)",
	"block.mtr.ticket_barrier_exit_1": "Tukipyynnön Estäjä (lisätieto)",
	"block.mtr.ticket_machine": "Lipun Kone",
	"block.mtr.ticket_processor": "Tukipyynnön Prosessori",
	"block.mtr.ticket_processor_enquiry": "Kyselyn Prosessi",
	"block.mtr.ticket_processor_entrance": "Lipun Esto (Entrance)",
	"block.mtr.ticket_processor_exit": "Tukipyynnön Prosessori (Exit)",
	"block.mtr.train_announcer": "Kuuluttaja",
	"block.mtr.train_cargo_loader": "Lastin Lataaja",
	"block.mtr.train_cargo_unloader": "Lastin Lataaja",
	"block.mtr.train_schedule_sensor": "Junan Aikataulu-anturi",
	"block.mtr.train_sensor": "Punakivikiivailija",
	"category.mtr.keybinding": "Minecraft Transit Railway Keybinding",
	"entity.mtr.seat": "",
	"gui.mtr.acceleration": "Ajoneuvon kiihtyvyys",
	"gui.mtr.add_balance_for_emeralds": "Lisää $%s %s emeraldille",
	"gui.mtr.add_depot": "Lisää Poisto",
	"gui.mtr.add_exit": "Lisää Aseman Poisto",
	"gui.mtr.add_exit_destination": "Lisää poistumistie",
	"gui.mtr.add_route": "Lisää polku",
	"gui.mtr.add_station": "Lisää asemia",
	"gui.mtr.add_value": "Lisää Arvo",
	"gui.mtr.already_entered": "Asema on jo syötetty",
	"gui.mtr.already_exited": "Ei kirjaa löytynyt",
	"gui.mtr.announcement_message": "Kuulutus",
	"gui.mtr.anticlockwise_to": "Vastapäivään %s",
	"gui.mtr.anticlockwise_to_cjk": "順時針往%s",
	"gui.mtr.anticlockwise_via": "Myötäpäivään %s",
	"gui.mtr.anticlockwise_via_cjk": "順時針往%s",
	"gui.mtr.arrival_car": "%s-auto",
	"gui.mtr.arrival_car_cjk": "%s 卡",
	"gui.mtr.arrival_min": "%s min",
	"gui.mtr.arrival_min_cjk": "%s 分鐘",
	"gui.mtr.arrival_sec": "%s sek",
	"gui.mtr.arrival_sec_cjk": "%s 秒",
	"gui.mtr.automatically_detect_nearby_platform": "Automatically detect nearby platform",
	"gui.mtr.available": "Saatavissa",
	"gui.mtr.available_model_parts": "Saatavilla Olevat Malliosat",
	"gui.mtr.balance": "saldo: $%s",
	"gui.mtr.cable_car_invalid_orientation": "Virheellinen kaapeliyhteys",
	"gui.mtr.cars_to_spawn": "Cars to Spawn: %s",
	"gui.mtr.clear_vehicles": "Yrityksen ajoneuvot",
	"gui.mtr.clockwise_to": "Myötäpäivään %s",
	"gui.mtr.clockwise_to_cjk": "順時針往%s",
	"gui.mtr.clockwise_via": "Myötäpäivään %s",
	"gui.mtr.clockwise_via_cjk": "順時針往%s",
	"gui.mtr.color": "Väri",
	"gui.mtr.comma": ", ",
	"gui.mtr.comma_cjk": "、",
	"gui.mtr.comma_last": " ja ",
	"gui.mtr.comma_last_cjk": "或",
	"gui.mtr.connecting_station_interchange_announcement_part": "the %1$s at %2$s station",
	"gui.mtr.connecting_station_interchange_announcement_part_cjk": "往%2$s站轉乘%1$s",
	"gui.mtr.connecting_station_part": "Passengers may change to %s.",
	"gui.mtr.connecting_station_part_cjk": "乘客可在該站%s。",
	"gui.mtr.cruising_altitude": "Cruising Altitude",
	"gui.mtr.custom_destination_suggestion": "Destination (\\r to Reset)",
	"gui.mtr.custom_resources_export_resource_pack": "Vie Resurssipaketti",
	"gui.mtr.custom_resources_gangway_connection_id": "Gangway-yhteyden Tunnus",
	"gui.mtr.custom_resources_id": "Tunnus",
	"gui.mtr.custom_resources_name": "Nimi",
	"gui.mtr.custom_resources_rider_offset": "Rider Offset: %s",
	"gui.mtr.custom_resources_train_barrier_id": "Junan Eston Tunnus",
	"gui.mtr.delete_confirmation": "Haluatko varmasti poistaa kohteen %s?",
	"gui.mtr.depot_color": "Varikon Väri",
	"gui.mtr.depot_name": "Varikon Nimi",
	"gui.mtr.depots": "Varikot",
	"gui.mtr.disable_next_station_announcements": "Disable Next Station Announcements",
	"gui.mtr.dismount_hold": "Pidä %s pohjassa pakottaaksesi pois: %s",
	"gui.mtr.display_page": "Sivunumero",
	"gui.mtr.door_animation_type_bouncy_1": "Doors: Bouncy (1)",
	"gui.mtr.door_animation_type_bouncy_2": "Doors: Bouncy (2)",
	"gui.mtr.door_animation_type_constant": "Doors: Constant",
	"gui.mtr.door_animation_type_mlr": "Ovet: MLR",
	"gui.mtr.door_animation_type_plug_fast": "Doors: Fast Plug",
	"gui.mtr.door_animation_type_plug_slow": "Doors: Slow Plug",
	"gui.mtr.door_animation_type_r179": "Doors: R179",
	"gui.mtr.door_animation_type_r211": "Doors: R211",
	"gui.mtr.door_animation_type_standard": "Doors: Standard",
	"gui.mtr.door_animation_type_standard_slow": "Doors: Slow",
	"gui.mtr.drag_file_to_upload": "Vedä ladattava tiedosto",
	"gui.mtr.dwell_time": "Ajoneuvon Viiveaika",
	"gui.mtr.edit_area": "Klikkaa ja vedä piirtääksesi alueen.",
	"gui.mtr.edit_instructions": "Muokkaa Junan Ohjeita",
	"gui.mtr.edit_route": "Klikkaa laituria, jotta voit lisätä sen reitille.",
	"gui.mtr.editing_part": "Muokataan: %s",
	"gui.mtr.emeralds": "Smaralds: %s",
	"gui.mtr.enter_barrier": "Syötetty %s - saldo: $%s",
	"gui.mtr.exit_barrier": "Poistui %s - Hinta: $%s - Saldo: $%s",
	"gui.mtr.exit_destinations": "Määränpäät",
	"gui.mtr.exit_parents": "Aseman Poistumiset",
	"gui.mtr.file_model": "Blockbench Tiedosto",
	"gui.mtr.file_properties": "Ominaisuuksien Tiedosto (Valinnainen)",
	"gui.mtr.file_texture": "Tekstuuritiedosto",
	"gui.mtr.file_upload": "Lähetä...",
	"gui.mtr.filtered_platforms": "Suodatetut alustat (%s)",
	"gui.mtr.filtered_routes": "Suodatetut reitit (%s)",
	"gui.mtr.filtered_routes_condition": "Vain seuraavilla reiteillä kulkevat junat aktivoivat tämän palikan",
	"gui.mtr.filtered_routes_empty": "Kaikki junat aktivoivat tämän palikan",
	"gui.mtr.game_time": "Peliaika",
	"gui.mtr.generate_map": "Luo reitti",
	"gui.mtr.generating_path": "Luodaan Polku",
	"gui.mtr.hide_arrival": "Piilota Saapuminen",
	"gui.mtr.insufficient_balance": "Riittämätön saldo ($%s)",
	"gui.mtr.interchange_announcement": "Interchange asema %s.",
	"gui.mtr.interchange_announcement_cjk": "乘客可以轉乘%s。",
	"gui.mtr.invalid_orientation": "Ei voitu yhdistää kiskoa; virheellinen suunta",
	"gui.mtr.is_anticlockwise_route": "On Vastapäivään Pyöreitti",
	"gui.mtr.is_clockwise_route": "On Vastapäivään Pyöreitti",
	"gui.mtr.is_light_rail_route": "On Reittinumero",
	"gui.mtr.is_manual": "Ajoitettava Ajoneuvo",
	"gui.mtr.is_route_hidden": "Lisää polku",
	"gui.mtr.last_airplane_station": "Tämä lento on menossa %s",
	"gui.mtr.last_airplane_station_cjk": "本航班往%s",
	"gui.mtr.last_boat_station": "Tämä juna on menossa %s",
	"gui.mtr.last_boat_station_cjk": "本渡輪往%s",
	"gui.mtr.last_cable_car_station": "Tämä kaapeliauto on menossa %s",
	"gui.mtr.last_cable_car_station_cjk": "本纜車往%s",
	"gui.mtr.last_train_station": "Tämä juna menee kohteeseen %s",
	"gui.mtr.last_train_station_cjk": "本列車往%s",
	"gui.mtr.left": "Vasen",
	"gui.mtr.lift_buttons_locked": "Buttons Locked",
	"gui.mtr.lift_buttons_unlocked": "Buttons Unlocked",
	"gui.mtr.lift_floor_description": "Kuvaus",
	"gui.mtr.lift_floor_number": "Kerroksen Numero",
	"gui.mtr.lift_is_double_sided": "Double-sided",
	"gui.mtr.lift_should_ding": "Toista \"Ding\" Ääni",
	"gui.mtr.lift_style": "Style: %s",
	"gui.mtr.lift_style_opaque": "Opaque",
	"gui.mtr.lift_style_transparent": "Transparent",
	"gui.mtr.lift_track_required": "Lift / Elevator Tracks Required",
	"gui.mtr.light_rail_route_announcement": "Tämä on reitti %s kohteeseen %s.",
	"gui.mtr.light_rail_route_announcement_cjk": "本班為%s綫列車前往%s。",
	"gui.mtr.light_rail_route_number": "Reittinumero",
	"gui.mtr.london_train_interchange_announcement": "Change here for %s.",
	"gui.mtr.london_train_interchange_announcement_cjk": "乘客可在該站轉乘%s。",
	"gui.mtr.london_train_next_station_announcement": "Seuraava Asema on %s.",
	"gui.mtr.london_train_next_station_announcement_cjk": "下一站是%s。",
	"gui.mtr.london_train_route_announcement": "This is a %s train terminating at %s.",
	"gui.mtr.london_train_route_announcement_cjk": "本班為%s列車前往%s。",
	"gui.mtr.london_train_terminating_announcement": "This train terminates here.",
	"gui.mtr.london_train_terminating_announcement_cjk": "列車以本站為終點站。",
	"gui.mtr.london_train_this_station_announcement": "Tämä asema on %s.",
	"gui.mtr.london_train_this_station_announcement_cjk": "本站是%s。",
	"gui.mtr.manual_to_automatic_time": "Drivable Timeout",
	"gui.mtr.max_manual_speed": "Suurin Ajonopeus",
	"gui.mtr.max_vehicles": "Sidontajunien enimmäismäärä",
	"gui.mtr.mismatched_versions": "Päivitä Minecraft Transit Railway modi ja yritä uudelleen.",
	"gui.mtr.mismatched_versions_server_version": "Palvelimen versio: %s",
	"gui.mtr.mismatched_versions_your_version": "Versiosi: %s",
	"gui.mtr.moving_only": "Vain Siirrettävät Ajoneuvot",
	"gui.mtr.mtr_options": "Minecraftin Kauttakulun Asetukset",
	"gui.mtr.name": "Nimi",
	"gui.mtr.next_departure": "Arvioitu seuraava lähtö: %s",
	"gui.mtr.next_departure_none": "Ei suunniteltuja lähtöjä",
	"gui.mtr.next_route_airplane_announcement": "This flight will be changed to the %s to %s.",
	"gui.mtr.next_route_airplane_announcement_cjk": "本航班會改為%s前往%s。",
	"gui.mtr.next_route_boat_announcement": "Tämä laiva muutetaan %s -> %s.",
	"gui.mtr.next_route_boat_announcement_cjk": "本班車會改為%s前往%s。",
	"gui.mtr.next_route_boat_light_rail_announcement": "Tämä reitti muutetaan reitiksi %s. Matkustajat kohteeseen %s, ota tämä laiva.",
	"gui.mtr.next_route_boat_light_rail_announcement_cjk": "本渡輪會改為%s路綫。前往%s沿途各站之乘客, 可乘本渡輪。",
	"gui.mtr.next_route_cable_car_announcement": "Tämä kaapeliauto vaihdetaan linjaan %s %s's suuntaan.",
	"gui.mtr.next_route_cable_car_announcement_cjk": "本纜車會改為%s前往%s。",
	"gui.mtr.next_route_train_announcement": "Tämä juna muutetaan arvoksi %s arvoksi %s.",
	"gui.mtr.next_route_train_announcement_cjk": "本班車會改為%s前往%s。",
	"gui.mtr.next_route_train_light_rail_announcement": "Tämä reitti muutetaan reitiksi %s. Matkustajat kohteeseen %s, ota tämä juna.",
	"gui.mtr.next_route_train_light_rail_announcement_cjk": "本班車會改為%s路綫。前往%s沿途各站之乘客，可乘本列車。",
	"gui.mtr.next_station": "Seuraava asema on %s",
	"gui.mtr.next_station_announcement": "Seuraava asema: %s.",
	"gui.mtr.next_station_announcement_cjk": "下一站：%s。",
	"gui.mtr.next_station_cjk": "下一站是%s",
	"gui.mtr.next_station_light_rail_announcement": "Seuraava asema: %s.",
	"gui.mtr.next_station_light_rail_announcement_cjk": "下一站：%s。",
	"gui.mtr.no_lift_tracks_floor_found": "No Lift / Elevator Floor Tracks Found",
	"gui.mtr.offset_x": "Offset X: %s",
	"gui.mtr.offset_y": "Offset Y: %s",
	"gui.mtr.offset_z": "Offset Z: %s",
	"gui.mtr.part_blacklisted_cars": "Mustalistatut Autot",
	"gui.mtr.part_display_cjk_size_ratio": "CJK Size: %s",
	"gui.mtr.part_display_force_single_line": "Force Single Line",
	"gui.mtr.part_display_force_upper_case": "Force Upper Case",
	"gui.mtr.part_display_should_scroll": "Scrolling Text",
	"gui.mtr.part_display_text_color": "Väri",
	"gui.mtr.part_display_text_color_cjk": "CJK/Non-CJK Colour",
	"gui.mtr.part_display_type_destination": "Type: Destination",
	"gui.mtr.part_display_type_next_station_kcr": "Tyyppi: Seuraava Asema (KCR)",
	"gui.mtr.part_display_type_next_station_mtr": "Tyyppi: Seuraava Asema (MTR)",
	"gui.mtr.part_display_type_next_station_plain": "Tyyppi: Seuraava Asema",
	"gui.mtr.part_display_type_next_station_uk": "Tyyppi: Seuraava Asema (UK)",
	"gui.mtr.part_display_type_route_number": "Tyyppi: Reittinumero",
	"gui.mtr.part_display_x_padding": "X Padding: %s",
	"gui.mtr.part_display_y_padding": "Y Padding: %s",
	"gui.mtr.part_door_offset_left_negative": "Oven Offset: -Vasen",
	"gui.mtr.part_door_offset_left_positive": "Oven Offset: +Vasen",
	"gui.mtr.part_door_offset_none": "Oven Offset: Ei Mitään",
	"gui.mtr.part_door_offset_right_negative": "Oven Offset: -Oikea",
	"gui.mtr.part_door_offset_right_positive": "Oven Offset: +Oikea",
	"gui.mtr.part_is_display": "Is Display",
	"gui.mtr.part_mirror": "Peilattu",
	"gui.mtr.part_positions": "Sijainnit",
	"gui.mtr.part_render_condition_all": "Renderi: Aina",
	"gui.mtr.part_render_condition_door_left_closed": "Render: Vasen Ovet Suljettu",
	"gui.mtr.part_render_condition_door_left_open": "Render: Vasen Ovet Avattu",
	"gui.mtr.part_render_condition_door_right_closed": "Render: Oikeat Ovet Suljettu",
	"gui.mtr.part_render_condition_door_right_open": "Render: Oikeat Ovet Avattu",
	"gui.mtr.part_render_condition_doors_closed": "Render: Ovet Suljettu",
	"gui.mtr.part_render_condition_doors_open": "Render: Ovet Auki",
	"gui.mtr.part_render_condition_moving_backwards": "Render: Likkuu Taaksepäin",
	"gui.mtr.part_render_condition_moving_forwards": "Render: Likkuu Eteenpäin",
	"gui.mtr.part_skip_rendering_if_too_far": "Piilota Jos On Kaukana",
	"gui.mtr.part_stage_always_on_lights": "Valot (Aina Päällä)",
	"gui.mtr.part_stage_exterior": "Ulkopuoli",
	"gui.mtr.part_stage_interior": "Sisätila",
	"gui.mtr.part_stage_interior_translucent": "Sisätila (läpinäkyvä)",
	"gui.mtr.part_stage_lights": "Valot",
	"gui.mtr.part_whitelisted_cars": "Sallitut Autot",
	"gui.mtr.path_found": "Polku luotu onnistuneesti",
	"gui.mtr.path_not_found_between": "Polkua ei löytynyt|> %s|välille|> %s|ja|> %s|",
	"gui.mtr.path_not_generated": "Polkua ei generoitu",
	"gui.mtr.percentage_complete_bridge": "Rakennesilta (%s%%)",
	"gui.mtr.percentage_complete_tunnel": "Rakennesilta (%s%%)",
	"gui.mtr.percentage_complete_tunnel_wall": "Rakennesilta (%s%%)",
	"gui.mtr.pids_message": "Mensaje al Cliente",
	"gui.mtr.platform": "Alusta %s",
	"gui.mtr.platform_number": "Alustan Numero",
	"gui.mtr.platform_or_siding_exists": "Kukin rautatiesolmuke voidaan liittää vain yhteen laituriin tai sivuraiteeseen",
	"gui.mtr.press_to_select_floor": "Paina %s valitaksesi kerroksen",
	"gui.mtr.psd_apg_door_locked": "Ovi Lukittu",
	"gui.mtr.psd_apg_door_unlocked": "Ovi Auki",
	"gui.mtr.radius_too_small": "Rautateitä ei voitu yhdistää; säteen on oltava vähintään 2",
	"gui.mtr.rail_action_bridge": "Sillan esittäjä %s (%s kuutiota pitkä, %s)",
	"gui.mtr.rail_action_tunnel": "Tunneli: %s (%s lohkoa pitkä)",
	"gui.mtr.rail_action_tunnel_wall": "Sillan esittäjä %s (%s kuutiota pitkä, %s)",
	"gui.mtr.rail_actions": "Nykyiset Rakennustoiminnot",
	"gui.mtr.rail_actions_button": "Toimet...",
	"gui.mtr.rail_not_found": "No se pudo crear la señal; no se encontró el riel",
	"gui.mtr.rail_not_found_action": "Toimintoa ei voitu suorittaa; kiskoa ei löydy",
	"gui.mtr.refresh_path": "Actualizar ruta",
	"gui.mtr.repeat_indefinitely": "Toista Ohjeet Ikuisesti",
	"gui.mtr.reset_sign": "Restablecer",
	"gui.mtr.right": "Oikea",
	"gui.mtr.rotate_anticlockwise": "Rotate Anticlockwise",
	"gui.mtr.rotate_clockwise": "Rotate Clockwise",
	"gui.mtr.route_color": "Reitin Väri",
	"gui.mtr.route_name": "Reitin Nimi",
	"gui.mtr.route_type_boat_high_speed": "Tyyppi: Nopea Lautta",
	"gui.mtr.route_type_boat_light_rail": "Tyyppi: Risteily",
	"gui.mtr.route_type_boat_normal": "Tyyppi: Lautta",
	"gui.mtr.route_type_train_high_speed": "Tyyppi: Suurnopeusjuna",
	"gui.mtr.route_type_train_light_rail": "Tyyppi: Pikaraitiotie",
	"gui.mtr.route_type_train_normal": "Tyyppi: Normaali",
	"gui.mtr.routes": "Reitit",
	"gui.mtr.s": "s",
	"gui.mtr.schedule_mode_real_time_off": "Aikataulu: Minecraftin Aika",
	"gui.mtr.schedule_mode_real_time_on": "Aikataulu: Reaaliaika",
	"gui.mtr.search": "Hae",
	"gui.mtr.select_all_platforms": "Näytä saapuvat kaikilta laitureilta",
	"gui.mtr.selected": "Valittu",
	"gui.mtr.selected_vehicle": "Valitse ajoneuvo",
	"gui.mtr.separator": "/",
	"gui.mtr.separator_cjk": "/",
	"gui.mtr.settings": "Asetukset",
	"gui.mtr.siding_number": "Número de revestimiento",
	"gui.mtr.sidings_in_depot": "Dibujos en este depósito: %s",
	"gui.mtr.sound_file": "Äänitiedosto",
	"gui.mtr.station": "%s Station",
	"gui.mtr.station_cjk": "%s站",
	"gui.mtr.station_color": "Aseman Väripala",
	"gui.mtr.station_name": "Aseman nimi",
	"gui.mtr.stations": "Asemat",
	"gui.mtr.stopped_only": "Vain Siirrettävät Ajoneuvot",
	"gui.mtr.support": "Kannatus",
	"gui.mtr.this_station": "Tämä asema on %s",
	"gui.mtr.this_station_cjk": "本站是%s",
	"gui.mtr.to": "hacia %s",
	"gui.mtr.to_cjk": "往%s",
	"gui.mtr.tph": "/hr",
	"gui.mtr.train_schedule_sensor": "Saapumisen Siirtymä (sekuntia)",
	"gui.mtr.transport_mode_airplane": "Tyyppi: Lentokone",
	"gui.mtr.transport_mode_boat": "Tyyppi: Vene",
	"gui.mtr.transport_mode_cable_car": "Tyyppi: Köysirata",
	"gui.mtr.transport_mode_train": "Tyyppi: Juna",
	"gui.mtr.unlimited": "Rajaton",
	"gui.mtr.unlimited_vehicles": "Rajattomat Ajoneuvot",
	"gui.mtr.untitled": "Nimetön",
	"gui.mtr.use_time_and_wind_sync": "Synkronoi aika automaattisesti käyttämällä Time & Wind modia",
	"gui.mtr.used_model_parts": "Used Model Parts",
	"gui.mtr.vehicle_brightness": "Kirkkaus: %s%%",
	"gui.mtr.vehicle_cars": "Cars: %s",
	"gui.mtr.vehicle_direction_backwards": "Suunta: Taaksepäin",
	"gui.mtr.vehicle_direction_forwards": "Suunta: Eteenpäin",
	"gui.mtr.vehicle_door_max": "Ovi: %s",
	"gui.mtr.vehicle_length": "Pituus: %s",
	"gui.mtr.vehicle_speed": "Nopeus: %s m/s (%s km/h)",
	"gui.mtr.vehicle_width": "Leveys: %s",
	"gui.mtr.vehicles_per_hour": "Ajoneuvoja per Tunti",
	"gui.mtr.welcome_station": "Welcome to %s Station.",
	"gui.mtr.welcome_station_cjk": "歡迎光臨%s站。",
	"gui.mtr.zone": "Harvinainen Alue",
	"gui.mtr.zone_number": ", Alue: %s",
	"item.mtr.apg_door": "Automaattiset Alustaportit",
	"item.mtr.apg_glass": "Automaattiset Alustaportit",
	"item.mtr.apg_glass_end": "Automaattiset Alustaportit",
	"item.mtr.bridge_creator_3": "Sillan Luoja",
	"item.mtr.bridge_creator_5": "Sillan Luoja",
	"item.mtr.bridge_creator_7": "Sillan Luoja",
	"item.mtr.bridge_creator_9": "Sillan Luoja",
	"item.mtr.brush": "Harja",
	"item.mtr.dashboard": "Rautateiden Ohjauspaneeli",
	"item.mtr.dashboard_2": "Veneen Ohjauspaneeli",
	"item.mtr.dashboard_3": "Köysiradan Kojelauta",
	"item.mtr.dashboard_4": "Flight Dashboard",
	"item.mtr.driver_key": "Kuljettajan Avain",
	"item.mtr.escalator": "Liukuportaat",
	"item.mtr.lift_buttons_link_connector": "Hissin Painikkeiden Liitin",
	"item.mtr.lift_buttons_link_remover": "Hissin Painikkeiden Liitoksen Poistaja",
	"item.mtr.lift_door_1": "Hissin Ovet",
	"item.mtr.lift_door_odd_1": "Hissin Ovet",
	"item.mtr.lift_refresher": "Lift / Elevator Refresher",
	"item.mtr.psd_door": "Laiturin Näytön Ovet",
	"item.mtr.psd_door_2": "Laiturin Näytön Ovet",
	"item.mtr.psd_glass": "Laiturin Näytön Ovet",
	"item.mtr.psd_glass_2": "Laiturin Näytön Ovet",
	"item.mtr.psd_glass_end": "Laiturin Näytön Ovet",
	"item.mtr.psd_glass_end_2": "Laiturin Näytön Ovet",
	"item.mtr.rail_connector_120": "Puinen Rail Liitin",
	"item.mtr.rail_connector_120_one_way": "Musta Rail Liitin (Yksi suuntanen)",
	"item.mtr.rail_connector_160": "Puinen Rail Liitin",
	"item.mtr.rail_connector_160_one_way": "Blaze Rail Liitin (Yksi suuntanen)",
	"item.mtr.rail_connector_20": "Puinen Rail Liitin",
	"item.mtr.rail_connector_200": "Kvartsi Rautatieyhteys",
	"item.mtr.rail_connector_200_one_way": "Kvartsi Rail Connector (Yksi suuntanen)",
	"item.mtr.rail_connector_20_one_way": "Puinen Rail Liitin (Yksi suuntanen)",
	"item.mtr.rail_connector_300": "Puinen Rail Liitin",
	"item.mtr.rail_connector_300_one_way": "Timantti Rail Liitin (Yksi suuntanen)",
	"item.mtr.rail_connector_40": "Puinen Rail Liitin",
	"item.mtr.rail_connector_40_one_way": "Kivi Rail Liitin (Yksi suuntanen)",
	"item.mtr.rail_connector_60": "Smarald Rail Liitin",
	"item.mtr.rail_connector_60_one_way": "Emerald Rail Liitin (Yksi suuntainen)",
	"item.mtr.rail_connector_80": "Rautateiden Liitin",
	"item.mtr.rail_connector_80_one_way": "Rauta Rail Liitin (Yksi suuntainen)",
	"item.mtr.rail_connector_cable_car": "Kaapeli Auto Liitin",
	"item.mtr.rail_connector_platform": "Puinen Rail Liitin",
	"item.mtr.rail_connector_runway": "Runway Rail Connector",
	"item.mtr.rail_connector_siding": "Puinen Rail Liitin",
	"item.mtr.rail_connector_turn_back": "Käännä Takaisin Rail Connector",
	"item.mtr.rail_remover": "Rautateiden Muisku",
	"item.mtr.resource_pack_creator": "Resurssipakettien Luoja",
	"item.mtr.signal_connector_black": "Musta Signaaliliitin",
	"item.mtr.signal_connector_blue": "Sininen Signaaliliitin",
	"item.mtr.signal_connector_brown": "Musta Signaaliliitin",
	"item.mtr.signal_connector_cyan": "Musta Signaaliliitin",
	"item.mtr.signal_connector_gray": "Musta Signaaliliitin",
	"item.mtr.signal_connector_green": "Musta Signaaliliitin",
	"item.mtr.signal_connector_light_blue": "Sininen Signaaliliitin",
	"item.mtr.signal_connector_light_gray": "Vaaleanharmaa Signaaliliitin",
	"item.mtr.signal_connector_lime": "Sininen Signaaliliitin",
	"item.mtr.signal_connector_magenta": "Musta Signaaliliitin",
	"item.mtr.signal_connector_orange": "Musta Signaaliliitin",
	"item.mtr.signal_connector_pink": "Sininen Signaaliliitin",
	"item.mtr.signal_connector_purple": "Musta Signaaliliitin",
	"item.mtr.signal_connector_red": "Musta Signaaliliitin",
	"item.mtr.signal_connector_white": "Sininen Signaaliliitin",
	"item.mtr.signal_connector_yellow": "Musta Signaaliliitin",
	"item.mtr.signal_remover_black": "Musta Signaalin Muisti",
	"item.mtr.signal_remover_blue": "Musta Signaalin Muisti",
	"item.mtr.signal_remover_brown": "Musta Signaalin Muisti",
	"item.mtr.signal_remover_cyan": "Musta Signaalin Muisti",
	"item.mtr.signal_remover_gray": "Harmaa Signaalin Poistaja",
	"item.mtr.signal_remover_green": "Musta Signaalin Muisti",
	"item.mtr.signal_remover_light_blue": "Musta Signaalin Muisti",
	"item.mtr.signal_remover_light_gray": "Musta Signaalin Muisti",
	"item.mtr.signal_remover_lime": "Musta Signaalin Muisti",
	"item.mtr.signal_remover_magenta": "Musta Signaalin Muisti",
	"item.mtr.signal_remover_orange": "Musta Signaalin Muisti",
	"item.mtr.signal_remover_pink": "Musta Signaalin Muisti",
	"item.mtr.signal_remover_purple": "Musta Signaalin Muisti",
	"item.mtr.signal_remover_red": "Musta Signaalin Muisti",
	"item.mtr.signal_remover_white": "Musta Signaalin Muisti",
	"item.mtr.signal_remover_yellow": "Musta Signaalin Muisti",
	"item.mtr.tunnel_creator_4_3": "Tunnelin Luoja",
	"item.mtr.tunnel_creator_4_5": "Tunnelin Luoja",
	"item.mtr.tunnel_creator_4_7": "Tunnelin Luoja",
	"item.mtr.tunnel_creator_4_9": "Tunnelin Luoja",
	"item.mtr.tunnel_creator_5_3": "Tunnelin Luoja",
	"item.mtr.tunnel_creator_5_5": "Tunnelin Luoja",
	"item.mtr.tunnel_creator_5_7": "Tunnelin Luoja",
	"item.mtr.tunnel_creator_5_9": "Tunnelin Luoja",
	"item.mtr.tunnel_creator_6_3": "Tunnelin Luoja",
	"item.mtr.tunnel_creator_6_5": "Tunnelin Luoja",
	"item.mtr.tunnel_creator_6_7": "Tunnelin Luoja",
	"item.mtr.tunnel_creator_6_9": "Tunnelin Luoja",
	"item.mtr.tunnel_wall_creator_4_3": "Tunnelin Seinän Luoja",
	"item.mtr.tunnel_wall_creator_4_5": "Tunnelin Seinän Luoja",
	"item.mtr.tunnel_wall_creator_4_7": "Tunnelin Seinän Luoja",
	"item.mtr.tunnel_wall_creator_4_9": "Tunnelin Seinän Luoja",
	"item.mtr.tunnel_wall_creator_5_3": "Tunnelin Seinän Luoja",
	"item.mtr.tunnel_wall_creator_5_5": "Tunnelin Seinän Luoja",
	"item.mtr.tunnel_wall_creator_5_7": "Tunnelin Seinän Luoja",
	"item.mtr.tunnel_wall_creator_5_9": "Tunnelin Seinän Luoja",
	"item.mtr.tunnel_wall_creator_6_3": "Tunnelin Seinän Luoja",
	"item.mtr.tunnel_wall_creator_6_5": "Tunnelin Seinän Luoja",
	"item.mtr.tunnel_wall_creator_6_7": "Tunnelin Seinän Luoja",
	"item.mtr.tunnel_wall_creator_6_9": "Tunnelin Seinän Luoja",
	"itemGroup.mtr.core": "Núcleo del Tránsito de Minecraft",
	"itemGroup.mtr.escalators_lifts": "Liukuportaat ja hissit",
	"itemGroup.mtr.railway_facilities": "Instalaciones de Railway",
	"itemGroup.mtr.station_building_blocks": "Bloques de construcción de estaciones",
	"key.mtr.debug_1_negative": "Debug Field 1 (Subtract)",
	"key.mtr.debug_1_positive": "Debug Field 1 (Add)",
	"key.mtr.debug_2_negative": "Debug Field 2 (Subtract)",
	"key.mtr.debug_2_positive": "Debug Field 2 (Add)",
	"key.mtr.debug_3_negative": "Debug Field 3 (Subtract)",
	"key.mtr.debug_3_positive": "Debug Field 3 (Add)",
	"key.mtr.debug_cycle_negative": "Cycle Debug Category (Backwards)",
	"key.mtr.debug_cycle_positive": "Cycle Debug Category (Forwards)",
	"key.mtr.lift_menu": "Avaa Hissi Kerros Valinta Näyttö",
	"key.mtr.train_accelerate": "Kiihdytä Ajoneuvoa",
	"key.mtr.train_brake": "Jarruata Ajoneuvoa",
	"key.mtr.train_toggle_doors": "Avaa/Sulje Ovet",
	"options.mtr.anonymous": "Anonyymi",
	"options.mtr.dynamic_texture_resolution": "Dynaaminen tekstuurin resoluutio (korkeammat arvot saattavat kaatua!)",
	"options.mtr.hide_special_rail_colors": "Piilota kiskon erityiset värit",
	"options.mtr.hide_translucent_parts": "Piilota läpikuultavat osat junissa",
	"options.mtr.language_options": "Language display on signs",
	"options.mtr.language_options_0": "Default",
	"options.mtr.language_options_1": "CJK Only",
	"options.mtr.language_options_2": "Non-CJK",
	"options.mtr.off": "false",
	"options.mtr.on": "true",
	"options.mtr.shift_to_toggle_sitting": "Käytä %s vaihtaaksesi istumista ajoneuvojen sisällä",
	"options.mtr.show_announcement_messages": "Näytä \"seuraava asema\" viestit chatissa",
	"options.mtr.support_patreon": "Tue modia Patreonissa!",
	"options.mtr.track_texture_offset": "Kappaleen Tekstuurin Siirtymä",
	"options.mtr.use_dynamic_fps": "Dynaamisesti tehostettu FPS",
	"options.mtr.use_mtr_font": "Käytä mukautettuja MTR-kirjasimia (ei välttämättä toimi joillakin tietokoneilla)",
	"options.mtr.use_tts_announcements": "Ota käyttöön \"seuraava asema\" tekstistä puheeksi -ilmoitukset",
	"options.mtr.vehicle_render_distance_ratio": "Ajoneuvon renderöinti Minecraft renderöintimatkan suhteeseen",
	"sign.mtr.airport": "Airport",
	"sign.mtr.airport_arrivals": "Arrivals",
	"sign.mtr.airport_arrivals_cjk": "抵港",
	"sign.mtr.airport_cjk": "機場",
	"sign.mtr.airport_departures": "Departures",
	"sign.mtr.airport_departures_cjk": "離港",
	"sign.mtr.airport_express": "Junat lentokentälle",
	"sign.mtr.airport_express_city": "Junat kaupunkiin",
	"sign.mtr.airport_express_city_cjk": "往市區列車",
	"sign.mtr.airport_express_cjk": "往機場列車",
	"sign.mtr.airport_transfer": "Transfer",
	"sign.mtr.airport_transfer_cjk": "轉機",
	"sign.mtr.baggage_claim": "Baggage Claim",
	"sign.mtr.baggage_claim_cjk": "提取行李",
	"sign.mtr.boat": "Ferries",
	"sign.mtr.boat_cjk": "渡輪",
	"sign.mtr.cable_car": "Kaapeli Autot",
	"sign.mtr.cable_car_cjk": "纜車",
	"sign.mtr.check_in_passengers": "Lähtöselvitys Matkustajat",
	"sign.mtr.check_in_passengers_cjk": "登機乘客",
	"sign.mtr.cross": "Ei syötettä",
	"sign.mtr.cross_cjk": "不准進入",
	"sign.mtr.customer_service_centre": "Asiakaspalvelukeskus (Customer Service)",
	"sign.mtr.customer_service_centre_cjk": "客務中心",
	"sign.mtr.emergency_exit": "Emergency Exit",
	"sign.mtr.emergency_exit_cjk": "紧急出口",
	"sign.mtr.escalator_to_concourse_down": "To Concourse Only",
	"sign.mtr.escalator_to_concourse_down_cjk": "直落大堂",
	"sign.mtr.escalator_to_concourse_up": "To Concourse Only",
	"sign.mtr.escalator_to_concourse_up_cjk": "直落大堂",
	"sign.mtr.female": "Female Toilet",
	"sign.mtr.female_cjk": "女洗手間",
	"sign.mtr.in_town_check_in": "Sisäänkirjautuminen Kaupunkiin",
	"sign.mtr.in_town_check_in_cjk": "市區預辦登機",
	"sign.mtr.lift_1": "Hissi",
	"sign.mtr.lift_1_cjk": "升降機",
	"sign.mtr.lift_2": "Hissi",
	"sign.mtr.lift_2_cjk": "升降機",
	"sign.mtr.light_rail_1": "Light Rail",
	"sign.mtr.light_rail_1_cjk": "輕鐵",
	"sign.mtr.light_rail_2": "Light Rail",
	"sign.mtr.light_rail_2_cjk": "輕鐵",
	"sign.mtr.light_rail_3": "Light Rail",
	"sign.mtr.light_rail_3_cjk": "輕鐵",
	"sign.mtr.light_rail_4": "Light Rail",
	"sign.mtr.light_rail_4_cjk": "輕鐵",
	"sign.mtr.logo": "Minecraft Transit Railway",
	"sign.mtr.logo_cjk": "我的世界鐵路",
	"sign.mtr.male": "Male Toilet",
	"sign.mtr.male_cjk": "男洗手間",
	"sign.mtr.platform": "Alusta",
	"sign.mtr.platform_cjk": "月台",
	"sign.mtr.sp1900": "Trains",
	"sign.mtr.sp1900_cjk": "列車",
	"sign.mtr.station": "Station",
	"sign.mtr.station_cjk": "車站",
	"sign.mtr.tickets": "Tickets",
	"sign.mtr.tickets_cjk": "車票",
	"sign.mtr.toilets": "Toilets",
	"sign.mtr.toilets_cjk": "男洗手間",
	"sign.mtr.train": "Trains",
	"sign.mtr.train_cjk": "列車",
	"sign.mtr.train_old": "Trains",
	"sign.mtr.train_old_cjk": "列車",
	"sign.mtr.wheelchair": "Toilets",
	"sign.mtr.wheelchair_cjk": "洗手間",
	"sign.mtr.wifi": "Free Wi-Fi Hotspot",
	"sign.mtr.wifi_cjk": "免費Wi-Fi熱點",
	"sign.mtr.xrl_1": "Nopeakulkuinen alus",
	"sign.mtr.xrl_1_cjk": "高速鐵路",
	"sign.mtr.xrl_2": "High Speed Rail",
	"sign.mtr.xrl_2_cjk": "高速鐵路",
	"sign.mtr.yellow_head_1": "Trains",
	"sign.mtr.yellow_head_1_cjk": "火車",
	"sign.mtr.yellow_head_2": "Trains",
	"sign.mtr.yellow_head_2_cjk": "火車",
	"tooltip.block.mtr.glass_fence_cio": "Kaupunki Yksi",
	"tooltip.block.mtr.glass_fence_ckt": "Che Kung Temple",
	"tooltip.block.mtr.glass_fence_heo": "Heng Päällä",
	"tooltip.block.mtr.glass_fence_mos": "Ma On Shan",
	"tooltip.block.mtr.glass_fence_plain": "Lasipaneeli",
	"tooltip.block.mtr.glass_fence_shm": "Shek Mun",
	"tooltip.block.mtr.glass_fence_stained": "Värjätty lasipaneeli",
	"tooltip.block.mtr.glass_fence_stw": "Sha Tin Wai",
	"tooltip.block.mtr.glass_fence_tsh": "Tai Shui Hang",
	"tooltip.block.mtr.glass_fence_wks": "Wu Kai Sha",
	"tooltip.mtr.cable_car_node": "Ei laituria ja sivuraiteita\nVain suorat yhteydet",
	"tooltip.mtr.cable_car_node_station": "Laituria ja sivuraiteita voidaan luoda\nKaareja voidaan luoda",
	"tooltip.mtr.pole_placement": "On sijoitettava olemassa olevan\n%s päälle",
	"tooltip.mtr.psd_apg_door": "Oven Osa",
	"tooltip.mtr.psd_apg_door_2": "Oven Osa",
	"tooltip.mtr.psd_apg_glass": "Sección de vidrio",
	"tooltip.mtr.psd_apg_glass_2": "Sección de vidrio",
	"tooltip.mtr.psd_apg_glass_end": "Sección final de vidrio",
	"tooltip.mtr.rail_action_depth": "Syvyys %s",
	"tooltip.mtr.rail_action_height": "Korkeus: %s",
	"tooltip.mtr.rail_action_width": "Leveys - %s",
	"tooltip.mtr.rail_speed_limit": "Límite de Velocidad: %s",
	"tooltip.mtr.railway_sign_even": "Suunta: Jopa",
	"tooltip.mtr.railway_sign_length": "Pituus: %s",
	"tooltip.mtr.railway_sign_odd": "Suunta: Pariton",
	"tooltip.mtr.selected_block": "Valittu kuutio: %s",
	"tooltip.mtr.selected_material": "Valittu materiaali: %s",
	"tooltip.mtr.shift_right_click_to_clear": "Pidä %s pohjassa ja käytä %s nollataksesi",
	"tooltip.mtr.shift_right_click_to_select_material": "Pidä %s pohjassa ja käytä kuutiota valitaksesi materiaalia",
	"tooltip.mtr.station_color": "El color depende de la estación",
	"tooltip.mtr.station_color_name": "Color y texto dependen de la estación",
	"train.mtr.a320": "Airbus A320",
	"train.mtr.a_train_ael": "Aeropuerto CAF Express",
	"train.mtr.a_train_ael_mini": "Aeropuerto CAF Express (Mini)",
	"train.mtr.a_train_tcl": "CAF Tung Chung Line",
	"train.mtr.a_train_tcl_mini": "CAF Tung Chung Line (Mini)",
	"train.mtr.a_train_tcl_small": "CAF Tung Chung Line (Mini)",
	"train.mtr.acacia_boat": "Akasiavene",
	"train.mtr.birch_boat": "Koivuvene",
	"train.mtr.br_423": "DB BR 423",
	"train.mtr.c1141a": "C1141A / TML C-juna",
	"train.mtr.c1141a_mini": "C1141A / TML C-juna (Mini)",
	"train.mtr.c1141a_small": "C1141A / TML C-juna (pieni)",
	"train.mtr.c_train": "C-juna",
	"train.mtr.c_train_mini": "C-juna (mini)",
	"train.mtr.c_train_small": "C-Juna (pieni)",
	"train.mtr.class_377_southern": "British Rail Class 377 (Southern)",
	"train.mtr.class_802_gwr": "Brittiläiset Rautatiet 802 (GWR)",
	"train.mtr.class_802_gwr_mini": "Brittiläiset Rautatiet 802 (GWR, Mini)",
	"train.mtr.class_802_tpe": "British Rail Class 802 (TPE)",
	"train.mtr.class_802_tpe_mini": "Brittiläiset Rautatiet 802 (Tpe, Mini)",
	"train.mtr.cm_stock": "Metro-kampelaji (kunnostamaton M-juna)",
	"train.mtr.cm_stock_mini": "Metro-kampelaji (kunnostamaton M-juna, Mini)",
	"train.mtr.cm_stock_small": "Metro-kampelaji (kunnostamaton M-juna, Pieni)",
	"train.mtr.dark_oak_boat": "Dark Oak Bench",
	"train.mtr.drl": "Disneyland Resort Line Juna",
	"train.mtr.e44": "KCR E44 (keltainen Pää)",
	"train.mtr.e44_mini": "KCR E44 (keltainen Pää)",
	"train.mtr.flying_minecart": "Flying Minecart",
	"train.mtr.jungle_boat": "Viidakkovene",
	"train.mtr.k_train": "K-Juna",
	"train.mtr.k_train_ael": "K-Tren Aeropuerto Express",
	"train.mtr.k_train_ael_mini": "K-Train Aeropuerto Express (Mini)",
	"train.mtr.k_train_ael_small": "K-Train Airport Express (Pieni)",
	"train.mtr.k_train_mini": "K-juna (mini)",
	"train.mtr.k_train_small": "K-juna (pieni)",
	"train.mtr.k_train_tcl": "K-Train Tung Chung Line",
	"train.mtr.k_train_tcl_mini": "K-junan Tung Chung Line (Mini)",
	"train.mtr.k_train_tcl_small": "K-junan Tung Chung Line (Mini)",
	"train.mtr.light_rail_1": "Kevyt Raide (Vaihe 1, LHT)",
	"train.mtr.light_rail_1_orange": "Kevyt Raide (Vaihe 1, Oranssi Livery, LHT)",
	"train.mtr.light_rail_1_orange_rht": "Kevyt Raide (Vaihe 1, Oranssi Livery, RHT)",
	"train.mtr.light_rail_1_rht": "Kevyt Rautatie (Vaihe 1, RHT)",
	"train.mtr.light_rail_1r": "Kevyt Rautatie (Vaihe 1 Kunnostettu, LHT)",
	"train.mtr.light_rail_1r_old": "Kevyt Rautatie (Vaihe 1 Kunnostettu, Sininen Liveri, LHT)",
	"train.mtr.light_rail_1r_old_rht": "Kevyt Rautatie (Vaihe 1 Kunnostettu, Sininen Ulkoasu, RHT)",
	"train.mtr.light_rail_1r_orange": "Kevyt Rautatie (Vaihe 1 Kunnostettu, Oranssi Ulkoasu, LHT)",
	"train.mtr.light_rail_1r_orange_rht": "Light Rail (Phase 1 Refurbished, Orange Livery, RHT)",
	"train.mtr.light_rail_1r_rht": "Light Rail (Phase 1 Refurbished, RHT)",
	"train.mtr.light_rail_2": "Light Rail (Phase 2, LHT)",
	"train.mtr.light_rail_2r": "Light Rail (Phase 2 Refurbished, LHT)",
	"train.mtr.light_rail_2r_rht": "Light Rail (Phase 2 Refurbished, RHT)",
	"train.mtr.light_rail_2_orange": "Light Rail (Phase 2, Orange Livery, LHT)",
	"train.mtr.light_rail_2_orange_rht": "Light Rail (Phase 2, Orange Livery, RHT)",
	"train.mtr.light_rail_2_rht": "Light Rail (Phase 2, RHT)",
	"train.mtr.light_rail_3": "Light Rail (Phase 3, LHT)",
	"train.mtr.light_rail_3r": "Light Rail (Phase 3 Refurbished, LHT)",
	"train.mtr.light_rail_3r_rht": "Light Rail (Phase 3 Refurbished, RHT)",
	"train.mtr.light_rail_3_orange": "Light Rail (Phase 3, Orange Livery, LHT)",
	"train.mtr.light_rail_3_orange_rht": "Light Rail (Phase 3, Orange Livery, RHT)",
	"train.mtr.light_rail_3_rht": "Light Rail (Phase 3, RHT)",
	"train.mtr.light_rail_4": "Light Rail (Phase 4, LHT)",
	"train.mtr.light_rail_4_old": "Light Rail (Phase 4, Blue Livery, LHT)",
	"train.mtr.light_rail_4_old_rht": "Light Rail (Phase 4, Blue Livery, RHT)",
	"train.mtr.light_rail_4_orange": "Light Rail (Phase 4, Orange Livery, LHT)",
	"train.mtr.light_rail_4_orange_rht": "Light Rail (Phase 4, Orange Livery, RHT)",
	"train.mtr.light_rail_4_rht": "Light Rail (Phase 4, RHT)",
	"train.mtr.light_rail_5": "Light Rail (Phase 5, LHT)",
	"train.mtr.light_rail_5_old": "Light Rail (Phase 5, Blue Livery, LHT)",
	"train.mtr.light_rail_5_old_rht": "Light Rail (Phase 5, Blue Livery, RHT)",
	"train.mtr.light_rail_5_orange": "Light Rail (Phase 5, Orange Livery, LHT)",
	"train.mtr.light_rail_5_orange_rht": "Light Rail (Phase 5, Orange Livery, RHT)",
	"train.mtr.light_rail_5_rht": "Kevyt Rautatie (Vaihe 5, RHT)",
	"train.mtr.london_underground_1995": "Stock subsuelo de Londres 1995",
	"train.mtr.london_underground_1996": "London Underground 1996 Stock",
	"train.mtr.london_underground_d78": "London Underground D78 Stock",
	"train.mtr.london_underground_d78_mini": "London Underground D78 Stock (Mini)",
	"train.mtr.m_train": "M-Tren",
	"train.mtr.m_train_mini": "M-Tren (Mini)",
	"train.mtr.m_train_small": "M-juna (pieni)",
	"train.mtr.minecart": "Kaivosvaunu",
	"train.mtr.mlr": "MLR Juna",
	"train.mtr.mlr_christmas": "MLR Train Christmas Edition",
	"train.mtr.mlr_christmas_mini": "MLR Train Christmas Edition (Mini)",
	"train.mtr.mlr_christmas_small": "MLR Train Christmas Edition (Small)",
	"train.mtr.mlr_mini": "MLR Juna (mini)",
	"train.mtr.mlr_small": "M-juna (pieni)",
	"train.mtr.mpl_85": "MPL 85",
	"train.mtr.ngong_ping_360_crystal": "Ngong Ping 360 Crystal Cabin (LHT)",
	"train.mtr.ngong_ping_360_crystal_rht": "Ngong Ping 360 Crystal Cabin (RHT)",
	"train.mtr.ngong_ping_360_crystal_plus": "Ngong Ping 360 Crystal+ Cabin (LHT)",
	"train.mtr.ngong_ping_360_crystal_plus_rht": "Ngong Ping 360 Crystal+ Cabin (RHT)",
	"train.mtr.ngong_ping_360_normal_light_blue": "Ngong Ping 360 (Vaaleansininen, LHT)",
	"train.mtr.ngong_ping_360_normal_light_blue_rht": "Ngong Ping 360 (Vaaleansininen, RHT)",
	"train.mtr.ngong_ping_360_normal_orange": "Ngong Ping 360 (Oranssi, LHT)",
	"train.mtr.ngong_ping_360_normal_orange_rht": "Ngong Ping 360 (Oranssi, RHT)",
	"train.mtr.ngong_ping_360_normal_red": "Ngong Ping 360 (Punainen, LHT)",
	"train.mtr.ngong_ping_360_normal_red_rht": "Ngong Ping 360 (Punainen, RHT)",
	"train.mtr.oak_boat": "Tammivene",
	"train.mtr.r179": "R179 (New York City Subway)",
	"train.mtr.r179_mini": "R179 (New York City Subway, Mini)",
	"train.mtr.r211": "R211 (New York City Subway)",
	"train.mtr.r211_mini": "R211 (New York City Subway, Mini)",
	"train.mtr.r211t": "R211T (New York City Subway)",
	"train.mtr.r211t_mini": "R211T (New York City Subway, Mini)",
	"train.mtr.r_train": "R-Juna",
	"train.mtr.r_train_mini": "R-Juna (Mini)",
	"train.mtr.r_train_small": "R-Juna (Pieni)",
	"train.mtr.s_train": "S-juna / SIL",
	"train.mtr.s_train_mini": "S-juna / SIL (mini)",
	"train.mtr.s_train_small": "S-juna / SIL (pieni)",
	"train.mtr.sp1900": "SP1900",
	"train.mtr.sp1900_mini": "SP1900 (mini)",
	"train.mtr.sp1900_small": "SP1900 (pieni)",
	"train.mtr.spruce_boat": "Kuusiovi"
}
