{
	"block.minecraft.bedrock_slab": "Dalle en bedrock",
	"block.minecraft.birch_wood_slab": "Dalle en bois de bouleau",
	"block.minecraft.bone_block_slab": "Dalle en os",
	"block.minecraft.chiseled_quartz_block_slab": "Blocs de Quartz Sculpté",
	"block.minecraft.chiseled_stone_bricks_slab": "Dalles de pierre sculptées",
	"block.minecraft.clay_slab": "Dalle en argile",
	"block.minecraft.coal_ore_slab": "Dalle de minerai de charbon",
	"block.minecraft.concrete": "Béton",
	"block.minecraft.concrete_powder": "Poudre de béton",
	"block.minecraft.concrete_powder_slab": "Poudre de béton",
	"block.minecraft.concrete_slab": "Dalle en béton",
	"block.minecraft.cracked_stone_bricks_slab": "Dalle de Pierre Craquelée",
	"block.minecraft.gravel_slab": "Dalle en Gravier",
	"block.minecraft.iron_block_slab": "Dalle de Bloc de Fer",
	"block.minecraft.metal": "Bloc de métal",
	"block.minecraft.metal_slab": "Dalle en métal",
	"block.minecraft.planks": "Planches en bois",
	"block.minecraft.planks_slab": "Dalle en Planches de Bois",
	"block.minecraft.purpur_block_slab": "Dalle de bloc de purpur",
	"block.minecraft.purpur_pillar_slab": "Dalle en Pilier de Purpur",
	"block.minecraft.quartz_block_slab": "Dalle de Bloc de Quartz",
	"block.minecraft.quartz_bricks_slab": "Dalle de briques de Quartz",
	"block.minecraft.quartz_pillar_slab": "Dalle de Pilier en Quartz",
	"block.minecraft.snow_block_slab": "Dalle de blocs de neige",
	"block.minecraft.stained_glass": "Vitre teintée",
	"block.minecraft.stained_glass_slab": "Dalle en verre",
	"block.minecraft.stone_bricks_slab": "Dalle en briques de pierre",
	"block.minecraft.wool": "Laine",
	"block.minecraft.wool_slab": "Dalle en laine",
	"block.mtr.airplane_node": "Noeud d'avion",
	"block.mtr.apg_door": "Porte palière (basse)",
	"block.mtr.apg_glass": "Vitre de porte palière (basse)",
	"block.mtr.apg_glass_end": "Porte palière (bord du quai, basse)",
	"block.mtr.arrival_projector_1_large": "Projecteur d'arrivée (3x3)",
	"block.mtr.arrival_projector_1_medium": "Projecteur d'arrivée (3x2)",
	"block.mtr.arrival_projector_1_small": "Projecteur d'arrivée (1x1)",
	"block.mtr.boat_node": "Nœud de bateau",
	"block.mtr.cable_car_node_lower": "Nœud de téléphérique",
	"block.mtr.cable_car_node_station": "Nœud de gare de téléphérique",
	"block.mtr.cable_car_node_upper": "Nœud de téléphérique",
	"block.mtr.ceiling": "Éclairage de plafond",
	"block.mtr.ceiling_light": "Éclairage (allumé)",
	"block.mtr.ceiling_no_light": "Éclairage (éteint)",
	"block.mtr.clock": "Horloge",
	"block.mtr.clock_pole": "Mât d'horloge",
	"block.mtr.escalator_side": "Escalator",
	"block.mtr.escalator_step": "Escalator",
	"block.mtr.glass_fence_cio": "Barrière en verre",
	"block.mtr.glass_fence_ckt": "Barrière en verre",
	"block.mtr.glass_fence_heo": "Barrière en verre",
	"block.mtr.glass_fence_mos": "Barrière en verre",
	"block.mtr.glass_fence_plain": "Barrière en verre",
	"block.mtr.glass_fence_shm": "Barrière en verre",
	"block.mtr.glass_fence_stained": "Barrière en verre",
	"block.mtr.glass_fence_stw": "Barrière en verre",
	"block.mtr.glass_fence_tsh": "Barrière en verre",
	"block.mtr.glass_fence_wks": "Barrière en verre",
	"block.mtr.lift_buttons_1": "Boutons d'ascenseur",
	"block.mtr.lift_door_1": "Portes d'ascenseur",
	"block.mtr.lift_door_odd_1": "Portes d'ascenseur",
	"block.mtr.lift_panel_even_1": "Panneau d'affichage pour ascenseur",
	"block.mtr.lift_panel_even_2": "Panneau d'affichage pour ascenseur",
	"block.mtr.lift_panel_odd_1": "Panneau d'affichage pour ascenseur",
	"block.mtr.lift_panel_odd_2": "Panneau d'affichage pour ascenseur",
	"block.mtr.lift_track_1": "Piste d'ascenseur",
	"block.mtr.lift_track_floor_1": "Piste d'étage d'ascenseur",
	"block.mtr.logo": "Logo MTR",
	"block.mtr.marble_blue": "Marbre bleu",
	"block.mtr.marble_blue_slab": "Dalle de marbre bleu",
	"block.mtr.marble_sandy": "Marbre sableux",
	"block.mtr.marble_sandy_slab": "Dalle en marbre sablonneux",
	"block.mtr.metal": "Métal",
	"block.mtr.metal_slab": "Dalle en métal",
	"block.mtr.pids_1": "Système d'affichage des informations voyageur (PIDS)",
	"block.mtr.pids_2": "Système d'affichage des informations voyageur (PIDS)",
	"block.mtr.pids_3": "Système d'affichage des informations voyageur (PIDS)",
	"block.mtr.pids_pole": "Mât pour PIDS",
	"block.mtr.platform": "Quai (Hong Kong)",
	"block.mtr.platform_indented": "Quai (Hong Kong)",
	"block.mtr.platform_na_1": "Quai (Amérique du Nord)",
	"block.mtr.platform_na_1_indented": "Quai (Amérique du Nord)",
	"block.mtr.platform_na_2": "Quai (Amérique du Nord)",
	"block.mtr.platform_na_2_indented": "Quai (Amérique du Nord)",
	"block.mtr.platform_uk_1": "Quai (Royaume-Uni)",
	"block.mtr.platform_uk_1_indented": "Quai (Royaume-Uni)",
	"block.mtr.psd_door": "Porte automatique (haute)",
	"block.mtr.psd_door_2": "Porte automatique (haute)",
	"block.mtr.psd_glass": "Vitre de porte automatique (haute)",
	"block.mtr.psd_glass_2": "Vitre de porte automatique (haute)",
	"block.mtr.psd_glass_end": "Vitre de fin de porte automatique (haute)",
	"block.mtr.psd_glass_end_2": "Vitre de fin de porte automatique (haute)",
	"block.mtr.psd_top": "Vitre de porte automatique (haute)",
	"block.mtr.rail": "Nœud de rail",
	"block.mtr.railway_sign": "Panneau de signalisation",
	"block.mtr.railway_sign_pole": "Mât pour panneau de signalisation",
	"block.mtr.route_sign_standing_light": "Panneau de ligne (fixé au sol/lumineux)",
	"block.mtr.route_sign_standing_metal": "Panneau de ligne (fixé au sol/non-lumineux)",
	"block.mtr.route_sign_wall_light": "Panneau de ligne (fixé au mur/lumineux)",
	"block.mtr.route_sign_wall_metal": "Panneau de ligne (fixé au mur/non-lumineux)",
	"block.mtr.rubbish_bin_1": "Poubelle",
	"block.mtr.signal_light_1": "Signal Lumineux (2 aspects)",
	"block.mtr.signal_light_2": "Signal lumineux (2 aspects, Double-Face)",
	"block.mtr.signal_light_3": "Signal lumineux (2 aspects)",
	"block.mtr.signal_light_3_aspect_1": "Signal lumineux (3 aspects)",
	"block.mtr.signal_light_3_aspect_2": "Feu de signalisation (3 aspects, double-face)",
	"block.mtr.signal_light_4": "Feu de signalisation (2 aspects, double-face)",
	"block.mtr.signal_light_4_aspect_1": "Feu de signalisation (4 aspects)",
	"block.mtr.signal_light_4_aspect_2": "Feu de signalisation (4 aspects, double-face)",
	"block.mtr.signal_pole": "Mât pour feu de signalisation",
	"block.mtr.signal_semaphore_1": "Signalisation mécanique",
	"block.mtr.signal_semaphore_2": "Signal sémaphore (double-face)",
	"block.mtr.station_name_entrance": "Nom de la station (entrée)",
	"block.mtr.station_name_tall_block": "Nom de la station (grand bloc)",
	"block.mtr.station_name_tall_block_double_sided": "Nom de station (Grand bloc, deux faces)",
	"block.mtr.station_name_tall_wall": "Nom de la station (grand texte mural)",
	"block.mtr.station_name_wall": "Nom de la station (texte mural, blanc)",
	"block.mtr.station_name_wall_black": "Nom de la station (texte mural, noir)",
	"block.mtr.station_name_wall_gray": "Nom de la station (texte mural, gris)",
	"block.mtr.station_pole": "Mât de la couleur de la station",
	"block.mtr.tactile_map": "Carte tactile",
	"block.mtr.ticket_barrier_entrance_1": "Portique (entrée)",
	"block.mtr.ticket_barrier_exit_1": "Portique (sortie)",
	"block.mtr.ticket_machine": "Machine à tickets",
	"block.mtr.ticket_processor": "Composteur de tickets",
	"block.mtr.ticket_processor_enquiry": "Afficheur de solde",
	"block.mtr.ticket_processor_entrance": "Composteur de tickets (entrée)",
	"block.mtr.ticket_processor_exit": "Composteur de tickets (sortie)",
	"block.mtr.train_announcer": "Annonceur",
	"block.mtr.train_cargo_loader": "Chargeur de marchandise",
	"block.mtr.train_cargo_unloader": "Déchargeur de marchandise",
	"block.mtr.train_schedule_sensor": "Capteur d'horaires",
	"block.mtr.train_sensor": "Capteur de Train",
	"category.mtr.keybinding": "Affectation des touches Minecraft-Transit-Railway",
	"entity.mtr.seat": "",
	"gui.mtr.acceleration": "Accélération des Véhicules",
	"gui.mtr.add_balance_for_emeralds": "Ajouter %s $ pour %s émeraude(s)",
	"gui.mtr.add_depot": "Ajouter un dépôt",
	"gui.mtr.add_exit": "Ajouter une sortie de station",
	"gui.mtr.add_exit_destination": "Ajouter une destination à la sortie",
	"gui.mtr.add_route": "Ajouter un itinéraire",
	"gui.mtr.add_station": "Ajouter une station",
	"gui.mtr.add_value": "Ajouter une valeur",
	"gui.mtr.already_entered": "Station déjà entrée",
	"gui.mtr.already_exited": "Aucune trace d'entrée trouvée",
	"gui.mtr.announcement_message": "Message d'annonce",
	"gui.mtr.anticlockwise_to": "Sens antihoraire vers %s",
	"gui.mtr.anticlockwise_to_cjk": "逆時針往%s",
	"gui.mtr.anticlockwise_via": "Sens antihoraire via %s",
	"gui.mtr.anticlockwise_via_cjk": "逆時針經%s",
	"gui.mtr.arrival_car": "%s-voitures",
	"gui.mtr.arrival_car_cjk": "%s 卡",
	"gui.mtr.arrival_min": "%s min",
	"gui.mtr.arrival_min_cjk": "%s 分鐘",
	"gui.mtr.arrival_sec": "%s sec",
	"gui.mtr.arrival_sec_cjk": "%s 秒",
	"gui.mtr.automatically_detect_nearby_platform": "Capteur automatique de plateforme à proximité",
	"gui.mtr.available": "Disponible",
	"gui.mtr.available_model_parts": "Parties du modèle disponible",
	"gui.mtr.balance": "Solde : $%s",
	"gui.mtr.cable_car_invalid_orientation": "Connexion du téléphérique invalide",
	"gui.mtr.cars_to_spawn": "Rames à apparaître : %s",
	"gui.mtr.clear_vehicles": "Réinitialisé les véhicules",
	"gui.mtr.clockwise_to": "Sens horaire vers %s",
	"gui.mtr.clockwise_to_cjk": "順時針往%s",
	"gui.mtr.clockwise_via": "Sens horaire via %s",
	"gui.mtr.clockwise_via_cjk": "順時針經%s",
	"gui.mtr.color": "Couleur",
	"gui.mtr.comma": ", ",
	"gui.mtr.comma_cjk": ",",
	"gui.mtr.comma_last": " et ",
	"gui.mtr.comma_last_cjk": "ou",
	"gui.mtr.connecting_station_interchange_announcement_part": "le %1$s à la station %2$s",
	"gui.mtr.connecting_station_interchange_announcement_part_cjk": "往%2$s站轉乘%1$s",
	"gui.mtr.connecting_station_part": "Les passagers peuvent changer a %s.",
	"gui.mtr.connecting_station_part_cjk": "乘客可在該站%s。",
	"gui.mtr.cruising_altitude": "Altitude de croisière",
	"gui.mtr.custom_destination_suggestion": "Destination (\\r pour réinitialiser)",
	"gui.mtr.custom_resources_export_resource_pack": "Exporter le pack de ressources",
	"gui.mtr.custom_resources_gangway_connection_id": "ID de la connexion de l'intercirculation",
	"gui.mtr.custom_resources_id": "ID",
	"gui.mtr.custom_resources_name": "Nom",
	"gui.mtr.custom_resources_rider_offset": "Décalage du voyageur : %s",
	"gui.mtr.custom_resources_train_barrier_id": "ID de la barrière de train",
	"gui.mtr.delete_confirmation": "Êtes-vous sûr de vouloir supprimer %s ?",
	"gui.mtr.depot_color": "Couleur du dépôt",
	"gui.mtr.depot_name": "Nom du dépôt",
	"gui.mtr.depots": "Dépôts",
	"gui.mtr.disable_next_station_announcements": "Désactiver les Annonces de la station suivante",
	"gui.mtr.dismount_hold": "Maintenez %s pour forcer le démontage : %s",
	"gui.mtr.display_page": "Numéro de page",
	"gui.mtr.door_animation_type_bouncy_1": "Portes : Rebondi (1)",
	"gui.mtr.door_animation_type_bouncy_2": "Portes : Rebondi (2)",
	"gui.mtr.door_animation_type_constant": "Portes : Constante",
	"gui.mtr.door_animation_type_mlr": "Portes : MLR",
	"gui.mtr.door_animation_type_plug_fast": "Portes : Prise Rapide",
	"gui.mtr.door_animation_type_plug_slow": "Portes : Prise Rapide",
	"gui.mtr.door_animation_type_r179": "Portes : R179",
	"gui.mtr.door_animation_type_r211": "Portes : R211",
	"gui.mtr.door_animation_type_standard": "Portes : Standard",
	"gui.mtr.door_animation_type_standard_slow": "Portes : Lente",
	"gui.mtr.drag_file_to_upload": "Faites glisser le fichier pour le télécharger",
	"gui.mtr.dwell_time": "Temps d'Interruption du Véhicule",
	"gui.mtr.edit_area": "Cliquez et faites glisser pour dessiner une zone.",
	"gui.mtr.edit_instructions": "Modifier les instructions",
	"gui.mtr.edit_route": "Cliquez sur un quai pour l'ajouter à l'itinéraire.",
	"gui.mtr.editing_part": "Édition : %s",
	"gui.mtr.emeralds": "Émeraudes : %s",
	"gui.mtr.enter_barrier": "Vous êtes entré(e) dans %s - Solde : %s $",
	"gui.mtr.exit_barrier": "Vous avez quitté %s - Tarif : $%s - Solde : $%s",
	"gui.mtr.exit_destinations": "Destinations de la sortie",
	"gui.mtr.exit_parents": "Sorties de la station",
	"gui.mtr.file_model": "Fichier Blockbench",
	"gui.mtr.file_properties": "Fichier de propriétés (Optionnel)",
	"gui.mtr.file_texture": "Fichier de texture",
	"gui.mtr.file_upload": "Envoi...",
	"gui.mtr.filtered_platforms": "Plateformes filtrées (%s)",
	"gui.mtr.filtered_routes": "Itinéraires filtrés (%s)",
	"gui.mtr.filtered_routes_condition": "Seuls les véhicules fonctionnant sur les routes suivantes activeront ce bloc",
	"gui.mtr.filtered_routes_empty": "Tous les véhicules activeront ce bloc",
	"gui.mtr.game_time": "Heure du jeu",
	"gui.mtr.generate_map": "Générer le plan du parcours",
	"gui.mtr.generating_path": "Génération du tracé",
	"gui.mtr.hide_arrival": "Cacher les arrivées",
	"gui.mtr.insufficient_balance": "Solde insuffisant (%s $)",
	"gui.mtr.interchange_announcement": "Correspondance avec %s.",
	"gui.mtr.interchange_announcement_cjk": "乘客可以轉乘%s。",
	"gui.mtr.invalid_orientation": "Impossible de connecter le rail ; orientation non valide",
	"gui.mtr.is_anticlockwise_route": "Ligne circulaire dans le sens antihoraire",
	"gui.mtr.is_clockwise_route": "Ligne circulaire dans le sens horaire",
	"gui.mtr.is_light_rail_route": "A un numéro d'itinéraire",
	"gui.mtr.is_manual": "Véhicule pilotable",
	"gui.mtr.is_route_hidden": "Cacher la route",
	"gui.mtr.last_airplane_station": "Ce vol va vers : %s",
	"gui.mtr.last_airplane_station_cjk": "本航班往%s",
	"gui.mtr.last_boat_station": "Ce navire se dirige vers %s",
	"gui.mtr.last_boat_station_cjk": "本渡輪往%s",
	"gui.mtr.last_cable_car_station": "Ce téléphérique se dirige vers : %s",
	"gui.mtr.last_cable_car_station_cjk": "Le téléphérique va à %s",
	"gui.mtr.last_train_station": "Ce train se dirige vers %s",
	"gui.mtr.last_train_station_cjk": "本列車往%s",
	"gui.mtr.left": "Gauche",
	"gui.mtr.lift_buttons_locked": "Boutons verrouillés",
	"gui.mtr.lift_buttons_unlocked": "Boutons déverrouillés",
	"gui.mtr.lift_floor_description": "Description",
	"gui.mtr.lift_floor_number": "Numéro d'étage",
	"gui.mtr.lift_is_double_sided": "Recto-Verso",
	"gui.mtr.lift_should_ding": "Jouer le son \"Ding\"",
	"gui.mtr.lift_style": "Style: %s",
	"gui.mtr.lift_style_opaque": "Opaque",
	"gui.mtr.lift_style_transparent": "Transparent",
	"gui.mtr.lift_track_required": "Rails d'ascenseur obligatoires",
	"gui.mtr.light_rail_route_announcement": "Ligne %s direction %s.",
	"gui.mtr.light_rail_route_announcement_cjk": "本班為%s綫列車前往%s。",
	"gui.mtr.light_rail_route_number": "Numéro de l'itinéraire",
	"gui.mtr.london_train_interchange_announcement": "Correspondance avec %s.",
	"gui.mtr.london_train_interchange_announcement_cjk": "Les passagers peuvent transférer à %s cette station",
	"gui.mtr.london_train_next_station_announcement": "Prochain arrêt : %s.",
	"gui.mtr.london_train_next_station_announcement_cjk": "下一站是%s。",
	"gui.mtr.london_train_route_announcement": "Ce train %s est à destination de %s.",
	"gui.mtr.london_train_route_announcement_cjk": "Cette classe est le train %s à destination de %s",
	"gui.mtr.london_train_terminating_announcement": "Ce train est terminus.",
	"gui.mtr.london_train_terminating_announcement_cjk": "列車以本站為終點站。",
	"gui.mtr.london_train_this_station_announcement": "Arrêt : %s.",
	"gui.mtr.london_train_this_station_announcement_cjk": "本站是%s。",
	"gui.mtr.manual_to_automatic_time": "Délai d'attente de conduite",
	"gui.mtr.max_manual_speed": "Vitesse Maximum",
	"gui.mtr.max_vehicles": "Nombre maximum de trains dans le dépôt",
	"gui.mtr.mismatched_versions": "Veuillez mettre à jour le mod Minecraft Transit Railway et réessayez.",
	"gui.mtr.mismatched_versions_server_version": "Version du serveur : %s",
	"gui.mtr.mismatched_versions_your_version": "Votre version : %s",
	"gui.mtr.moving_only": "Uniquement les véhicules en mouvement",
	"gui.mtr.mtr_options": "Options de Minecraft Transit Railway",
	"gui.mtr.name": "Nom",
	"gui.mtr.next_departure": "Prochain départ dans : %s",
	"gui.mtr.next_departure_none": "Aucun départ prévu",
	"gui.mtr.next_route_airplane_announcement": "Ce vol sera changé de %s à %s.",
	"gui.mtr.next_route_airplane_announcement_cjk": "本航班會改為%s前往%s。",
	"gui.mtr.next_route_boat_announcement": "Ce navire sera changé en %s vers %s.",
	"gui.mtr.next_route_boat_announcement_cjk": "本渡輪會改為%s前往%s。",
	"gui.mtr.next_route_boat_light_rail_announcement": "Cette route sera changée en %s. Passagers à %s, veuillez prendre ce navire.",
	"gui.mtr.next_route_boat_light_rail_announcement_cjk": "本渡輪會改為%s路綫。前往%s沿途各站之乘客, 可乘本渡輪。",
	"gui.mtr.next_route_cable_car_announcement": "Ce téléphérique sera changé en %s vers %s.",
	"gui.mtr.next_route_cable_car_announcement_cjk": "本渡輪會改為%s前往%s。",
	"gui.mtr.next_route_train_announcement": "Ce train sera changé en %s vers %s.",
	"gui.mtr.next_route_train_announcement_cjk": "本班車會改為%s前往%s。",
	"gui.mtr.next_route_train_light_rail_announcement": "Cette ligne sera changée sur la ligne %s. Les passagers de la ligne %s sont priés de prendre ce train.",
	"gui.mtr.next_route_train_light_rail_announcement_cjk": "本班車會改為%s路綫。前往%s沿途各站之乘客，可乘本列車。",
	"gui.mtr.next_station": "La prochaine station est: %s",
	"gui.mtr.next_station_announcement": "Prochaine station : %s.",
	"gui.mtr.next_station_announcement_cjk": "下一站：%s。",
	"gui.mtr.next_station_cjk": "下一站是%s",
	"gui.mtr.next_station_light_rail_announcement": "Prochain arrêt: %s.",
	"gui.mtr.next_station_light_rail_announcement_cjk": "下一站：%s。",
	"gui.mtr.no_lift_tracks_floor_found": "Aucun rail d'ascenseur trouvé",
	"gui.mtr.offset_x": "Décalage X : %s",
	"gui.mtr.offset_y": "Décalage Y : %s",
	"gui.mtr.offset_z": "Décalage Z : %s",
	"gui.mtr.part_blacklisted_cars": "Voitures blacklistées",
	"gui.mtr.part_display_cjk_size_ratio": "Taille CJK : %s",
	"gui.mtr.part_display_force_single_line": "Forcer une seule ligne",
	"gui.mtr.part_display_force_upper_case": "Forcer la majuscule",
	"gui.mtr.part_display_should_scroll": "Texte défilant",
	"gui.mtr.part_display_text_color": "Couleur",
	"gui.mtr.part_display_text_color_cjk": "CJK / Couleur Non-CJK",
	"gui.mtr.part_display_type_destination": "Type : Destination",
	"gui.mtr.part_display_type_next_station_kcr": "Type : Prochaine Station (KCR)",
	"gui.mtr.part_display_type_next_station_mtr": "Type : Prochaine Station (MTR)",
	"gui.mtr.part_display_type_next_station_plain": "Type : Prochaine Station",
	"gui.mtr.part_display_type_next_station_uk": "Type : Prochaine Station (UK)",
	"gui.mtr.part_display_type_route_number": "Type : Numéro de ligne",
	"gui.mtr.part_display_x_padding": "Rembourrage horizontal : %s",
	"gui.mtr.part_display_y_padding": "Rembourrage vertical : %s",
	"gui.mtr.part_door_offset_left_negative": "Décalage des portes : - Gauche",
	"gui.mtr.part_door_offset_left_positive": "Décalage des portes : + Gauche",
	"gui.mtr.part_door_offset_none": "Décalage des portes : Aucun",
	"gui.mtr.part_door_offset_right_negative": "Décalage des portes : - Droite",
	"gui.mtr.part_door_offset_right_positive": "Décalage des portes : + Droite",
	"gui.mtr.part_is_display": "Est affiché",
	"gui.mtr.part_mirror": "Inversé",
	"gui.mtr.part_positions": "Positions",
	"gui.mtr.part_render_condition_all": "Rendu : toujours",
	"gui.mtr.part_render_condition_door_left_closed": "Rendu : Portes Gauches Fermées",
	"gui.mtr.part_render_condition_door_left_open": "Rendu : Portes Gauche Ouvertes",
	"gui.mtr.part_render_condition_door_right_closed": "Rendu : Portes Droites Fermées",
	"gui.mtr.part_render_condition_door_right_open": "Rendu : Portes Droites Ouvertes",
	"gui.mtr.part_render_condition_doors_closed": "Rendu : Portes Fermées",
	"gui.mtr.part_render_condition_doors_open": "Rendu : Portes Ouvertes",
	"gui.mtr.part_render_condition_moving_backwards": "Rendu : Déplacement vers l'arrière",
	"gui.mtr.part_render_condition_moving_forwards": "Rendu : Déplacement vers l'avant",
	"gui.mtr.part_skip_rendering_if_too_far": "Cacher si loin",
	"gui.mtr.part_stage_always_on_lights": "Lumières (Toujours actives)",
	"gui.mtr.part_stage_exterior": "Extérieur",
	"gui.mtr.part_stage_interior": "Intérieur",
	"gui.mtr.part_stage_interior_translucent": "Intérieur (Translucide)",
	"gui.mtr.part_stage_lights": "Lumières",
	"gui.mtr.part_whitelisted_cars": "Voitures sur liste blanche",
	"gui.mtr.path_found": "Tracé produit avec succès",
	"gui.mtr.path_not_found_between": "Aucun tracé trouvé sur|> %s|entre|> %s|et|> %s|",
	"gui.mtr.path_not_generated": "Tracé non généré",
	"gui.mtr.percentage_complete_bridge": "Construction du pont (%s%%)",
	"gui.mtr.percentage_complete_tunnel": "Construction du tunnel (%s%%)",
	"gui.mtr.percentage_complete_tunnel_wall": "Construction des murs d'un tunnel (%s%%)",
	"gui.mtr.pids_message": "Message PIDS personnalisé",
	"gui.mtr.platform": "Quai %s",
	"gui.mtr.platform_number": "Quai numéro",
	"gui.mtr.platform_or_siding_exists": "Chaque nœud de rail ne peut-être relié qu'à un seul quai ou dépôt",
	"gui.mtr.press_to_select_floor": "Appuyez sur %s pour sélectionner l'étage",
	"gui.mtr.psd_apg_door_locked": "Porte verrouillée",
	"gui.mtr.psd_apg_door_unlocked": "Porte déverrouillée",
	"gui.mtr.radius_too_small": "Impossible de connecter le rail ; le rayon doit être d'au moins 2",
	"gui.mtr.rail_action_bridge": "Pont de %s (%s blocs de long, %s)",
	"gui.mtr.rail_action_tunnel": "Tunnel de %s (%s blocs de long)",
	"gui.mtr.rail_action_tunnel_wall": "Murs de tunnel par %s (%s blocs de long, %s)",
	"gui.mtr.rail_actions": "Opérations de construction en cours",
	"gui.mtr.rail_actions_button": "Opérations...",
	"gui.mtr.rail_not_found": "Impossible de créer le signal ; rail introuvable",
	"gui.mtr.rail_not_found_action": "Impossible d'effectuer l'action; rail introuvable",
	"gui.mtr.refresh_path": "Rafraîchir le tracé",
	"gui.mtr.repeat_indefinitely": "Répéter les instructions à jamais",
	"gui.mtr.reset_sign": "Réinitialiser",
	"gui.mtr.right": "Droite",
	"gui.mtr.rotate_anticlockwise": "Tourner dans le sens anti-horaire",
	"gui.mtr.rotate_clockwise": "Tourner dans le sens horaire",
	"gui.mtr.route_color": "Couleur de la ligne",
	"gui.mtr.route_name": "Nom de la ligne",
	"gui.mtr.route_type_boat_high_speed": "Type : Ferry rapide",
	"gui.mtr.route_type_boat_light_rail": "Type : Croisière",
	"gui.mtr.route_type_boat_normal": "Type : Ferry",
	"gui.mtr.route_type_train_high_speed": "Type : Haute Vitesse",
	"gui.mtr.route_type_train_light_rail": "Type : rail léger",
	"gui.mtr.route_type_train_normal": "Type : normal",
	"gui.mtr.routes": "Itinéraires",
	"gui.mtr.s": "s",
	"gui.mtr.schedule_mode_real_time_off": "Horaire : Temps dans Minecraft",
	"gui.mtr.schedule_mode_real_time_on": "Horaire : Temps Réel",
	"gui.mtr.search": "Rechercher",
	"gui.mtr.select_all_platforms": "Afficher les arrivées de tout les quais",
	"gui.mtr.selected": "Sélectionné",
	"gui.mtr.selected_vehicle": "Véhicule selectionné",
	"gui.mtr.separator": "/",
	"gui.mtr.separator_cjk": "/",
	"gui.mtr.settings": "Paramètres",
	"gui.mtr.siding_number": "Numéro de voie de garage",
	"gui.mtr.sidings_in_depot": "Voies de garage dans ce dépôt : %s",
	"gui.mtr.sound_file": "Fichier Son",
	"gui.mtr.station": "Station %s",
	"gui.mtr.station_cjk": "%s站",
	"gui.mtr.station_color": "Couleur de la station",
	"gui.mtr.station_name": "Nom de la station",
	"gui.mtr.stations": "Stations",
	"gui.mtr.stopped_only": "Véhicules arrêtés uniquement",
	"gui.mtr.support": "Assistance",
	"gui.mtr.this_station": "La station est %s",
	"gui.mtr.this_station_cjk": "本站是%s",
	"gui.mtr.to": "vers %s",
	"gui.mtr.to_cjk": "往%s",
	"gui.mtr.tph": "/heure",
	"gui.mtr.train_schedule_sensor": "Décalage par rapport à l'arrivée (secondes)",
	"gui.mtr.transport_mode_airplane": "Type : Avion",
	"gui.mtr.transport_mode_boat": "Type : Bateau",
	"gui.mtr.transport_mode_cable_car": "Type : Téléphérique",
	"gui.mtr.transport_mode_train": "Type : Train",
	"gui.mtr.unlimited": "Illimité",
	"gui.mtr.unlimited_vehicles": "Véhicules illimités",
	"gui.mtr.untitled": "Sans titre",
	"gui.mtr.use_time_and_wind_sync": "Synchronisation automatique avec Time & Wind Mod",
	"gui.mtr.used_model_parts": "Pièces de modèle utilisées",
	"gui.mtr.vehicle_brightness": "Luminosité: %s%%",
	"gui.mtr.vehicle_cars": "Voitures : %s",
	"gui.mtr.vehicle_direction_backwards": "Direction : En arrière",
	"gui.mtr.vehicle_direction_forwards": "Direction : En avant",
	"gui.mtr.vehicle_door_max": "Porte : %s",
	"gui.mtr.vehicle_length": "Longueur : %s",
	"gui.mtr.vehicle_speed": "Vitesse: %s m/s (%s km/h)",
	"gui.mtr.vehicle_width": "Largeur: %s",
	"gui.mtr.vehicles_per_hour": "Véhicules par heure",
	"gui.mtr.welcome_station": "Bienvenue à la station %s.",
	"gui.mtr.welcome_station_cjk": "歡迎光臨%s站。",
	"gui.mtr.zone": "Zone tarifaire",
	"gui.mtr.zone_number": "Zone %s",
	"item.mtr.apg_door": "Porte palière (basse)",
	"item.mtr.apg_glass": "Vitre de porte palière (basse)",
	"item.mtr.apg_glass_end": "Vitre de fin de porte palière (basse)",
	"item.mtr.bridge_creator_3": "Créateur de pont",
	"item.mtr.bridge_creator_5": "Créateur de pont",
	"item.mtr.bridge_creator_7": "Créateur de pont",
	"item.mtr.bridge_creator_9": "Créateur de pont",
	"item.mtr.brush": "Brosse",
	"item.mtr.dashboard": "Tableau de bord ferroviaire",
	"item.mtr.dashboard_2": "Tableau de bord naval",
	"item.mtr.dashboard_3": "Tableau de bord de Téléphérique",
	"item.mtr.dashboard_4": "Tableau de bord aérien",
	"item.mtr.driver_key": "Clé du chauffeur",
	"item.mtr.escalator": "Escalier mécanique",
	"item.mtr.lift_buttons_link_connector": "Connecteur de liaison pour boutons ascenseur",
	"item.mtr.lift_buttons_link_remover": "Déconnecteur de liaison pour boutons ascenseur",
	"item.mtr.lift_door_1": "Portes d'ascenseur",
	"item.mtr.lift_door_odd_1": "Portes d'ascenseur",
	"item.mtr.lift_refresher": "Rafraîchir l'ascenseur",
	"item.mtr.psd_door": "Porte palière (haute)",
	"item.mtr.psd_door_2": "Porte palière (haute)",
	"item.mtr.psd_glass": "Vitre de porte palière (haute)",
	"item.mtr.psd_glass_2": "Vitre de porte palière (haute)",
	"item.mtr.psd_glass_end": "Vitre de fin de porte palière (haute)",
	"item.mtr.psd_glass_end_2": "Vitre de fin de porte palière (haute)",
	"item.mtr.rail_connector_120": "Connecteur de rail en obsidienne",
	"item.mtr.rail_connector_120_one_way": "Connecteur de Rail en Obsidienne (à sens unique)",
	"item.mtr.rail_connector_160": "Connecteur de rail en Blaze",
	"item.mtr.rail_connector_160_one_way": "Connecteur de Rail en Blaze (à sens unique)",
	"item.mtr.rail_connector_20": "Connecteur de rail en bois",
	"item.mtr.rail_connector_200": "Connecteur de rail en fer",
	"item.mtr.rail_connector_200_one_way": "Connecteur de Rail en Quartz (à sens unique)",
	"item.mtr.rail_connector_20_one_way": "Connecteur de Rail en Bois (à sens unique)",
	"item.mtr.rail_connector_300": "Connecteur de rail en diamant",
	"item.mtr.rail_connector_300_one_way": "Connecteur de Rail en Diamant (à sens unique)",
	"item.mtr.rail_connector_40": "Connecteur de rail en pierre",
	"item.mtr.rail_connector_40_one_way": "Connecteur de Rail en Pierre (à sens unique)",
	"item.mtr.rail_connector_60": "Connecteur de rail en fer",
	"item.mtr.rail_connector_60_one_way": "Connecteur de Rail en Émeraude (à sens unique)",
	"item.mtr.rail_connector_80": "Connecteur de rail en fer",
	"item.mtr.rail_connector_80_one_way": "Connecteur de Rail en Fer (à sens unique)",
	"item.mtr.rail_connector_cable_car": "Connecteur de Téléphérique",
	"item.mtr.rail_connector_platform": "Connecteur de rail de quai",
	"item.mtr.rail_connector_runway": "Connecteur de rail de piste de roulement",
	"item.mtr.rail_connector_siding": "Connecteur de rail de voie de garage",
	"item.mtr.rail_connector_turn_back": "Connecteur de rail de retournement",
	"item.mtr.rail_remover": "Effaceur de rail",
	"item.mtr.resource_pack_creator": "Créateur de Pack de Ressources",
	"item.mtr.signal_connector_black": "Connecteur de signal noir",
	"item.mtr.signal_connector_blue": "Connecteur de signal bleu",
	"item.mtr.signal_connector_brown": "Connecteur de signal marron",
	"item.mtr.signal_connector_cyan": "Connecteur de signal turquoise",
	"item.mtr.signal_connector_gray": "Connecteur de signal gris",
	"item.mtr.signal_connector_green": "Connecteur de signal vert",
	"item.mtr.signal_connector_light_blue": "Connecteur de signal bleu clair",
	"item.mtr.signal_connector_light_gray": "Connecteur de Signal Gris Clair",
	"item.mtr.signal_connector_lime": "Connecteur de signal vert fluo",
	"item.mtr.signal_connector_magenta": "Connecteur de signal magenta",
	"item.mtr.signal_connector_orange": "Connecteur de signal orange",
	"item.mtr.signal_connector_pink": "Connecteur de signal rose",
	"item.mtr.signal_connector_purple": "Connecteur de signal violet",
	"item.mtr.signal_connector_red": "Connecteur de signal rouge",
	"item.mtr.signal_connector_white": "Connecteur de signal blanc",
	"item.mtr.signal_connector_yellow": "Connecteur de signal jaune",
	"item.mtr.signal_remover_black": "Effaceur de signal noir",
	"item.mtr.signal_remover_blue": "Effaceur de signal bleu",
	"item.mtr.signal_remover_brown": "Effaceur de signal marron",
	"item.mtr.signal_remover_cyan": "Effaceur de signal cyan",
	"item.mtr.signal_remover_gray": "Effaceur de Signal Gris",
	"item.mtr.signal_remover_green": "Effaceur de signal vert",
	"item.mtr.signal_remover_light_blue": "Effaceur de signal bleu clair",
	"item.mtr.signal_remover_light_gray": "Effaceur de signal gris clair",
	"item.mtr.signal_remover_lime": "Effaceur de signal lime",
	"item.mtr.signal_remover_magenta": "Effaceur de signal magenta",
	"item.mtr.signal_remover_orange": "Effaceur de signal orange",
	"item.mtr.signal_remover_pink": "Effaceur de signal rose",
	"item.mtr.signal_remover_purple": "Effaceur de signal violet",
	"item.mtr.signal_remover_red": "Effaceur de signal rouge",
	"item.mtr.signal_remover_white": "Effaceur de signal blanc",
	"item.mtr.signal_remover_yellow": "Effaceur de signal jaune",
	"item.mtr.tunnel_creator_4_3": "Créateur de tunnels",
	"item.mtr.tunnel_creator_4_5": "Créateur de tunnels",
	"item.mtr.tunnel_creator_4_7": "Créateur de tunnels",
	"item.mtr.tunnel_creator_4_9": "Créateur de tunnels",
	"item.mtr.tunnel_creator_5_3": "Créateur de tunnels",
	"item.mtr.tunnel_creator_5_5": "Créateur de tunnels",
	"item.mtr.tunnel_creator_5_7": "Créateur de tunnels",
	"item.mtr.tunnel_creator_5_9": "Créateur de tunnels",
	"item.mtr.tunnel_creator_6_3": "Créateur de tunnels",
	"item.mtr.tunnel_creator_6_5": "Créateur de tunnels",
	"item.mtr.tunnel_creator_6_7": "Créateur de tunnels",
	"item.mtr.tunnel_creator_6_9": "Créateur de tunnels",
	"item.mtr.tunnel_wall_creator_4_3": "Créateur de murs de tunnels",
	"item.mtr.tunnel_wall_creator_4_5": "Créateur de murs de tunnels",
	"item.mtr.tunnel_wall_creator_4_7": "Créateur de murs de tunnels",
	"item.mtr.tunnel_wall_creator_4_9": "Créateur de murs de tunnels",
	"item.mtr.tunnel_wall_creator_5_3": "Créateur de murs de tunnels",
	"item.mtr.tunnel_wall_creator_5_5": "Créateur de murs de tunnels",
	"item.mtr.tunnel_wall_creator_5_7": "Créateur de murs de tunnels",
	"item.mtr.tunnel_wall_creator_5_9": "Créateur de murs de tunnels",
	"item.mtr.tunnel_wall_creator_6_3": "Créateur de murs de tunnels",
	"item.mtr.tunnel_wall_creator_6_5": "Créateur de murs de tunnels",
	"item.mtr.tunnel_wall_creator_6_7": "Créateur de murs de tunnels",
	"item.mtr.tunnel_wall_creator_6_9": "Créateur de murs de tunnels",
	"itemGroup.mtr.core": "Objets de base MTR",
	"itemGroup.mtr.escalators_lifts": "Escalators et Ascenseurs",
	"itemGroup.mtr.railway_facilities": "Installations ferroviaires MTR",
	"itemGroup.mtr.station_building_blocks": "Blocs de construction de stations",
	"key.mtr.debug_1_negative": "Débogage secteur 1 (soustraire)",
	"key.mtr.debug_1_positive": "Débogage secteur 1 (ajouter)",
	"key.mtr.debug_2_negative": "Débogage secteur 2 (soustraire)",
	"key.mtr.debug_2_positive": "Débogage secteur 2 (ajouter)",
	"key.mtr.debug_3_negative": "Débogage secteur 3 (soustraire)",
	"key.mtr.debug_3_positive": "Débogage secteur 3 (ajouter)",
	"key.mtr.debug_cycle_negative": "Catégorie de débogage en cycle (vers l'arrière)",
	"key.mtr.debug_cycle_positive": "Catégorie de débogage en cycle (vers l'avant)",
	"key.mtr.lift_menu": "Ouvrir la sélection d'étage de l'ascenseur",
	"key.mtr.train_accelerate": "Accélération du Train",
	"key.mtr.train_brake": "Freinage du Train",
	"key.mtr.train_toggle_doors": "Changer les Portes",
	"options.mtr.anonymous": "Anonyme",
	"options.mtr.dynamic_texture_resolution": "Résolution dynamique des textures (les valeurs plus élevées peuvent planter !)",
	"options.mtr.hide_special_rail_colors": "Cacher les couleurs spéciales des rails",
	"options.mtr.hide_translucent_parts": "Masquer les pièces translucides sur les véhicules",
	"options.mtr.language_options": "Langue affichée sur les panneaux",
	"options.mtr.language_options_0": "Par défaut",
	"options.mtr.language_options_1": "CJC Uniquement",
	"options.mtr.language_options_2": "Non-CJC",
	"options.mtr.off": "Désactivé",
	"options.mtr.on": "Activé",
	"options.mtr.shift_to_toggle_sitting": "Utilisez %s pour s'assour/se lever dans les véhicules",
	"options.mtr.show_announcement_messages": "Afficher les messages d'annonces du train dans le chat",
	"options.mtr.support_patreon": "Soutenez le mod sur Patreon !",
	"options.mtr.track_texture_offset": "Décalage des textures",
	"options.mtr.use_dynamic_fps": "Booster dynamiquement les FPS",
	"options.mtr.use_mtr_font": "Utiliser les polices MTR personnalisées (peut ne pas fonctionner sur certains ordinateurs)",
	"options.mtr.use_tts_announcements": "Activer les annonces sonores de synthèse vocale",
	"options.mtr.vehicle_render_distance_ratio": "Ratio de rendu du véhicule vers Minecraft",
	"sign.mtr.airport": "Aéroport",
	"sign.mtr.airport_arrivals": "Arrivées",
	"sign.mtr.airport_arrivals_cjk": "Arrivée",
	"sign.mtr.airport_cjk": "Aéroport",
	"sign.mtr.airport_departures": "Embarquements",
	"sign.mtr.airport_departures_cjk": "Départ",
	"sign.mtr.airport_express": "Trains vers l'aéroport",
	"sign.mtr.airport_express_city": "Trains vers la ville",
	"sign.mtr.airport_express_city_cjk": "往市區列車",
	"sign.mtr.airport_express_cjk": "往機場列車",
	"sign.mtr.airport_transfer": "Transfert",
	"sign.mtr.airport_transfer_cjk": "Transit",
	"sign.mtr.baggage_claim": "Réception de bagages",
	"sign.mtr.baggage_claim_cjk": "Retrait des bagages",
	"sign.mtr.boat": "Ferries",
	"sign.mtr.boat_cjk": "渡輪",
	"sign.mtr.cable_car": "Téléphériques",
	"sign.mtr.cable_car_cjk": "Téléphérique",
	"sign.mtr.check_in_passengers": "Enregistrement des passagers",
	"sign.mtr.check_in_passengers_cjk": "登機乘客",
	"sign.mtr.cross": "Passage interdit",
	"sign.mtr.cross_cjk": "不准進入",
	"sign.mtr.customer_service_centre": "Service client",
	"sign.mtr.customer_service_centre_cjk": "客務中心",
	"sign.mtr.emergency_exit": "Sortie de secours",
	"sign.mtr.emergency_exit_cjk": "緊急出口",
	"sign.mtr.escalator_to_concourse_down": "Pour descendre uniquement",
	"sign.mtr.escalator_to_concourse_down_cjk": "直落大堂",
	"sign.mtr.escalator_to_concourse_up": "Pour monter uniquement",
	"sign.mtr.escalator_to_concourse_up_cjk": "直上大堂",
	"sign.mtr.female": "Toilettes femmes",
	"sign.mtr.female_cjk": "女洗手間",
	"sign.mtr.in_town_check_in": "Enregistrement en ville",
	"sign.mtr.in_town_check_in_cjk": "市區預辦登機",
	"sign.mtr.lift_1": "Ascenseur",
	"sign.mtr.lift_1_cjk": "升降機",
	"sign.mtr.lift_2": "Ascenseur",
	"sign.mtr.lift_2_cjk": "升降機",
	"sign.mtr.light_rail_1": "Tramway",
	"sign.mtr.light_rail_1_cjk": "輕鐵",
	"sign.mtr.light_rail_2": "Rail léger",
	"sign.mtr.light_rail_2_cjk": "輕鐵",
	"sign.mtr.light_rail_3": "Rail léger",
	"sign.mtr.light_rail_3_cjk": "輕鐵",
	"sign.mtr.light_rail_4": "Tramway",
	"sign.mtr.light_rail_4_cjk": "輕鐵",
	"sign.mtr.logo": "Minecraft Transit Railway",
	"sign.mtr.logo_cjk": "我的世界鐵路",
	"sign.mtr.male": "Toilettes hommes",
	"sign.mtr.male_cjk": "男洗手間",
	"sign.mtr.platform": "Quai",
	"sign.mtr.platform_cjk": "月台",
	"sign.mtr.sp1900": "Trains",
	"sign.mtr.sp1900_cjk": "列車",
	"sign.mtr.station": "Station",
	"sign.mtr.station_cjk": "Gare",
	"sign.mtr.tickets": "Tickets",
	"sign.mtr.tickets_cjk": "車票",
	"sign.mtr.toilets": "Toilettes",
	"sign.mtr.toilets_cjk": "洗手間",
	"sign.mtr.train": "Trains",
	"sign.mtr.train_cjk": "列車",
	"sign.mtr.train_old": "Trains",
	"sign.mtr.train_old_cjk": "列車",
	"sign.mtr.wheelchair": "Toilettes",
	"sign.mtr.wheelchair_cjk": "洗手間",
	"sign.mtr.wifi": "Wi-Fi gratuit",
	"sign.mtr.wifi_cjk": "免費Wi-Fi熱點",
	"sign.mtr.xrl_1": "Ligne à grande vitesse",
	"sign.mtr.xrl_1_cjk": "高速鐵路",
	"sign.mtr.xrl_2": "Ligne à grande vitesse",
	"sign.mtr.xrl_2_cjk": "高速鐵路",
	"sign.mtr.yellow_head_1": "Trains",
	"sign.mtr.yellow_head_1_cjk": "火車",
	"sign.mtr.yellow_head_2": "Trains",
	"sign.mtr.yellow_head_2_cjk": "火車",
	"tooltip.block.mtr.glass_fence_cio": "City One",
	"tooltip.block.mtr.glass_fence_ckt": "Che Kung Temple",
	"tooltip.block.mtr.glass_fence_heo": "Heng On",
	"tooltip.block.mtr.glass_fence_mos": "Ma On Shan",
	"tooltip.block.mtr.glass_fence_plain": "Vitre",
	"tooltip.block.mtr.glass_fence_shm": "Shek Mun",
	"tooltip.block.mtr.glass_fence_stained": "Vitre teintée",
	"tooltip.block.mtr.glass_fence_stw": "Sha Tin Wai",
	"tooltip.block.mtr.glass_fence_tsh": "Tai Shui Hang",
	"tooltip.block.mtr.glass_fence_wks": "Wu Kai Sha",
	"tooltip.mtr.cable_car_node": "Aucuns quais et voies de garage\nConnexions droites uniquement",
	"tooltip.mtr.cable_car_node_station": "Des quais et des voies de garage peuvent être créés\nDes courbes peuvent être créées",
	"tooltip.mtr.pole_placement": "Doit être placé au-dessus d'un\n%s existant",
	"tooltip.mtr.psd_apg_door": "Porte palière automatique",
	"tooltip.mtr.psd_apg_door_2": "Porte palière automatique",
	"tooltip.mtr.psd_apg_glass": "Vitre",
	"tooltip.mtr.psd_apg_glass_2": "Vitre",
	"tooltip.mtr.psd_apg_glass_end": "Vitre d'extrémité",
	"tooltip.mtr.rail_action_depth": "Profondeur: %s",
	"tooltip.mtr.rail_action_height": "Hauteur : %s",
	"tooltip.mtr.rail_action_width": "Largeur: %s",
	"tooltip.mtr.rail_speed_limit": "Limite de vitesse : %s",
	"tooltip.mtr.railway_sign_even": "Orientation : pair",
	"tooltip.mtr.railway_sign_length": "Longueur : %s",
	"tooltip.mtr.railway_sign_odd": "Orientation : impair",
	"tooltip.mtr.selected_block": "Bloc sélectionné : %s",
	"tooltip.mtr.selected_material": "Matériau sélectionné: %s",
	"tooltip.mtr.shift_right_click_to_clear": "Maintenez %s et utilisez|un(e) %s pour réinitialiser",
	"tooltip.mtr.shift_right_click_to_select_material": "Maintenez %s enfoncé et utilisez|un bloc pour sélectionner le matériau",
	"tooltip.mtr.station_color": "La couleur dépend de la station",
	"tooltip.mtr.station_color_name": "La couleur et le texte dépendent de la station",
	"train.mtr.a320": "Airbus A320",
	"train.mtr.a_train_ael": "CAF Aéroport Express",
	"train.mtr.a_train_ael_mini": "CAF Aéroport Express (mini)",
	"train.mtr.a_train_tcl": "Ligne CAF Tung Chung",
	"train.mtr.a_train_tcl_mini": "Ligne CAF Tung Chung (mini)",
	"train.mtr.a_train_tcl_small": "Ligne CAF Tung Chung (petit)",
	"train.mtr.acacia_boat": "Bateau en acacia",
	"train.mtr.birch_boat": "Bateau en bouleau",
	"train.mtr.br_423": "DB BR 423",
	"train.mtr.c1141a": "1141A / TML C-Train",
	"train.mtr.c1141a_mini": "1141A / TML C-Train (Mini)",
	"train.mtr.c1141a_small": "1141A / TML C-Train (petit)",
	"train.mtr.c_train": "C-Train",
	"train.mtr.c_train_mini": "C-Train (mini)",
	"train.mtr.c_train_small": "C-Train (petit)",
	"train.mtr.class_377_southern": "British Rail Class 377 (Sud)",
	"train.mtr.class_802_gwr": "Rail britannique Classe 802 (GWR)",
	"train.mtr.class_802_gwr_mini": "British Rail Class 802 (GWR, Mini)",
	"train.mtr.class_802_tpe": "Rail britannique Classe 802 (TPE)",
	"train.mtr.class_802_tpe_mini": "British Rail Class 802 (TPE, Mini)",
	"train.mtr.cm_stock": "Train Metro-Cammell (Train M non rénové)",
	"train.mtr.cm_stock_mini": "Train Metro-Cammell (M-Train non rénové, Mini)",
	"train.mtr.cm_stock_small": "Train Metro-Cammell (Train M non rénové, Petit)",
	"train.mtr.dark_oak_boat": "Bateau en chêne noir",
	"train.mtr.drl": "Train de Disneyland Resort",
	"train.mtr.e44": "KCR E44 (face avant jaune)",
	"train.mtr.e44_mini": "KCR E44 (face avant jaune, mini)",
	"train.mtr.flying_minecart": "Wagonnet volant",
	"train.mtr.jungle_boat": "Bateau de la jungle",
	"train.mtr.k_train": "K-Train",
	"train.mtr.k_train_ael": "K-Train Aéroport Express",
	"train.mtr.k_train_ael_mini": "K-Train Aéroport Express (mini)",
	"train.mtr.k_train_ael_small": "K-Train Aéroport Express (petit)",
	"train.mtr.k_train_mini": "K-Train (mini)",
	"train.mtr.k_train_small": "K-Train (petit)",
	"train.mtr.k_train_tcl": "Ligne K-Train Tung Chung",
	"train.mtr.k_train_tcl_mini": "Ligne K-Train Tung Chung (mini)",
	"train.mtr.k_train_tcl_small": "Ligne K-Train Tung Chung (petit)",
	"train.mtr.light_rail_1": "Rail léger (Phase 1, RHT)",
	"train.mtr.light_rail_1_orange": "Rail Léger (Phase 1, Livrée Orange, LHT)",
	"train.mtr.light_rail_1_orange_rht": "Rail Léger (Phase 1, livrée Orange, RHT)",
	"train.mtr.light_rail_1_rht": "Rail léger (Phase 1, RHT)",
	"train.mtr.light_rail_1r": "Rail léger (phase 1 rénovée, LHT)",
	"train.mtr.light_rail_1r_old": "Rail Léger (phase 1 rénovée, livrée Bleue, LHT)",
	"train.mtr.light_rail_1r_old_rht": "Rail Léger (phase 1 rénovée, livrée Bleue, RHT)",
	"train.mtr.light_rail_1r_orange": "Rail Léger (phase 1 rénovée, livrée Bleue, LHT)",
	"train.mtr.light_rail_1r_orange_rht": "Rail Léger (phase 1 rénovée, livrée Orange, RHT)",
	"train.mtr.light_rail_1r_rht": "Rail léger (phase 1 rénovée, RHT)",
	"train.mtr.light_rail_2": "Rail léger (Phase 2, LHT)",
	"train.mtr.light_rail_2r": "Rail léger (phase 2, rénovée, LHT)",
	"train.mtr.light_rail_2r_rht": "Rail léger (phase 2, rénovée, RHT)",
	"train.mtr.light_rail_2_orange": "Rail Léger (Phase 2, livrée Orange, LHT)",
	"train.mtr.light_rail_2_orange_rht": "Rail Léger (Phase 2, livrée Orange, RHT)",
	"train.mtr.light_rail_2_rht": "Rail léger (Phase 2, RHT)",
	"train.mtr.light_rail_3": "Rail léger (Phase 3, LHT)",
	"train.mtr.light_rail_3r": "Rail léger (phase 3, rénovée, LHT)",
	"train.mtr.light_rail_3r_rht": "Rail léger (phase 3, rénovée, RHT)",
	"train.mtr.light_rail_3_orange": "Rail Léger (Phase 3, livrée Orange, LHT)",
	"train.mtr.light_rail_3_orange_rht": "Rail Léger (Phase 3, livrée Orange, RHT)",
	"train.mtr.light_rail_3_rht": "Rail léger (Phase 3, RHT)",
	"train.mtr.light_rail_4": "Rail léger (Phase 4, LHT)",
	"train.mtr.light_rail_4_old": "Rail Léger (Phase 4, livrée Bleue, LHT)",
	"train.mtr.light_rail_4_old_rht": "Rail Léger (Phase 4, livrée Bleue, RHT)",
	"train.mtr.light_rail_4_orange": "Rail Léger (Phase 4, livrée Orange, LHT)",
	"train.mtr.light_rail_4_orange_rht": "Rail Léger (Phase 4, livrée Orange, RHT)",
	"train.mtr.light_rail_4_rht": "Rail léger (Phase 4, RHT)",
	"train.mtr.light_rail_5": "Rail léger (Phase 5, LHT)",
	"train.mtr.light_rail_5_old": "Rail Léger (Phase 5, livrée Bleue, LHT)",
	"train.mtr.light_rail_5_old_rht": "Rail Léger (Phase 5, livrée Bleue, RHT)",
	"train.mtr.light_rail_5_orange": "Rail Léger (Phase 5, livrée Orange, LHT)",
	"train.mtr.light_rail_5_orange_rht": "Rail Léger (Phase 5, livrée Orange, RHT)",
	"train.mtr.light_rail_5_rht": "Tramway (Phase 5, RHT)",
	"train.mtr.london_underground_1995": "Métro de Londres de 1995",
	"train.mtr.london_underground_1996": "Stock du métro de Londres 1996",
	"train.mtr.london_underground_d78": "Stock du métro de Londres D78",
	"train.mtr.london_underground_d78_mini": "Stock du métro de Londres D78 (Mini)",
	"train.mtr.m_train": "M-Train",
	"train.mtr.m_train_mini": "M-Train (mini)",
	"train.mtr.m_train_small": "M-Train (petit)",
	"train.mtr.minecart": "Wagonnet",
	"train.mtr.mlr": "Train MLR",
	"train.mtr.mlr_christmas": "Train MLR (Édition de Noël)",
	"train.mtr.mlr_christmas_mini": "Train MLR (Édition de Noël - Mini)",
	"train.mtr.mlr_christmas_small": "Train MLR (Édition de Noël - Petit)",
	"train.mtr.mlr_mini": "Train MLR (mini)",
	"train.mtr.mlr_small": "Train MLR (petit)",
	"train.mtr.mpl_85": "MPL 85",
	"train.mtr.ngong_ping_360_crystal": "Ngong Ping 360 Cristal Cabin (LHT)",
	"train.mtr.ngong_ping_360_crystal_rht": "Ngong Ping 360 Cristal Cabine (RHT)",
	"train.mtr.ngong_ping_360_crystal_plus": "Ngong Ping 360 Crystal+ Cabin (LHT)",
	"train.mtr.ngong_ping_360_crystal_plus_rht": "Ngong Ping 360 Crystal+ Cabin (RHT)",
	"train.mtr.ngong_ping_360_normal_light_blue": "Ngong Ping 360 (Bleu Clair, LHT)",
	"train.mtr.ngong_ping_360_normal_light_blue_rht": "Ngong Ping 360 (Bleu Clair, RHT)",
	"train.mtr.ngong_ping_360_normal_orange": "Ngong Ping 360 (Orange, LHT)",
	"train.mtr.ngong_ping_360_normal_orange_rht": "Ngong Ping 360 (Orange, RHT)",
	"train.mtr.ngong_ping_360_normal_red": "Ngong Ping 360 (Rouge, LHT)",
	"train.mtr.ngong_ping_360_normal_red_rht": "Ngong Ping 360 (Rouge, RHT)",
	"train.mtr.oak_boat": "Bateau en chêne",
	"train.mtr.r179": "R179 (Métro de New York City)",
	"train.mtr.r179_mini": "R179 (Métro de New York City, mini)",
	"train.mtr.r211": "R211 (métro de New York)",
	"train.mtr.r211_mini": "R211 (métro de New York, Mini)",
	"train.mtr.r211t": "R211T (métro de New York)",
	"train.mtr.r211t_mini": "R211T (métro de New York, Mini)",
	"train.mtr.r_train": "Train R",
	"train.mtr.r_train_mini": "Train R (Mini)",
	"train.mtr.r_train_small": "Train R (Petit)",
	"train.mtr.s_train": "S-Train / SIL",
	"train.mtr.s_train_mini": "S-Train / SIL (Mini)",
	"train.mtr.s_train_small": "S-Train / SIL (Petit)",
	"train.mtr.sp1900": "SP1900",
	"train.mtr.sp1900_mini": "SP1900 (mini)",
	"train.mtr.sp1900_small": "SP1900 (petit)",
	"train.mtr.spruce_boat": "Bateau en sapin"
}
