{
	"block.minecraft.bedrock_slab": "Bedrock Slab",
	"block.minecraft.birch_wood_slab": "Ploča od brezinog drveta",
	"block.minecraft.bone_block_slab": "koštana ploča",
	"block.minecraft.chiseled_quartz_block_slab": "Klesana ploča od kvarcnog",
	"block.minecraft.chiseled_stone_bricks_slab": "Chiseled Stone Bricks Slab",
	"block.minecraft.clay_slab": "Clay Slab",
	"block.minecraft.coal_ore_slab": "Coal Ore Slab",
	"block.minecraft.concrete": "Concrete",
	"block.minecraft.concrete_powder": "Concrete Powder",
	"block.minecraft.concrete_powder_slab": "Concrete Powder Slab",
	"block.minecraft.concrete_slab": "Concrete Slab",
	"block.minecraft.cracked_stone_bricks_slab": "Cracked Stone Bricks Slab",
	"block.minecraft.gravel_slab": "Gravel Slab",
	"block.minecraft.iron_block_slab": "Iron Block Slab",
	"block.minecraft.metal": "Metal Block",
	"block.minecraft.metal_slab": "Metal Slab",
	"block.minecraft.planks": "Wooden Planks",
	"block.minecraft.planks_slab": "Wooden Planks Slab",
	"block.minecraft.purpur_block_slab": "Purpur Block Slab",
	"block.minecraft.purpur_pillar_slab": "Purpur Pillar Slab",
	"block.minecraft.quartz_block_slab": "Quartz Block Slab",
	"block.minecraft.quartz_bricks_slab": "Quartz Bricks Slab",
	"block.minecraft.quartz_pillar_slab": "Quartz Pillar Slab",
	"block.minecraft.snow_block_slab": "Snow Block Slab",
	"block.minecraft.stained_glass": "Stained Glass",
	"block.minecraft.stained_glass_slab": "Stained Glass Slab",
	"block.minecraft.stone_bricks_slab": "Stone Bricks Slab",
	"block.minecraft.wool": "Wool",
	"block.minecraft.wool_slab": "Wool Slab",
	"block.mtr.airplane_node": "Airplane Node",
	"block.mtr.apg_door": "Automatic Platform Gates",
	"block.mtr.apg_glass": "Automatic Platform Gates",
	"block.mtr.apg_glass_end": "Automatic Platform Gates",
	"block.mtr.arrival_projector_1_large": "Arrival Projector (3x3)",
	"block.mtr.arrival_projector_1_medium": "Arrival Projector (3x2)",
	"block.mtr.arrival_projector_1_small": "Arrival Projector (1x1)",
	"block.mtr.boat_node": "Boat Node",
	"block.mtr.cable_car_node_lower": "Cable Car Node",
	"block.mtr.cable_car_node_station": "Cable Car Station Node",
	"block.mtr.cable_car_node_upper": "Cable Car Node",
	"block.mtr.ceiling": "Ceiling",
	"block.mtr.ceiling_light": "Ceiling (Light)",
	"block.mtr.ceiling_no_light": "Ceiling (No Light)",
	"block.mtr.clock": "Clock",
	"block.mtr.clock_pole": "Clock Pole",
	"block.mtr.escalator_side": "Escalator",
	"block.mtr.escalator_step": "Escalator",
	"block.mtr.glass_fence_cio": "Glass Fence",
	"block.mtr.glass_fence_ckt": "Glass Fence",
	"block.mtr.glass_fence_heo": "Glass Fence",
	"block.mtr.glass_fence_mos": "Glass Fence",
	"block.mtr.glass_fence_plain": "Glass Fence",
	"block.mtr.glass_fence_shm": "Glass Fence",
	"block.mtr.glass_fence_stained": "Glass Fence",
	"block.mtr.glass_fence_stw": "Glass Fence",
	"block.mtr.glass_fence_tsh": "Glass Fence",
	"block.mtr.glass_fence_wks": "Glass Fence",
	"block.mtr.lift_buttons_1": "Lift / Elevator Buttons",
	"block.mtr.lift_door_1": "Lift / Elevator Doors",
	"block.mtr.lift_door_odd_1": "Lift / Elevator Doors",
	"block.mtr.lift_panel_even_1": "Lift / Elevator Display Panel",
	"block.mtr.lift_panel_even_2": "Lift / Elevator Display Panel",
	"block.mtr.lift_panel_odd_1": "Lift / Elevator Display Panel",
	"block.mtr.lift_panel_odd_2": "Lift / Elevator Display Panel",
	"block.mtr.lift_track_1": "Lift / Elevator Track",
	"block.mtr.lift_track_floor_1": "Lift / Elevator Floor Track",
	"block.mtr.logo": "MTR Logo",
	"block.mtr.marble_blue": "Blue Marble",
	"block.mtr.marble_blue_slab": "Blue Marble Slab",
	"block.mtr.marble_sandy": "Sandy Marble",
	"block.mtr.marble_sandy_slab": "Sandy Marble Slab",
	"block.mtr.metal": "Metal",
	"block.mtr.metal_slab": "Metal Slab",
	"block.mtr.pids_1": "Passenger Information Display System",
	"block.mtr.pids_2": "Passenger Information Display System",
	"block.mtr.pids_3": "Passenger Information Display System",
	"block.mtr.pids_pole": "PIDS Pole",
	"block.mtr.platform": "Platform (Hong Kong)",
	"block.mtr.platform_indented": "Platform (Hong Kong)",
	"block.mtr.platform_na_1": "Platform (North America)",
	"block.mtr.platform_na_1_indented": "Platform (North America)",
	"block.mtr.platform_na_2": "Platform (North America)",
	"block.mtr.platform_na_2_indented": "Platform (North America)",
	"block.mtr.platform_uk_1": "Platform (United Kingdom)",
	"block.mtr.platform_uk_1_indented": "Platform (United Kingdom)",
	"block.mtr.psd_door": "Platform Screen Doors",
	"block.mtr.psd_door_2": "Platform Screen Doors",
	"block.mtr.psd_glass": "Platform Screen Doors",
	"block.mtr.psd_glass_2": "Platform Screen Doors",
	"block.mtr.psd_glass_end": "Platform Screen Doors",
	"block.mtr.psd_glass_end_2": "Platform Screen Doors",
	"block.mtr.psd_top": "Platform Screen Doors",
	"block.mtr.rail": "Rail Node",
	"block.mtr.railway_sign": "Railway Sign",
	"block.mtr.railway_sign_pole": "Railway Sign Pole",
	"block.mtr.route_sign_standing_light": "Route Sign (Standing Light)",
	"block.mtr.route_sign_standing_metal": "Route Sign (Standing Metal)",
	"block.mtr.route_sign_wall_light": "Route Sign (Wall Light)",
	"block.mtr.route_sign_wall_metal": "Route Sign (Wall Metal)",
	"block.mtr.rubbish_bin_1": "Rubbish Bin",
	"block.mtr.signal_light_1": "Signal Light (2 Aspects)",
	"block.mtr.signal_light_2": "Signal Light (2 Aspects, Double-sided)",
	"block.mtr.signal_light_3": "Signal Light (2 Aspects)",
	"block.mtr.signal_light_3_aspect_1": "Signal Light (3 Aspects)",
	"block.mtr.signal_light_3_aspect_2": "Signal Light (3 Aspects, Double-sided)",
	"block.mtr.signal_light_4": "Signal Light (2 Aspects, Double-sided)",
	"block.mtr.signal_light_4_aspect_1": "Signal Light (4 Aspects)",
	"block.mtr.signal_light_4_aspect_2": "Signal Light (4 Aspects, Double-sided)",
	"block.mtr.signal_pole": "Signal Pole",
	"block.mtr.signal_semaphore_1": "Semaphore Signal",
	"block.mtr.signal_semaphore_2": "Semaphore Signal (Double-sided)",
	"block.mtr.station_name_entrance": "Station Name (Entrance)",
	"block.mtr.station_name_tall_block": "Station Name (Tall Block)",
	"block.mtr.station_name_tall_block_double_sided": "Station Name (Tall Block, Double-sided)",
	"block.mtr.station_name_tall_wall": "Station Name (Tall Wall Text)",
	"block.mtr.station_name_wall": "Station Name (Wall Text, White)",
	"block.mtr.station_name_wall_black": "Station Name (Wall Text, Black)",
	"block.mtr.station_name_wall_gray": "Station Name (Wall Text, Grey)",
	"block.mtr.station_pole": "Station Colour Pole",
	"block.mtr.tactile_map": "Tactile Map",
	"block.mtr.ticket_barrier_entrance_1": "Ticket Barrier (Entrance)",
	"block.mtr.ticket_barrier_exit_1": "Ticket Barrier (Exit)",
	"block.mtr.ticket_machine": "Ticket Machine",
	"block.mtr.ticket_processor": "Ticket Processor",
	"block.mtr.ticket_processor_enquiry": "Enquiry Processor",
	"block.mtr.ticket_processor_entrance": "Ticket Processor (Entrance)",
	"block.mtr.ticket_processor_exit": "Ticket Processor (Exit)",
	"block.mtr.train_announcer": "Announcer",
	"block.mtr.train_cargo_loader": "Cargo Loader",
	"block.mtr.train_cargo_unloader": "Cargo Unloader",
	"block.mtr.train_schedule_sensor": "Schedule Sensor",
	"block.mtr.train_sensor": "Redstone Sensor",
	"category.mtr.keybinding": "Minecraft Transit Railway Keybinding",
	"entity.mtr.seat": "",
	"gui.mtr.acceleration": "Vehicle Acceleration",
	"gui.mtr.add_balance_for_emeralds": "Add $%s for %s emerald(s)",
	"gui.mtr.add_depot": "Add Depot",
	"gui.mtr.add_exit": "Add Station Exit",
	"gui.mtr.add_exit_destination": "Add Exit Destination",
	"gui.mtr.add_route": "Add Route",
	"gui.mtr.add_station": "Add Station",
	"gui.mtr.add_value": "Add Value",
	"gui.mtr.already_entered": "Station already entered",
	"gui.mtr.already_exited": "No entry record found",
	"gui.mtr.announcement_message": "Announcement Message",
	"gui.mtr.anticlockwise_to": "Anticlockwise to %s",
	"gui.mtr.anticlockwise_to_cjk": "逆時針往%s",
	"gui.mtr.anticlockwise_via": "Anticlockwise via %s",
	"gui.mtr.anticlockwise_via_cjk": "逆時針經%s",
	"gui.mtr.arrival_car": "%s-car",
	"gui.mtr.arrival_car_cjk": "%s 卡",
	"gui.mtr.arrival_min": "%s min",
	"gui.mtr.arrival_min_cjk": "%s 分鐘",
	"gui.mtr.arrival_sec": "%s sec",
	"gui.mtr.arrival_sec_cjk": "%s 秒",
	"gui.mtr.automatically_detect_nearby_platform": "Automatically detect nearby platform",
	"gui.mtr.available": "Available",
	"gui.mtr.available_model_parts": "Available Model Parts",
	"gui.mtr.balance": "Balance: $%s",
	"gui.mtr.cable_car_invalid_orientation": "Invalid cable connection",
	"gui.mtr.cars_to_spawn": "Cars to Spawn: %s",
	"gui.mtr.clear_vehicles": "Clear Vehicles",
	"gui.mtr.clockwise_to": "Clockwise to %s",
	"gui.mtr.clockwise_to_cjk": "順時針往%s",
	"gui.mtr.clockwise_via": "Clockwise via %s",
	"gui.mtr.clockwise_via_cjk": "順時針經%s",
	"gui.mtr.color": "Colour",
	"gui.mtr.comma": ", ",
	"gui.mtr.comma_cjk": "、",
	"gui.mtr.comma_last": " and ",
	"gui.mtr.comma_last_cjk": "或",
	"gui.mtr.connecting_station_interchange_announcement_part": "the %1$s at %2$s station",
	"gui.mtr.connecting_station_interchange_announcement_part_cjk": "往%2$s站轉乘%1$s",
	"gui.mtr.connecting_station_part": "Passengers may change to %s.",
	"gui.mtr.connecting_station_part_cjk": "乘客可在該站%s。",
	"gui.mtr.cruising_altitude": "Cruising Altitude",
	"gui.mtr.custom_destination_suggestion": "Destination (\\r to Reset)",
	"gui.mtr.custom_resources_export_resource_pack": "Export Resource Pack",
	"gui.mtr.custom_resources_gangway_connection_id": "Gangway Connection ID",
	"gui.mtr.custom_resources_id": "ID",
	"gui.mtr.custom_resources_name": "Name",
	"gui.mtr.custom_resources_rider_offset": "Rider Offset: %s",
	"gui.mtr.custom_resources_train_barrier_id": "Train Barrier ID",
	"gui.mtr.delete_confirmation": "Are you sure you want to delete %s?",
	"gui.mtr.depot_color": "Depot Colour",
	"gui.mtr.depot_name": "Depot Name",
	"gui.mtr.depots": "Depots",
	"gui.mtr.disable_next_station_announcements": "Disable Next Station Announcements",
	"gui.mtr.dismount_hold": "Hold %s to force dismount: %s",
	"gui.mtr.display_page": "Page Number",
	"gui.mtr.door_animation_type_bouncy_1": "Doors: Bouncy (1)",
	"gui.mtr.door_animation_type_bouncy_2": "Doors: Bouncy (2)",
	"gui.mtr.door_animation_type_constant": "Doors: Constant",
	"gui.mtr.door_animation_type_mlr": "Doors: MLR",
	"gui.mtr.door_animation_type_plug_fast": "Doors: Fast Plug",
	"gui.mtr.door_animation_type_plug_slow": "Doors: Slow Plug",
	"gui.mtr.door_animation_type_r179": "Doors: R179",
	"gui.mtr.door_animation_type_r211": "Doors: R211",
	"gui.mtr.door_animation_type_standard": "Doors: Standard",
	"gui.mtr.door_animation_type_standard_slow": "Doors: Slow",
	"gui.mtr.drag_file_to_upload": "Drag File to Upload",
	"gui.mtr.dwell_time": "Vehicle Dwell Time",
	"gui.mtr.edit_area": "Click and drag to draw area.",
	"gui.mtr.edit_instructions": "Edit Instructions",
	"gui.mtr.edit_route": "Click on a platform to add it to the route.",
	"gui.mtr.editing_part": "Editing: %s",
	"gui.mtr.emeralds": "Emeralds: %s",
	"gui.mtr.enter_barrier": "Entered %s - Balance: $%s",
	"gui.mtr.exit_barrier": "Exited %s - Fare: $%s - Balance: $%s",
	"gui.mtr.exit_destinations": "Exit Destinations",
	"gui.mtr.exit_parents": "Station Exits",
	"gui.mtr.file_model": "Blockbench File",
	"gui.mtr.file_properties": "Properties File (Optional)",
	"gui.mtr.file_texture": "Texture File",
	"gui.mtr.file_upload": "Upload...",
	"gui.mtr.filtered_platforms": "Filtered Platforms (%s)",
	"gui.mtr.filtered_routes": "Filtered Routes (%s)",
	"gui.mtr.filtered_routes_condition": "Only vehicles running on the following routes will activate this block",
	"gui.mtr.filtered_routes_empty": "All vehicles will activate this block",
	"gui.mtr.game_time": "Game Time",
	"gui.mtr.generate_map": "Generate route map",
	"gui.mtr.generating_path": "Generating Path",
	"gui.mtr.hide_arrival": "Hide Arrival",
	"gui.mtr.insufficient_balance": "Insufficient balance ($%s)",
	"gui.mtr.interchange_announcement": "Interchange station for the %s.",
	"gui.mtr.interchange_announcement_cjk": "乘客可以轉乘%s。",
	"gui.mtr.invalid_orientation": "Could not connect rail; invalid orientation",
	"gui.mtr.is_anticlockwise_route": "Is Anticlockwise Circular Route",
	"gui.mtr.is_clockwise_route": "Is Clockwise Circular Route",
	"gui.mtr.is_light_rail_route": "Has Route Number",
	"gui.mtr.is_manual": "Drivable Vehicle",
	"gui.mtr.is_route_hidden": "Hide Route",
	"gui.mtr.last_airplane_station": "This flight is going to %s",
	"gui.mtr.last_airplane_station_cjk": "本航班往%s",
	"gui.mtr.last_boat_station": "This vessel is going to %s",
	"gui.mtr.last_boat_station_cjk": "本渡輪往%s",
	"gui.mtr.last_cable_car_station": "This cable car is going to %s",
	"gui.mtr.last_cable_car_station_cjk": "本纜車往%s",
	"gui.mtr.last_train_station": "This train is going to %s",
	"gui.mtr.last_train_station_cjk": "本列車往%s",
	"gui.mtr.left": "Left",
	"gui.mtr.lift_buttons_locked": "Buttons Locked",
	"gui.mtr.lift_buttons_unlocked": "Buttons Unlocked",
	"gui.mtr.lift_floor_description": "Description",
	"gui.mtr.lift_floor_number": "Floor Number",
	"gui.mtr.lift_is_double_sided": "Double-sided",
	"gui.mtr.lift_should_ding": "Play \"Ding\" Sound",
	"gui.mtr.lift_style": "Style: %s",
	"gui.mtr.lift_style_opaque": "Opaque",
	"gui.mtr.lift_style_transparent": "Transparent",
	"gui.mtr.lift_track_required": "Lift / Elevator Tracks Required",
	"gui.mtr.light_rail_route_announcement": "This is route %s to %s.",
	"gui.mtr.light_rail_route_announcement_cjk": "本班為%s綫列車前往%s。",
	"gui.mtr.light_rail_route_number": "Route Number",
	"gui.mtr.london_train_interchange_announcement": "Change here for %s.",
	"gui.mtr.london_train_interchange_announcement_cjk": "乘客可在該站轉乘%s。",
	"gui.mtr.london_train_next_station_announcement": "The next station is %s.",
	"gui.mtr.london_train_next_station_announcement_cjk": "下一站是%s。",
	"gui.mtr.london_train_route_announcement": "This is a %s train terminating at %s.",
	"gui.mtr.london_train_route_announcement_cjk": "本班為%s列車前往%s。",
	"gui.mtr.london_train_terminating_announcement": "This train terminates here.",
	"gui.mtr.london_train_terminating_announcement_cjk": "列車以本站為終點站。",
	"gui.mtr.london_train_this_station_announcement": "This station is %s.",
	"gui.mtr.london_train_this_station_announcement_cjk": "本站是%s。",
	"gui.mtr.manual_to_automatic_time": "Drivable Timeout",
	"gui.mtr.max_manual_speed": "Maximum Drive Speed",
	"gui.mtr.max_vehicles": "Maximum Vehicles for Siding",
	"gui.mtr.mismatched_versions": "Please update the Minecraft Transit Railway mod and try again.",
	"gui.mtr.mismatched_versions_server_version": "Server Version: %s",
	"gui.mtr.mismatched_versions_your_version": "Your Version: %s",
	"gui.mtr.moving_only": "Moving Vehicles Only",
	"gui.mtr.mtr_options": "Minecraft Transit Railway Options",
	"gui.mtr.name": "Name",
	"gui.mtr.next_departure": "Estimated next departure: %s",
	"gui.mtr.next_departure_none": "No scheduled departures",
	"gui.mtr.next_route_airplane_announcement": "This flight will be changed to the %s to %s.",
	"gui.mtr.next_route_airplane_announcement_cjk": "本航班會改為%s前往%s。",
	"gui.mtr.next_route_boat_announcement": "This vessel will be changed to the %s to %s.",
	"gui.mtr.next_route_boat_announcement_cjk": "本渡輪會改為%s前往%s。",
	"gui.mtr.next_route_boat_light_rail_announcement": "This route will be changed to route %s. Passengers to %s, please take this vessel.",
	"gui.mtr.next_route_boat_light_rail_announcement_cjk": "本渡輪會改為%s路綫。前往%s沿途各站之乘客，可乘本渡輪。",
	"gui.mtr.next_route_cable_car_announcement": "This cable car will be changed to the %s to %s.",
	"gui.mtr.next_route_cable_car_announcement_cjk": "本纜車會改為%s前往%s。",
	"gui.mtr.next_route_train_announcement": "This train will be changed to the %s to %s.",
	"gui.mtr.next_route_train_announcement_cjk": "本班車會改為%s前往%s。",
	"gui.mtr.next_route_train_light_rail_announcement": "This route will be changed to route %s. Passengers to %s, please take this train.",
	"gui.mtr.next_route_train_light_rail_announcement_cjk": "本班車會改為%s路綫。前往%s沿途各站之乘客，可乘本列車。",
	"gui.mtr.next_station": "The next station is %s",
	"gui.mtr.next_station_announcement": "Next station: %s.",
	"gui.mtr.next_station_announcement_cjk": "下一站：%s。",
	"gui.mtr.next_station_cjk": "下一站是%s",
	"gui.mtr.next_station_light_rail_announcement": "Next stop: %s.",
	"gui.mtr.next_station_light_rail_announcement_cjk": "下一站：%s。",
	"gui.mtr.no_lift_tracks_floor_found": "No Lift / Elevator Floor Tracks Found",
	"gui.mtr.offset_x": "Offset X: %s",
	"gui.mtr.offset_y": "Offset Y: %s",
	"gui.mtr.offset_z": "Offset Z: %s",
	"gui.mtr.part_blacklisted_cars": "Blacklisted Cars",
	"gui.mtr.part_display_cjk_size_ratio": "CJK Size: %s",
	"gui.mtr.part_display_force_single_line": "Force Single Line",
	"gui.mtr.part_display_force_upper_case": "Force Upper Case",
	"gui.mtr.part_display_should_scroll": "Scrolling Text",
	"gui.mtr.part_display_text_color": "Colour",
	"gui.mtr.part_display_text_color_cjk": "CJK/Non-CJK Colour",
	"gui.mtr.part_display_type_destination": "Type: Destination",
	"gui.mtr.part_display_type_next_station_kcr": "Type: Next Station (KCR)",
	"gui.mtr.part_display_type_next_station_mtr": "Type: Next Station (MTR)",
	"gui.mtr.part_display_type_next_station_plain": "Type: Next Station",
	"gui.mtr.part_display_type_next_station_uk": "Type: Next Station (UK)",
	"gui.mtr.part_display_type_route_number": "Type: Route Number",
	"gui.mtr.part_display_x_padding": "X Padding: %s",
	"gui.mtr.part_display_y_padding": "Y Padding: %s",
	"gui.mtr.part_door_offset_left_negative": "Door Offset: -Left",
	"gui.mtr.part_door_offset_left_positive": "Door Offset: +Left",
	"gui.mtr.part_door_offset_none": "Door Offset: None",
	"gui.mtr.part_door_offset_right_negative": "Door Offset: -Right",
	"gui.mtr.part_door_offset_right_positive": "Door Offset: +Right",
	"gui.mtr.part_is_display": "Is Display",
	"gui.mtr.part_mirror": "Mirrored",
	"gui.mtr.part_positions": "Positions",
	"gui.mtr.part_render_condition_all": "Render: Always",
	"gui.mtr.part_render_condition_door_left_closed": "Render: Left Doors Closed",
	"gui.mtr.part_render_condition_door_left_open": "Render: Left Doors Open",
	"gui.mtr.part_render_condition_door_right_closed": "Render: Right Doors Closed",
	"gui.mtr.part_render_condition_door_right_open": "Render: Right Doors Open",
	"gui.mtr.part_render_condition_doors_closed": "Render: Doors Closed",
	"gui.mtr.part_render_condition_doors_open": "Render: Doors Open",
	"gui.mtr.part_render_condition_moving_backwards": "Render: Moving Backwards",
	"gui.mtr.part_render_condition_moving_forwards": "Render: Moving Forwards",
	"gui.mtr.part_skip_rendering_if_too_far": "Hide If Far",
	"gui.mtr.part_stage_always_on_lights": "Lights (Always On)",
	"gui.mtr.part_stage_exterior": "Exterior",
	"gui.mtr.part_stage_interior": "Interior",
	"gui.mtr.part_stage_interior_translucent": "Interior (Translucent)",
	"gui.mtr.part_stage_lights": "Lights",
	"gui.mtr.part_whitelisted_cars": "Whitelisted Cars",
	"gui.mtr.path_found": "Path created successfully",
	"gui.mtr.path_not_found_between": "Path not found on|> %s|between|> %s|and|> %s|",
	"gui.mtr.path_not_generated": "Path not generated",
	"gui.mtr.percentage_complete_bridge": "Building Bridge (%s%%)",
	"gui.mtr.percentage_complete_tunnel": "Building Tunnel (%s%%)",
	"gui.mtr.percentage_complete_tunnel_wall": "Building Tunnel Wall (%s%%)",
	"gui.mtr.pids_message": "Custom PIDS Message",
	"gui.mtr.platform": "Platform %s",
	"gui.mtr.platform_number": "Platform Number",
	"gui.mtr.platform_or_siding_exists": "Each rail node can only be connected to one platform or siding",
	"gui.mtr.press_to_select_floor": "Press %s to select floor",
	"gui.mtr.psd_apg_door_locked": "Door Locked",
	"gui.mtr.psd_apg_door_unlocked": "Door Unlocked",
	"gui.mtr.radius_too_small": "Could not connect rail; radius must be at least 2",
	"gui.mtr.rail_action_bridge": "Bridge by %s (%s blocks long, %s)",
	"gui.mtr.rail_action_tunnel": "Tunnel by %s (%s blocks long)",
	"gui.mtr.rail_action_tunnel_wall": "Tunnel Wall by %s (%s blocks long, %s)",
	"gui.mtr.rail_actions": "Current Build Operations",
	"gui.mtr.rail_actions_button": "Operations...",
	"gui.mtr.rail_not_found": "Could not create signal; rail not found",
	"gui.mtr.rail_not_found_action": "Could not perform action; rail not found",
	"gui.mtr.refresh_path": "Refresh Path",
	"gui.mtr.repeat_indefinitely": "Repeat Instructions Forever",
	"gui.mtr.reset_sign": "Reset",
	"gui.mtr.right": "Right",
	"gui.mtr.rotate_anticlockwise": "Rotate Anticlockwise",
	"gui.mtr.rotate_clockwise": "Rotate Clockwise",
	"gui.mtr.route_color": "Route Colour",
	"gui.mtr.route_name": "Route Name",
	"gui.mtr.route_type_boat_high_speed": "Type: Fast Ferry",
	"gui.mtr.route_type_boat_light_rail": "Type: Cruise",
	"gui.mtr.route_type_boat_normal": "Type: Ferry",
	"gui.mtr.route_type_train_high_speed": "Type: High Speed",
	"gui.mtr.route_type_train_light_rail": "Type: Light Rail",
	"gui.mtr.route_type_train_normal": "Type: Normal",
	"gui.mtr.routes": "Routes",
	"gui.mtr.s": "s",
	"gui.mtr.schedule_mode_real_time_off": "Schedule: Minecraft Time",
	"gui.mtr.schedule_mode_real_time_on": "Schedule: Real Time",
	"gui.mtr.search": "Search",
	"gui.mtr.select_all_platforms": "Show arrivals from all platforms",
	"gui.mtr.selected": "Selected",
	"gui.mtr.selected_vehicle": "Selected Vehicle",
	"gui.mtr.separator": "/",
	"gui.mtr.separator_cjk": "/",
	"gui.mtr.settings": "Settings",
	"gui.mtr.siding_number": "Siding Number",
	"gui.mtr.sidings_in_depot": "Sidings in this depot: %s",
	"gui.mtr.sound_file": "Sound File",
	"gui.mtr.station": "%s Station",
	"gui.mtr.station_cjk": "%s站",
	"gui.mtr.station_color": "Station Colour",
	"gui.mtr.station_name": "Station Name",
	"gui.mtr.stations": "Stations",
	"gui.mtr.stopped_only": "Stopped Vehicles Only",
	"gui.mtr.support": "Support",
	"gui.mtr.this_station": "This station is %s",
	"gui.mtr.this_station_cjk": "本站是%s",
	"gui.mtr.to": "to %s",
	"gui.mtr.to_cjk": "往%s",
	"gui.mtr.tph": "/hr",
	"gui.mtr.train_schedule_sensor": "Arrival Offset (Seconds)",
	"gui.mtr.transport_mode_airplane": "Type: Airplane",
	"gui.mtr.transport_mode_boat": "Type: Boat",
	"gui.mtr.transport_mode_cable_car": "Type: Cable Car",
	"gui.mtr.transport_mode_train": "Type: Train",
	"gui.mtr.unlimited": "Unlimited",
	"gui.mtr.unlimited_vehicles": "Unlimited Vehicles",
	"gui.mtr.untitled": "Untitled",
	"gui.mtr.use_time_and_wind_sync": "Automatically sync time using the Time & Wind mod",
	"gui.mtr.used_model_parts": "Used Model Parts",
	"gui.mtr.vehicle_brightness": "Brightness: %s%%",
	"gui.mtr.vehicle_cars": "Cars: %s",
	"gui.mtr.vehicle_direction_backwards": "Direction: Backwards",
	"gui.mtr.vehicle_direction_forwards": "Direction: Forwards",
	"gui.mtr.vehicle_door_max": "Door: %s",
	"gui.mtr.vehicle_length": "Length: %s",
	"gui.mtr.vehicle_speed": "Speed: %s m/s (%s km/h)",
	"gui.mtr.vehicle_width": "Width: %s",
	"gui.mtr.vehicles_per_hour": "Vehicles Per Hour",
	"gui.mtr.welcome_station": "Welcome to %s Station.",
	"gui.mtr.welcome_station_cjk": "歡迎光臨%s站。",
	"gui.mtr.zone": "Fare Zone",
	"gui.mtr.zone_number": "Zone %s",
	"item.mtr.apg_door": "Automatic Platform Gates",
	"item.mtr.apg_glass": "Automatic Platform Gates",
	"item.mtr.apg_glass_end": "Automatic Platform Gates",
	"item.mtr.bridge_creator_3": "Bridge Creator",
	"item.mtr.bridge_creator_5": "Bridge Creator",
	"item.mtr.bridge_creator_7": "Bridge Creator",
	"item.mtr.bridge_creator_9": "Bridge Creator",
	"item.mtr.brush": "Brush",
	"item.mtr.dashboard": "Railway Dashboard",
	"item.mtr.dashboard_2": "Boat Dashboard",
	"item.mtr.dashboard_3": "Cable Car Dashboard",
	"item.mtr.dashboard_4": "Flight Dashboard",
	"item.mtr.driver_key": "Driver Key",
	"item.mtr.escalator": "Escalator",
	"item.mtr.lift_buttons_link_connector": "Lift / Elevator Buttons Link Connector",
	"item.mtr.lift_buttons_link_remover": "Lift / Elevator Buttons Link Remover",
	"item.mtr.lift_door_1": "Lift / Elevator Doors",
	"item.mtr.lift_door_odd_1": "Lift / Elevator Doors",
	"item.mtr.lift_refresher": "Lift / Elevator Refresher",
	"item.mtr.psd_door": "Platform Screen Doors",
	"item.mtr.psd_door_2": "Platform Screen Doors",
	"item.mtr.psd_glass": "Platform Screen Doors",
	"item.mtr.psd_glass_2": "Platform Screen Doors",
	"item.mtr.psd_glass_end": "Platform Screen Doors",
	"item.mtr.psd_glass_end_2": "Platform Screen Doors",
	"item.mtr.rail_connector_120": "Obsidian Rail Connector",
	"item.mtr.rail_connector_120_one_way": "Obsidian Rail Connector (One-way)",
	"item.mtr.rail_connector_160": "Blaze Rail Connector",
	"item.mtr.rail_connector_160_one_way": "Blaze Rail Connector (One-way)",
	"item.mtr.rail_connector_20": "Wooden Rail Connector",
	"item.mtr.rail_connector_200": "Quartz Rail Connector",
	"item.mtr.rail_connector_200_one_way": "Quartz Rail Connector (One-way)",
	"item.mtr.rail_connector_20_one_way": "Wooden Rail Connector (One-way)",
	"item.mtr.rail_connector_300": "Diamond Rail Connector",
	"item.mtr.rail_connector_300_one_way": "Diamond Rail Connector (One-way)",
	"item.mtr.rail_connector_40": "Stone Rail Connector",
	"item.mtr.rail_connector_40_one_way": "Stone Rail Connector (One-way)",
	"item.mtr.rail_connector_60": "Emerald Rail Connector",
	"item.mtr.rail_connector_60_one_way": "Emerald Rail Connector (One-way)",
	"item.mtr.rail_connector_80": "Iron Rail Connector",
	"item.mtr.rail_connector_80_one_way": "Iron Rail Connector (One-way)",
	"item.mtr.rail_connector_cable_car": "Cable Car Connector",
	"item.mtr.rail_connector_platform": "Platform Rail Connector",
	"item.mtr.rail_connector_runway": "Runway Rail Connector",
	"item.mtr.rail_connector_siding": "Siding Rail Connector",
	"item.mtr.rail_connector_turn_back": "Turn Back Rail Connector",
	"item.mtr.rail_remover": "Rail Remover",
	"item.mtr.resource_pack_creator": "Resource Pack Creator",
	"item.mtr.signal_connector_black": "Black Signal Connector",
	"item.mtr.signal_connector_blue": "Blue Signal Connector",
	"item.mtr.signal_connector_brown": "Brown Signal Connector",
	"item.mtr.signal_connector_cyan": "Cyan Signal Connector",
	"item.mtr.signal_connector_gray": "Gray Signal Connector",
	"item.mtr.signal_connector_green": "Green Signal Connector",
	"item.mtr.signal_connector_light_blue": "Light Blue Signal Connector",
	"item.mtr.signal_connector_light_gray": "Light Grey Signal Connector",
	"item.mtr.signal_connector_lime": "Lime Signal Connector",
	"item.mtr.signal_connector_magenta": "Magenta Signal Connector",
	"item.mtr.signal_connector_orange": "Orange Signal Connector",
	"item.mtr.signal_connector_pink": "Pink Signal Connector",
	"item.mtr.signal_connector_purple": "Purple Signal Connector",
	"item.mtr.signal_connector_red": "Red Signal Connector",
	"item.mtr.signal_connector_white": "White Signal Connector",
	"item.mtr.signal_connector_yellow": "Yellow Signal Connector",
	"item.mtr.signal_remover_black": "Black Signal Remover",
	"item.mtr.signal_remover_blue": "Blue Signal Remover",
	"item.mtr.signal_remover_brown": "Brown Signal Remover",
	"item.mtr.signal_remover_cyan": "Cyan Signal Remover",
	"item.mtr.signal_remover_gray": "Grey Signal Remover",
	"item.mtr.signal_remover_green": "Green Signal Remover",
	"item.mtr.signal_remover_light_blue": "Light Blue Signal Remover",
	"item.mtr.signal_remover_light_gray": "Light Gray Signal Remover",
	"item.mtr.signal_remover_lime": "Lime Signal Remover",
	"item.mtr.signal_remover_magenta": "Magenta Signal Remover",
	"item.mtr.signal_remover_orange": "Orange Signal Remover",
	"item.mtr.signal_remover_pink": "Pink Signal Remover",
	"item.mtr.signal_remover_purple": "Purple Signal Remover",
	"item.mtr.signal_remover_red": "Red Signal Remover",
	"item.mtr.signal_remover_white": "White Signal Remover",
	"item.mtr.signal_remover_yellow": "Yellow Signal Remover",
	"item.mtr.tunnel_creator_4_3": "Tunnel Creator",
	"item.mtr.tunnel_creator_4_5": "Tunnel Creator",
	"item.mtr.tunnel_creator_4_7": "Tunnel Creator",
	"item.mtr.tunnel_creator_4_9": "Tunnel Creator",
	"item.mtr.tunnel_creator_5_3": "Tunnel Creator",
	"item.mtr.tunnel_creator_5_5": "Tunnel Creator",
	"item.mtr.tunnel_creator_5_7": "Tunnel Creator",
	"item.mtr.tunnel_creator_5_9": "Tunnel Creator",
	"item.mtr.tunnel_creator_6_3": "Tunnel Creator",
	"item.mtr.tunnel_creator_6_5": "Tunnel Creator",
	"item.mtr.tunnel_creator_6_7": "Tunnel Creator",
	"item.mtr.tunnel_creator_6_9": "Tunnel Creator",
	"item.mtr.tunnel_wall_creator_4_3": "Tunnel Wall Creator",
	"item.mtr.tunnel_wall_creator_4_5": "Tunnel Wall Creator",
	"item.mtr.tunnel_wall_creator_4_7": "Tunnel Wall Creator",
	"item.mtr.tunnel_wall_creator_4_9": "Tunnel Wall Creator",
	"item.mtr.tunnel_wall_creator_5_3": "Tunnel Wall Creator",
	"item.mtr.tunnel_wall_creator_5_5": "Tunnel Wall Creator",
	"item.mtr.tunnel_wall_creator_5_7": "Tunnel Wall Creator",
	"item.mtr.tunnel_wall_creator_5_9": "Tunnel Wall Creator",
	"item.mtr.tunnel_wall_creator_6_3": "Tunnel Wall Creator",
	"item.mtr.tunnel_wall_creator_6_5": "Tunnel Wall Creator",
	"item.mtr.tunnel_wall_creator_6_7": "Tunnel Wall Creator",
	"item.mtr.tunnel_wall_creator_6_9": "Tunnel Wall Creator",
	"itemGroup.mtr.core": "Minecraft Transit Railway Core",
	"itemGroup.mtr.escalators_lifts": "Escalators and Lifts / Elevators",
	"itemGroup.mtr.railway_facilities": "Railway Facilities",
	"itemGroup.mtr.station_building_blocks": "Station Building Blocks",
	"key.mtr.debug_1_negative": "Debug Field 1 (Subtract)",
	"key.mtr.debug_1_positive": "Debug Field 1 (Add)",
	"key.mtr.debug_2_negative": "Debug Field 2 (Subtract)",
	"key.mtr.debug_2_positive": "Debug Field 2 (Add)",
	"key.mtr.debug_3_negative": "Debug Field 3 (Subtract)",
	"key.mtr.debug_3_positive": "Debug Field 3 (Add)",
	"key.mtr.debug_cycle_negative": "Cycle Debug Category (Backwards)",
	"key.mtr.debug_cycle_positive": "Cycle Debug Category (Forwards)",
	"key.mtr.lift_menu": "Open Lift / Elevator Floor Selection",
	"key.mtr.train_accelerate": "Accelerate Vehicle",
	"key.mtr.train_brake": "Brake Vehicle",
	"key.mtr.train_toggle_doors": "Toggle Doors",
	"options.mtr.anonymous": "Anonymous",
	"options.mtr.dynamic_texture_resolution": "Dynamic texture resolution (higher values might crash!)",
	"options.mtr.hide_special_rail_colors": "Hide special rail colours",
	"options.mtr.hide_translucent_parts": "Hide translucent parts on vehicles",
	"options.mtr.language_options": "Language display on signs",
	"options.mtr.language_options_0": "Default",
	"options.mtr.language_options_1": "CJK Only",
	"options.mtr.language_options_2": "Non-CJK",
	"options.mtr.off": "Off",
	"options.mtr.on": "On",
	"options.mtr.shift_to_toggle_sitting": "Use %s to toggle sitting inside vehicles",
	"options.mtr.show_announcement_messages": "Show \"next station\" messages in chat",
	"options.mtr.support_patreon": "Support the mod on Patreon!",
	"options.mtr.track_texture_offset": "Track Texture Offset",
	"options.mtr.use_dynamic_fps": "Dynamically boost FPS",
	"options.mtr.use_mtr_font": "Use custom MTR fonts (might not work on some computers)",
	"options.mtr.use_tts_announcements": "Enable \"next station\" text-to-speech announcements",
	"options.mtr.vehicle_render_distance_ratio": "Vehicle rendering to Minecraft render distance ratio",
	"sign.mtr.airport": "Airport",
	"sign.mtr.airport_arrivals": "Arrivals",
	"sign.mtr.airport_arrivals_cjk": "抵港",
	"sign.mtr.airport_cjk": "機場",
	"sign.mtr.airport_departures": "Departures",
	"sign.mtr.airport_departures_cjk": "離港",
	"sign.mtr.airport_express": "Trains to Airport",
	"sign.mtr.airport_express_city": "Trains to City",
	"sign.mtr.airport_express_city_cjk": "往市區列車",
	"sign.mtr.airport_express_cjk": "往機場列車",
	"sign.mtr.airport_transfer": "Transfer",
	"sign.mtr.airport_transfer_cjk": "轉機",
	"sign.mtr.baggage_claim": "Baggage Claim",
	"sign.mtr.baggage_claim_cjk": "提取行李",
	"sign.mtr.boat": "Ferries",
	"sign.mtr.boat_cjk": "渡輪",
	"sign.mtr.cable_car": "Cable Cars",
	"sign.mtr.cable_car_cjk": "纜車",
	"sign.mtr.check_in_passengers": "Check-in Passengers",
	"sign.mtr.check_in_passengers_cjk": "登機乘客",
	"sign.mtr.cross": "No Entry",
	"sign.mtr.cross_cjk": "不准進入",
	"sign.mtr.customer_service_centre": "Customer Service Centre",
	"sign.mtr.customer_service_centre_cjk": "客務中心",
	"sign.mtr.emergency_exit": "Emergency Exit",
	"sign.mtr.emergency_exit_cjk": "緊急出口",
	"sign.mtr.escalator_to_concourse_down": "To Concourse Only",
	"sign.mtr.escalator_to_concourse_down_cjk": "直落大堂",
	"sign.mtr.escalator_to_concourse_up": "To Concourse Only",
	"sign.mtr.escalator_to_concourse_up_cjk": "直上大堂",
	"sign.mtr.female": "Female Toilet",
	"sign.mtr.female_cjk": "女洗手間",
	"sign.mtr.in_town_check_in": "In-town Check-in",
	"sign.mtr.in_town_check_in_cjk": "市區預辦登機",
	"sign.mtr.lift_1": "Lift",
	"sign.mtr.lift_1_cjk": "升降機",
	"sign.mtr.lift_2": "Lift",
	"sign.mtr.lift_2_cjk": "升降機",
	"sign.mtr.light_rail_1": "Light Rail",
	"sign.mtr.light_rail_1_cjk": "輕鐵",
	"sign.mtr.light_rail_2": "Light Rail",
	"sign.mtr.light_rail_2_cjk": "輕鐵",
	"sign.mtr.light_rail_3": "Light Rail",
	"sign.mtr.light_rail_3_cjk": "輕鐵",
	"sign.mtr.light_rail_4": "Light Rail",
	"sign.mtr.light_rail_4_cjk": "輕鐵",
	"sign.mtr.logo": "Minecraft Transit Railway",
	"sign.mtr.logo_cjk": "我的世界鐵路",
	"sign.mtr.male": "Male Toilet",
	"sign.mtr.male_cjk": "男洗手間",
	"sign.mtr.platform": "Platform",
	"sign.mtr.platform_cjk": "月台",
	"sign.mtr.sp1900": "Trains",
	"sign.mtr.sp1900_cjk": "列車",
	"sign.mtr.station": "Station",
	"sign.mtr.station_cjk": "車站",
	"sign.mtr.tickets": "Tickets",
	"sign.mtr.tickets_cjk": "車票",
	"sign.mtr.toilets": "Toilets",
	"sign.mtr.toilets_cjk": "洗手間",
	"sign.mtr.train": "Trains",
	"sign.mtr.train_cjk": "列車",
	"sign.mtr.train_old": "Trains",
	"sign.mtr.train_old_cjk": "列車",
	"sign.mtr.wheelchair": "Toilets",
	"sign.mtr.wheelchair_cjk": "洗手間",
	"sign.mtr.wifi": "Free Wi-Fi Hotspot",
	"sign.mtr.wifi_cjk": "免費Wi-Fi熱點",
	"sign.mtr.xrl_1": "High Speed Rail",
	"sign.mtr.xrl_1_cjk": "高速鐵路",
	"sign.mtr.xrl_2": "High Speed Rail",
	"sign.mtr.xrl_2_cjk": "高速鐵路",
	"sign.mtr.yellow_head_1": "Trains",
	"sign.mtr.yellow_head_1_cjk": "火車",
	"sign.mtr.yellow_head_2": "Trains",
	"sign.mtr.yellow_head_2_cjk": "火車",
	"tooltip.block.mtr.glass_fence_cio": "City One",
	"tooltip.block.mtr.glass_fence_ckt": "Che Kung Temple",
	"tooltip.block.mtr.glass_fence_heo": "Heng On",
	"tooltip.block.mtr.glass_fence_mos": "Ma On Shan",
	"tooltip.block.mtr.glass_fence_plain": "Glass Pane",
	"tooltip.block.mtr.glass_fence_shm": "Shek Mun",
	"tooltip.block.mtr.glass_fence_stained": "Stained Glass Pane",
	"tooltip.block.mtr.glass_fence_stw": "Sha Tin Wai",
	"tooltip.block.mtr.glass_fence_tsh": "Tai Shui Hang",
	"tooltip.block.mtr.glass_fence_wks": "Wu Kai Sha",
	"tooltip.mtr.cable_car_node": "No platform and sidings\nStraight connections only",
	"tooltip.mtr.cable_car_node_station": "Platforms and sidings may be created\nCurves may be created",
	"tooltip.mtr.pole_placement": "Must be placed on top of an existing\n%s",
	"tooltip.mtr.psd_apg_door": "Door Section",
	"tooltip.mtr.psd_apg_door_2": "Door Section",
	"tooltip.mtr.psd_apg_glass": "Glass Section",
	"tooltip.mtr.psd_apg_glass_2": "Glass Section",
	"tooltip.mtr.psd_apg_glass_end": "Glass End Section",
	"tooltip.mtr.rail_action_depth": "Depth: %s",
	"tooltip.mtr.rail_action_height": "Height: %s",
	"tooltip.mtr.rail_action_width": "Width: %s",
	"tooltip.mtr.rail_speed_limit": "Speed Limit: %s",
	"tooltip.mtr.railway_sign_even": "Orientation: Even",
	"tooltip.mtr.railway_sign_length": "Length: %s",
	"tooltip.mtr.railway_sign_odd": "Orientation: Odd",
	"tooltip.mtr.selected_block": "Selected Block: %s",
	"tooltip.mtr.selected_material": "Selected Material: %s",
	"tooltip.mtr.shift_right_click_to_clear": "Hold %s and use on|a %s to reset",
	"tooltip.mtr.shift_right_click_to_select_material": "Hold %s and use on|a block to select material",
	"tooltip.mtr.station_color": "Colour depends on the station",
	"tooltip.mtr.station_color_name": "Colour and text depend on the station",
	"train.mtr.a320": "Airbus A320",
	"train.mtr.a_train_ael": "CAF Airport Express",
	"train.mtr.a_train_ael_mini": "CAF Airport Express (Mini)",
	"train.mtr.a_train_tcl": "CAF Tung Chung Line",
	"train.mtr.a_train_tcl_mini": "CAF Tung Chung Line (Mini)",
	"train.mtr.a_train_tcl_small": "CAF Tung Chung Line (Small)",
	"train.mtr.acacia_boat": "Acacia Boat",
	"train.mtr.birch_boat": "Birch Boat",
	"train.mtr.br_423": "DB BR 423",
	"train.mtr.c1141a": "1141A / TML C-Train",
	"train.mtr.c1141a_mini": "1141A / TML C-Train (Mini)",
	"train.mtr.c1141a_small": "1141A / TML C-Train (Small)",
	"train.mtr.c_train": "C-Train",
	"train.mtr.c_train_mini": "C-Train (Mini)",
	"train.mtr.c_train_small": "C-Train (Small)",
	"train.mtr.class_377_southern": "British Rail Class 377 (Southern)",
	"train.mtr.class_802_gwr": "British Rail Class 802 (GWR)",
	"train.mtr.class_802_gwr_mini": "British Rail Class 802 (GWR, Mini)",
	"train.mtr.class_802_tpe": "British Rail Class 802 (TPE)",
	"train.mtr.class_802_tpe_mini": "British Rail Class 802 (TPE, Mini)",
	"train.mtr.cm_stock": "Metro-Cammell Train (Unrefurbished M-Train)",
	"train.mtr.cm_stock_mini": "Metro-Cammell Train (Unrefurbished M-Train, Mini)",
	"train.mtr.cm_stock_small": "Metro-Cammell Train (Unrefurbished M-Train, Small)",
	"train.mtr.dark_oak_boat": "Dark Oak Boat",
	"train.mtr.drl": "Disneyland Resort Line Train",
	"train.mtr.e44": "KCR E44 (Yellow Head)",
	"train.mtr.e44_mini": "KCR E44 (Yellow Head, Mini)",
	"train.mtr.flying_minecart": "Flying Minecart",
	"train.mtr.jungle_boat": "Jungle Boat",
	"train.mtr.k_train": "K-Train",
	"train.mtr.k_train_ael": "K-Train Airport Express",
	"train.mtr.k_train_ael_mini": "K-Train Airport Express (Mini)",
	"train.mtr.k_train_ael_small": "K-Train Airport Express (Small)",
	"train.mtr.k_train_mini": "K-Train (Mini)",
	"train.mtr.k_train_small": "K-Train (Small)",
	"train.mtr.k_train_tcl": "K-Train Tung Chung Line",
	"train.mtr.k_train_tcl_mini": "K-Train Tung Chung Line (Mini)",
	"train.mtr.k_train_tcl_small": "K-Train Tung Chung Line (Small)",
	"train.mtr.light_rail_1": "Light Rail (Phase 1, LHT)",
	"train.mtr.light_rail_1_orange": "Light Rail (Phase 1, Orange Livery, LHT)",
	"train.mtr.light_rail_1_orange_rht": "Light Rail (Phase 1, Orange Livery, RHT)",
	"train.mtr.light_rail_1_rht": "Light Rail (Phase 1, RHT)",
	"train.mtr.light_rail_1r": "Light Rail (Phase 1 Refurbished, LHT)",
	"train.mtr.light_rail_1r_old": "Light Rail (Phase 1 Refurbished, Blue Livery, LHT)",
	"train.mtr.light_rail_1r_old_rht": "Light Rail (Phase 1 Refurbished, Blue Livery, RHT)",
	"train.mtr.light_rail_1r_orange": "Light Rail (Phase 1 Refurbished, Orange Livery, LHT)",
	"train.mtr.light_rail_1r_orange_rht": "Light Rail (Phase 1 Refurbished, Orange Livery, RHT)",
	"train.mtr.light_rail_1r_rht": "Light Rail (Phase 1 Refurbished, RHT)",
	"train.mtr.light_rail_2": "Light Rail (Phase 2, LHT)",
	"train.mtr.light_rail_2r": "Light Rail (Phase 2 Refurbished, LHT)",
	"train.mtr.light_rail_2r_rht": "Light Rail (Phase 2 Refurbished, RHT)",
	"train.mtr.light_rail_2_orange": "Light Rail (Phase 2, Orange Livery, LHT)",
	"train.mtr.light_rail_2_orange_rht": "Light Rail (Phase 2, Orange Livery, RHT)",
	"train.mtr.light_rail_2_rht": "Light Rail (Phase 2, RHT)",
	"train.mtr.light_rail_3": "Light Rail (Phase 3, LHT)",
	"train.mtr.light_rail_3r": "Light Rail (Phase 3 Refurbished, LHT)",
	"train.mtr.light_rail_3r_rht": "Light Rail (Phase 3 Refurbished, RHT)",
	"train.mtr.light_rail_3_orange": "Light Rail (Phase 3, Orange Livery, LHT)",
	"train.mtr.light_rail_3_orange_rht": "Light Rail (Phase 3, Orange Livery, RHT)",
	"train.mtr.light_rail_3_rht": "Light Rail (Phase 3, RHT)",
	"train.mtr.light_rail_4": "Light Rail (Phase 4, LHT)",
	"train.mtr.light_rail_4_old": "Light Rail (Phase 4, Blue Livery, LHT)",
	"train.mtr.light_rail_4_old_rht": "Light Rail (Phase 4, Blue Livery, RHT)",
	"train.mtr.light_rail_4_orange": "Light Rail (Phase 4, Orange Livery, LHT)",
	"train.mtr.light_rail_4_orange_rht": "Light Rail (Phase 4, Orange Livery, RHT)",
	"train.mtr.light_rail_4_rht": "Light Rail (Phase 4, RHT)",
	"train.mtr.light_rail_5": "Light Rail (Phase 5, LHT)",
	"train.mtr.light_rail_5_old": "Light Rail (Phase 5, Blue Livery, LHT)",
	"train.mtr.light_rail_5_old_rht": "Light Rail (Phase 5, Blue Livery, RHT)",
	"train.mtr.light_rail_5_orange": "Light Rail (Phase 5, Orange Livery, LHT)",
	"train.mtr.light_rail_5_orange_rht": "Light Rail (Phase 5, Orange Livery, RHT)",
	"train.mtr.light_rail_5_rht": "Light Rail (Phase 5, RHT)",
	"train.mtr.london_underground_1995": "London Underground 1995 Stock",
	"train.mtr.london_underground_1996": "London Underground 1996 Stock",
	"train.mtr.london_underground_d78": "London Underground D78 Stock",
	"train.mtr.london_underground_d78_mini": "London Underground D78 Stock (Mini)",
	"train.mtr.m_train": "M-Train",
	"train.mtr.m_train_mini": "M-Train (Mini)",
	"train.mtr.m_train_small": "M-Train (Small)",
	"train.mtr.minecart": "Minecart",
	"train.mtr.mlr": "MLR Train",
	"train.mtr.mlr_christmas": "MLR Train Christmas Edition",
	"train.mtr.mlr_christmas_mini": "MLR Train Christmas Edition (Mini)",
	"train.mtr.mlr_christmas_small": "MLR Train Christmas Edition (Small)",
	"train.mtr.mlr_mini": "MLR Train (Mini)",
	"train.mtr.mlr_small": "MLR Train (Small)",
	"train.mtr.mpl_85": "MPL 85",
	"train.mtr.ngong_ping_360_crystal": "Ngong Ping 360 Crystal Cabin (LHT)",
	"train.mtr.ngong_ping_360_crystal_rht": "Ngong Ping 360 Crystal Cabin (RHT)",
	"train.mtr.ngong_ping_360_crystal_plus": "Ngong Ping 360 Crystal+ Cabin (LHT)",
	"train.mtr.ngong_ping_360_crystal_plus_rht": "Ngong Ping 360 Crystal+ Cabin (RHT)",
	"train.mtr.ngong_ping_360_normal_light_blue": "Ngong Ping 360 (Light Blue, LHT)",
	"train.mtr.ngong_ping_360_normal_light_blue_rht": "Ngong Ping 360 (Light Blue, RHT)",
	"train.mtr.ngong_ping_360_normal_orange": "Ngong Ping 360 (Orange, LHT)",
	"train.mtr.ngong_ping_360_normal_orange_rht": "Ngong Ping 360 (Orange, RHT)",
	"train.mtr.ngong_ping_360_normal_red": "Ngong Ping 360 (Red, LHT)",
	"train.mtr.ngong_ping_360_normal_red_rht": "Ngong Ping 360 (Red, RHT)",
	"train.mtr.oak_boat": "Oak Boat",
	"train.mtr.r179": "R179 (New York City Subway)",
	"train.mtr.r179_mini": "R179 (New York City Subway, Mini)",
	"train.mtr.r211": "R211 (New York City Subway)",
	"train.mtr.r211_mini": "R211 (New York City Subway, Mini)",
	"train.mtr.r211t": "R211T (New York City Subway)",
	"train.mtr.r211t_mini": "R211T (New York City Subway, Mini)",
	"train.mtr.r_train": "R-Train",
	"train.mtr.r_train_mini": "R-Train (Mini)",
	"train.mtr.r_train_small": "R-Train (Small)",
	"train.mtr.s_train": "S-Train",
	"train.mtr.s_train_mini": "S-Train (Mini)",
	"train.mtr.s_train_small": "S-Train (Small)",
	"train.mtr.sp1900": "SP1900",
	"train.mtr.sp1900_mini": "SP1900 (Mini)",
	"train.mtr.sp1900_small": "SP1900 (Small)",
	"train.mtr.spruce_boat": "Spruce Boat"
}
