{
	"block.minecraft.bedrock_slab": "Alapkő lap",
	"block.minecraft.birch_wood_slab": "Nyírfa lap",
	"block.minecraft.bone_block_slab": "Csont lap",
	"block.minecraft.chiseled_quartz_block_slab": "Vésett kvarcblokk lap",
	"block.minecraft.chiseled_stone_bricks_slab": "Vésett kőtégla lap",
	"block.minecraft.clay_slab": "Agyag lap",
	"block.minecraft.coal_ore_slab": "Ásványi szén lap",
	"block.minecraft.concrete": "Beton",
	"block.minecraft.concrete_powder": "Cementpor",
	"block.minecraft.concrete_powder_slab": "Cementpor lap",
	"block.minecraft.concrete_slab": "Beton lap",
	"block.minecraft.cracked_stone_bricks_slab": "Repedt kőtégla lap",
	"block.minecraft.gravel_slab": "Sóder lap",
	"block.minecraft.iron_block_slab": "Vas blokk lap",
	"block.minecraft.metal": "Fém Blokk",
	"block.minecraft.metal_slab": "Fém lap",
	"block.minecraft.planks": "Deszka",
	"block.minecraft.planks_slab": "Deszka lap",
	"block.minecraft.purpur_block_slab": "Purpurblokk lap",
	"block.minecraft.purpur_pillar_slab": "Purpur blokk oszlop lap",
	"block.minecraft.quartz_block_slab": "Kvarc blokk lap",
	"block.minecraft.quartz_bricks_slab": "Kvarc tégla lap",
	"block.minecraft.quartz_pillar_slab": "Kvarc oszlop lap",
	"block.minecraft.snow_block_slab": "Hóblokk réteg",
	"block.minecraft.stained_glass": "Festett Üveg",
	"block.minecraft.stained_glass_slab": "Festett üveglap",
	"block.minecraft.stone_bricks_slab": "Kőtégla lépcső lap",
	"block.minecraft.wool": "Gyapjú",
	"block.minecraft.wool_slab": "Gyapjú lap",
	"block.mtr.airplane_node": "Repülőgép csomópont",
	"block.mtr.apg_door": "Automatikus peronkapuk",
	"block.mtr.apg_glass": "Automatikus peronkapuk",
	"block.mtr.apg_glass_end": "Automatikus peronkapuk",
	"block.mtr.arrival_projector_1_large": "Vonatérkezés kijelző (3x3)",
	"block.mtr.arrival_projector_1_medium": "Érkezés kijelző (3x2)",
	"block.mtr.arrival_projector_1_small": "Érkezés kijelző (1x1)",
	"block.mtr.boat_node": "Hajó síncsatlakozó",
	"block.mtr.cable_car_node_lower": "Kabinos felvonó elemeinek csatlakoztatására szolgáló elem",
	"block.mtr.cable_car_node_station": "Kabinos felvonó ÁLLOMÁSI elemeinek csatlakoztatására szolgáló elem",
	"block.mtr.cable_car_node_upper": "Kabinos felvonó elemeinek csatlakoztatására szolgáló elem",
	"block.mtr.ceiling": "Techo",
	"block.mtr.ceiling_light": "Plafonra szerelhető Fénycső",
	"block.mtr.ceiling_no_light": "Plafonra szerelhető, nem világító fénycső",
	"block.mtr.clock": "Óra (reloj)",
	"block.mtr.clock_pole": "Óra Tartó oszlop",
	"block.mtr.escalator_side": "Mozgólépcső",
	"block.mtr.escalator_step": "Escalera Mecánica",
	"block.mtr.glass_fence_cio": "Üvegkerítés",
	"block.mtr.glass_fence_ckt": "Üvegkerítés",
	"block.mtr.glass_fence_heo": "Üvegkerítés",
	"block.mtr.glass_fence_mos": "Üvegkerítés",
	"block.mtr.glass_fence_plain": "Üvegkerítés",
	"block.mtr.glass_fence_shm": "Üvegkerítés",
	"block.mtr.glass_fence_stained": "Üvegkerítés",
	"block.mtr.glass_fence_stw": "Üveg kerítés",
	"block.mtr.glass_fence_tsh": "Üveg kerítés",
	"block.mtr.glass_fence_wks": "Üveg kerítés",
	"block.mtr.lift_buttons_1": "Lift gombpanel",
	"block.mtr.lift_door_1": "Lift ajtó",
	"block.mtr.lift_door_odd_1": "Lift ajtó",
	"block.mtr.lift_panel_even_1": "Lift Kijelző Panel",
	"block.mtr.lift_panel_even_2": "Lift Kijelző Panel",
	"block.mtr.lift_panel_odd_1": "Lift Kijelző Panel",
	"block.mtr.lift_panel_odd_2": "Lift Kijelző Panel",
	"block.mtr.lift_track_1": "Lift fali vezetékek",
	"block.mtr.lift_track_floor_1": "Lift szinten lévő fali vezetéke",
	"block.mtr.logo": "MTR Logo",
	"block.mtr.marble_blue": "Kék Márvány",
	"block.mtr.marble_blue_slab": "Kék márvány lap",
	"block.mtr.marble_sandy": "Homokos márvány",
	"block.mtr.marble_sandy_slab": "Homok márvány lap",
	"block.mtr.metal": "Fém",
	"block.mtr.metal_slab": "Fém lap",
	"block.mtr.pids_1": "Utastájékoztató Rendszer",
	"block.mtr.pids_2": "Utastájékoztató Rendszer",
	"block.mtr.pids_3": "Utastájékoztató Rendszer",
	"block.mtr.pids_pole": "PIDS Rúd",
	"block.mtr.platform": "Plataform (Hong Kong)",
	"block.mtr.platform_indented": "Plataform (Hong Kong)",
	"block.mtr.platform_na_1": "Plataform (Észak-Amerika)",
	"block.mtr.platform_na_1_indented": "Plataform (Észak-Amerika)",
	"block.mtr.platform_na_2": "Plataform (Észak-Amerika)",
	"block.mtr.platform_na_2_indented": "Plataform (Észak-Amerika)",
	"block.mtr.platform_uk_1": "Plataform (Egyesült-Királyság)",
	"block.mtr.platform_uk_1_indented": "Plataform (Egyesült-Királyság)",
	"block.mtr.psd_door": "Peroni kitöltött automata ajtók",
	"block.mtr.psd_door_2": "Platform kitöltött ajtók",
	"block.mtr.psd_glass": "Platform kitöltött ajtók",
	"block.mtr.psd_glass_2": "Platform kitöltött ajtók",
	"block.mtr.psd_glass_end": "Platform kitöltött ajtók",
	"block.mtr.psd_glass_end_2": "Platform kitöltött ajtók",
	"block.mtr.psd_top": "Platform kitöltött ajtók",
	"block.mtr.rail": "Vasúti sínek csatlakozója",
	"block.mtr.railway_sign": "Vasúti jelző",
	"block.mtr.railway_sign_pole": "Vasúti jelző oszlop",
	"block.mtr.route_sign_standing_light": "Útvonaltábla (álló, lámpával)",
	"block.mtr.route_sign_standing_metal": "Útvonaltábla (álló, fém)",
	"block.mtr.route_sign_wall_light": "Útvonaltábla (fali, lámpával)",
	"block.mtr.route_sign_wall_metal": "Útvonaltábla (Fém, fali)",
	"block.mtr.rubbish_bin_1": "Szemeteskuka",
	"block.mtr.signal_light_1": "Jelzőfény (2 szempont)",
	"block.mtr.signal_light_2": "Jelzőfény (2 szempont, két oldalú)",
	"block.mtr.signal_light_3": "Jelzőfény (2 szempont)",
	"block.mtr.signal_light_3_aspect_1": "Jelzőfény (3 szempont)",
	"block.mtr.signal_light_3_aspect_2": "Jelzőfény (3 szempont, két oldalú)",
	"block.mtr.signal_light_4": "Jelzőfény (2 szempont, két oldalú)",
	"block.mtr.signal_light_4_aspect_1": "Jelzőfény (4 szempont)",
	"block.mtr.signal_light_4_aspect_2": "Vasúti jelző (4 lápmpás, kétoldalú)",
	"block.mtr.signal_pole": "Jelzőoszlop",
	"block.mtr.signal_semaphore_1": "Szemafor",
	"block.mtr.signal_semaphore_2": "Szemafor (kétoldalú)",
	"block.mtr.station_name_entrance": "Állomás Neve (Bejárati)",
	"block.mtr.station_name_tall_block": "Állomás neve (magas blokk)",
	"block.mtr.station_name_tall_block_double_sided": "Állomás neve (magas blokk, kétoldalas)",
	"block.mtr.station_name_tall_wall": "Állomás neve (magas fali szöveg)",
	"block.mtr.station_name_wall": "Állomás neve (fali szöveg, fehér)",
	"block.mtr.station_name_wall_black": "Állomás neve (fali szöveg, fekete)",
	"block.mtr.station_name_wall_gray": "Állomás neve (fali szöveg, szürke)",
	"block.mtr.station_pole": "Állomás színének oszlopa",
	"block.mtr.tactile_map": "Taktilis Térkép",
	"block.mtr.ticket_barrier_entrance_1": "Jegykapu (bejárat)",
	"block.mtr.ticket_barrier_exit_1": "Beléptető kapu (kijárat)",
	"block.mtr.ticket_machine": "Jegyautomata",
	"block.mtr.ticket_processor": "Jegyfeldolgozó",
	"block.mtr.ticket_processor_enquiry": "Egyenleg lekérdező",
	"block.mtr.ticket_processor_entrance": "Jegyfeldolgozó (bejárat)",
	"block.mtr.ticket_processor_exit": "Jegyfeldolgozó (kijárat)",
	"block.mtr.train_announcer": "Bemondó",
	"block.mtr.train_cargo_loader": "Rakomány töltő",
	"block.mtr.train_cargo_unloader": "Rakomány kirakodó",
	"block.mtr.train_schedule_sensor": "Menetrend érzékelő",
	"block.mtr.train_sensor": "Vöröskő érzékelő",
	"category.mtr.keybinding": "Minecraft Tranzit vasúti billentyűkombináció",
	"entity.mtr.seat": "",
	"gui.mtr.acceleration": "Jármű gyorsulása",
	"gui.mtr.add_balance_for_emeralds": "$%s hozzáadása az egyenleghez %s smaragdért",
	"gui.mtr.add_depot": "Raktár hozzáadása",
	"gui.mtr.add_exit": "Állomás kijárat hozzáadása",
	"gui.mtr.add_exit_destination": "Kijárati célhozzáadása",
	"gui.mtr.add_route": "Útvonal hozzáadása",
	"gui.mtr.add_station": "Állomás hozzáadása",
	"gui.mtr.add_value": "Érték hozzáadása",
	"gui.mtr.already_entered": "Az állomásra már belépett",
	"gui.mtr.already_exited": "Nem található bejárat feljegyezve",
	"gui.mtr.announcement_message": "Bemondás üzenet",
	"gui.mtr.anticlockwise_to": "Az óramutató járásával ellentétes irányba: %s",
	"gui.mtr.anticlockwise_to_cjk": "Az óramutató járásával ellentétes irányba, %s felé",
	"gui.mtr.anticlockwise_via": "Az óramutató járásával ellentétes irányban a %s segítségével",
	"gui.mtr.anticlockwise_via_cjk": "Az óramutató járásával ellentétes irányban a %s segítségével",
	"gui.mtr.arrival_car": "%s -kocsis",
	"gui.mtr.arrival_car_cjk": "%s 卡",
	"gui.mtr.arrival_min": "%s perc",
	"gui.mtr.arrival_min_cjk": "%s perc",
	"gui.mtr.arrival_sec": "%s mp",
	"gui.mtr.arrival_sec_cjk": "%s másodperc",
	"gui.mtr.automatically_detect_nearby_platform": "Legközelebbi platform érzékelése",
	"gui.mtr.available": "Rendelkezésre áll",
	"gui.mtr.available_model_parts": "Elérhető modellalkatrészek",
	"gui.mtr.balance": "Egyenleg: $%s",
	"gui.mtr.cable_car_invalid_orientation": "Érvénytelen kábelcsatlakozás",
	"gui.mtr.cars_to_spawn": "Szerelvények létrehozása: %s db",
	"gui.mtr.clear_vehicles": "Járművek törlése",
	"gui.mtr.clockwise_to": "óramutató járásával megegyező irányba %s felé",
	"gui.mtr.clockwise_to_cjk": "az óramutató járásával megegyező irányba %s felé",
	"gui.mtr.clockwise_via": "óramutató járásával megegyező irányba %s-en keresztül",
	"gui.mtr.clockwise_via_cjk": "Az óramutató járásával megegyező irányban a %s felé",
	"gui.mtr.color": "Szín",
	"gui.mtr.comma": ", ",
	"gui.mtr.comma_cjk": "`",
	"gui.mtr.comma_last": " és ",
	"gui.mtr.comma_last_cjk": "vagy",
	"gui.mtr.connecting_station_interchange_announcement_part": "A(z) %1$s-t %2$s állomáson",
	"gui.mtr.connecting_station_interchange_announcement_part_cjk": "Átszállási lehetőség ide: %2$s a(z) %1$s állomáson",
	"gui.mtr.connecting_station_part": "Átszállhatnak a következő vonal(ak) ra: %s.",
	"gui.mtr.connecting_station_part_cjk": "Az utasok a következő állomason tartózkodhatnak: %s",
	"gui.mtr.cruising_altitude": "Utazási magasság",
	"gui.mtr.custom_destination_suggestion": "Útirány (\\r a visszaállításához)",
	"gui.mtr.custom_resources_export_resource_pack": "Erőforráscsomag exportálása",
	"gui.mtr.custom_resources_gangway_connection_id": "Gangway kapcsolat ID",
	"gui.mtr.custom_resources_id": "AZONOSÍTÓ",
	"gui.mtr.custom_resources_name": "Név",
	"gui.mtr.custom_resources_rider_offset": "Utazó offset: %s",
	"gui.mtr.custom_resources_train_barrier_id": "Train Barrier ID",
	"gui.mtr.delete_confirmation": "Biztos törölni akarja a következőt: %s?",
	"gui.mtr.depot_color": "Depó színe",
	"gui.mtr.depot_name": "Depó neve",
	"gui.mtr.depots": "Raktárak",
	"gui.mtr.disable_next_station_announcements": "Automatikus \"következő állomás\" bemondások kikapcsolása",
	"gui.mtr.dismount_hold": "Tartsd lenyomva a(z) %s gombot a leválasztáshoz: %s",
	"gui.mtr.display_page": "Oldalszám",
	"gui.mtr.door_animation_type_bouncy_1": "Ajtó: ugráló (1)",
	"gui.mtr.door_animation_type_bouncy_2": "Ajtó: ugráló (2)",
	"gui.mtr.door_animation_type_constant": "Ajtó: állandó",
	"gui.mtr.door_animation_type_mlr": "Ajtó: MLR",
	"gui.mtr.door_animation_type_plug_fast": "Ajtó: gyorsan csatlakozó",
	"gui.mtr.door_animation_type_plug_slow": "Ajtó: lassan csatlakozó",
	"gui.mtr.door_animation_type_r179": "Ajtó: R179",
	"gui.mtr.door_animation_type_r211": "Ajtó: R211",
	"gui.mtr.door_animation_type_standard": "Ajtó: standard",
	"gui.mtr.door_animation_type_standard_slow": "Ajtó: lassú",
	"gui.mtr.drag_file_to_upload": "Húzza ide a fájlt a feltöltéshez",
	"gui.mtr.dwell_time": "Jármű megállóban tartózkodási ideje",
	"gui.mtr.edit_area": "Kattintson és húzza a terület rajzolásához.",
	"gui.mtr.edit_instructions": "Útasítások módosítása",
	"gui.mtr.edit_route": "Kattints egy platformra, hogy hozzáadd az útvonalhoz.",
	"gui.mtr.editing_part": "%s szerkesztése",
	"gui.mtr.emeralds": "Smaragdok: %s",
	"gui.mtr.enter_barrier": "Belépett %s állomásra – Egyenleged: $%s",
	"gui.mtr.exit_barrier": "Kilépett %s állomásról - Felszámolt viteldíj: $%s - Egyenleged így: $%s",
	"gui.mtr.exit_destinations": "Lépj ki az Úticélokból",
	"gui.mtr.exit_parents": "Állomás kijáratai",
	"gui.mtr.file_model": "Blockbench fájl",
	"gui.mtr.file_properties": "Tulajdonságok fájl (opcionális)",
	"gui.mtr.file_texture": "Textúra fájl",
	"gui.mtr.file_upload": "Feltöltés...",
	"gui.mtr.filtered_platforms": "Szűrt platformok (%s)",
	"gui.mtr.filtered_routes": "Szűrt útvonalak (%s)",
	"gui.mtr.filtered_routes_condition": "Csak ezeken a járatokon közlekedő járművek fogják aktiválni ezt a blokkot",
	"gui.mtr.filtered_routes_empty": "Az összes jármű aktiválni fogja ezt a blokkot",
	"gui.mtr.game_time": "Játékidő",
	"gui.mtr.generate_map": "Útvonaltérkép létrehozása",
	"gui.mtr.generating_path": "Útvonal generálása",
	"gui.mtr.hide_arrival": "Érkezés elrejtése",
	"gui.mtr.insufficient_balance": "Nincs elegendő egyenleged ($%s)",
	"gui.mtr.interchange_announcement": "Átszállási lehetőség %s vonal(ak)-ra.",
	"gui.mtr.interchange_announcement_cjk": "Az utasok átszállhatnak %s vonal(ak) ra",
	"gui.mtr.invalid_orientation": "Nem sikerült csatlakoztatni a sínt; érvénytelen tájolás",
	"gui.mtr.is_anticlockwise_route": "Az óramutató járásával ellentétes, körkörös útvonal",
	"gui.mtr.is_clockwise_route": "Az óramutató járásával megegyezően körkörös útvonal",
	"gui.mtr.is_light_rail_route": "Útvonalszámmal rendelkezik",
	"gui.mtr.is_manual": "Vezethető jármű",
	"gui.mtr.is_route_hidden": "Útvonal elrejtése",
	"gui.mtr.last_airplane_station": "Ez a repülőjárat %s felé",
	"gui.mtr.last_airplane_station_cjk": "本航班往%s",
	"gui.mtr.last_boat_station": "Ez a hajó %s felé megy",
	"gui.mtr.last_boat_station_cjk": "Ez a komp %s állomás felé megy",
	"gui.mtr.last_cable_car_station": "Ez a sikló %s állomás felé megy",
	"gui.mtr.last_cable_car_station_cjk": "Ez a vonat %s állomás felé megy",
	"gui.mtr.last_train_station": "Ez a vonat %s állomás felé megy",
	"gui.mtr.last_train_station_cjk": "Ez a vonat %s állomás felé megy",
	"gui.mtr.left": "Bal",
	"gui.mtr.lift_buttons_locked": "Gombok zárolva",
	"gui.mtr.lift_buttons_unlocked": "Gombok zárolása feloldva",
	"gui.mtr.lift_floor_description": "Leírás",
	"gui.mtr.lift_floor_number": "Szint száma",
	"gui.mtr.lift_is_double_sided": "Kétoldalas",
	"gui.mtr.lift_should_ding": "\"Ding\" hang lejátszása a szint elérésekor",
	"gui.mtr.lift_style": "Stílus: %s",
	"gui.mtr.lift_style_opaque": "Áttetsző",
	"gui.mtr.lift_style_transparent": "Átlátszó",
	"gui.mtr.lift_track_required": "Lift sínek szükségesek",
	"gui.mtr.light_rail_route_announcement": "Ez az útvonal %s, %s állomás felé.",
	"gui.mtr.light_rail_route_announcement_cjk": "Ez a jàrat a %s vonat, amely %s állomás felé megy",
	"gui.mtr.light_rail_route_number": "Útvonal száma",
	"gui.mtr.london_train_interchange_announcement": "Átszállhatnak a következőkre: %s.",
	"gui.mtr.london_train_interchange_announcement_cjk": "Átszállhatnak a következőkre: %s",
	"gui.mtr.london_train_next_station_announcement": "A következő megálló: %s.",
	"gui.mtr.london_train_next_station_announcement_cjk": "A következő megálló: %s。",
	"gui.mtr.london_train_route_announcement": "Ez a %s járat %s felé.",
	"gui.mtr.london_train_route_announcement_cjk": "本班為%s列車前往%s。",
	"gui.mtr.london_train_terminating_announcement": "Végállomás.",
	"gui.mtr.london_train_terminating_announcement_cjk": "列車以本站為終點站。",
	"gui.mtr.london_train_this_station_announcement": "Ez az állomás %s.",
	"gui.mtr.london_train_this_station_announcement_cjk": "Ez az állomás %s。",
	"gui.mtr.manual_to_automatic_time": "Vezethető időtúllépés",
	"gui.mtr.max_manual_speed": "Maximum sebesség, amelyen vezethetsz",
	"gui.mtr.max_vehicles": "Maximum jármű a kitérőhöz",
	"gui.mtr.mismatched_versions": "Kérlek frissítsd a Minecraft Transit Railway modot és próbálkozz újra.",
	"gui.mtr.mismatched_versions_server_version": "Szerver verzió: %s",
	"gui.mtr.mismatched_versions_your_version": "A te jelenlegi verziód: %s",
	"gui.mtr.moving_only": "Csak mozgó járművek",
	"gui.mtr.mtr_options": "Minecraft Transit Railway Beállítások",
	"gui.mtr.name": "Név",
	"gui.mtr.next_departure": "Körülmebüli következő indulás:%s",
	"gui.mtr.next_departure_none": "Nincsenek menetrendi indulások",
	"gui.mtr.next_route_airplane_announcement": "Ez a repülőjárat járatot változtat, %s %s felé járatra változik.",
	"gui.mtr.next_route_airplane_announcement_cjk": "本航班會改為%s前往%s。",
	"gui.mtr.next_route_boat_announcement": "Ez a komp %s járatra változik, és %s felé indul tovább.",
	"gui.mtr.next_route_boat_announcement_cjk": "Ez a komp átváltozik erre: %s és %s felé indul tovább",
	"gui.mtr.next_route_boat_light_rail_announcement": "Ez az útvonal %s útvonalra változik. A %s-re tartó utasok, kérjük, szálljanak fel erre a hajóra.",
	"gui.mtr.next_route_boat_light_rail_announcement_cjk": "Ez a komp átvált a következő útvonalra: %s. Azok az utasok, akik a(z) %s út mentén lévő állomásokra mennek, felszállhatnak erre a kompra",
	"gui.mtr.next_route_cable_car_announcement": "Ez a felvonó innentől %s járatként közlekedik tovább, %s-felé.",
	"gui.mtr.next_route_cable_car_announcement_cjk": "Ez a busz %s megálló helyett %s megálló felé fog menni",
	"gui.mtr.next_route_train_announcement": "Ez a felvonó innentől %s járatként közlekedik tovább, %s-felé.",
	"gui.mtr.next_route_train_announcement_cjk": "Ez a busz %s megálló helyett %s megálló felé fog menni",
	"gui.mtr.next_route_train_light_rail_announcement": "Ez az útvonal %s útvonalra változik. A %s-re utazók, kérjük, szálljanak fel erre a vonatra.",
	"gui.mtr.next_route_train_light_rail_announcement_cjk": "Ez a járat %s járatra változik. Azok, akik %s felé tartanak, felszállhatnak erre a vonatra",
	"gui.mtr.next_station": "A következő állomás: %s",
	"gui.mtr.next_station_announcement": "A következő állomás: %s.",
	"gui.mtr.next_station_announcement_cjk": "A Következő megálló: %s",
	"gui.mtr.next_station_cjk": "A következő megálló: %s",
	"gui.mtr.next_station_light_rail_announcement": "Következő megálló: %s.",
	"gui.mtr.next_station_light_rail_announcement_cjk": "Következő megálló: %s",
	"gui.mtr.no_lift_tracks_floor_found": "Nem található lift emeleti sín",
	"gui.mtr.offset_x": "X eltolás: %s",
	"gui.mtr.offset_y": "Y eltolás: %s",
	"gui.mtr.offset_z": "Z eltolás: %s",
	"gui.mtr.part_blacklisted_cars": "Feketelistás kocsik",
	"gui.mtr.part_display_cjk_size_ratio": "Kínai karakterek mérete: %s",
	"gui.mtr.part_display_force_single_line": "Egyetlen sor kényszerítése",
	"gui.mtr.part_display_force_upper_case": "Nagybetű kényszerítése",
	"gui.mtr.part_display_should_scroll": "Gördülő szöveg",
	"gui.mtr.part_display_text_color": "Szín",
	"gui.mtr.part_display_text_color_cjk": "CJK/Nem-CJK szín",
	"gui.mtr.part_display_type_destination": "Típus: Útirány",
	"gui.mtr.part_display_type_next_station_kcr": "Típus: Következő állomás (KCR)",
	"gui.mtr.part_display_type_next_station_mtr": "Típus: Következő állomás (MTR)",
	"gui.mtr.part_display_type_next_station_plain": "Típus: Következő állomás",
	"gui.mtr.part_display_type_next_station_uk": "Típus: Következő állomás (UK)",
	"gui.mtr.part_display_type_route_number": "Típus: Útvonalszám",
	"gui.mtr.part_display_x_padding": "X Párnázás: %s",
	"gui.mtr.part_display_y_padding": "Y Párnázás: %s",
	"gui.mtr.part_door_offset_left_negative": "Ajtó offset- Bal",
	"gui.mtr.part_door_offset_left_positive": "Ajtó offset+bal",
	"gui.mtr.part_door_offset_none": "Ajtó offset: nincs",
	"gui.mtr.part_door_offset_right_negative": "Ajtó offset- Bal",
	"gui.mtr.part_door_offset_right_positive": "Ajtó offset+bal",
	"gui.mtr.part_is_display": "Van-e kijelző",
	"gui.mtr.part_mirror": "Tükrözött",
	"gui.mtr.part_positions": "Pozíciók",
	"gui.mtr.part_render_condition_all": "Vakolás: mindig",
	"gui.mtr.part_render_condition_door_left_closed": "Megadás: bal ajtók zárva",
	"gui.mtr.part_render_condition_door_left_open": "Megadás: bal ajtók zárva",
	"gui.mtr.part_render_condition_door_right_closed": "Megadás: bal ajtók zárva",
	"gui.mtr.part_render_condition_door_right_open": "Megadva: jobb ajtók zárva",
	"gui.mtr.part_render_condition_doors_closed": "Megadva: ajtók zárva",
	"gui.mtr.part_render_condition_doors_open": "Megadva: ajtók nyitva",
	"gui.mtr.part_render_condition_moving_backwards": "Megadva: hátramenet",
	"gui.mtr.part_render_condition_moving_forwards": "Megadva: menet",
	"gui.mtr.part_skip_rendering_if_too_far": "Elrejtés, ha messze van",
	"gui.mtr.part_stage_always_on_lights": "Világítás (mindig aktív)",
	"gui.mtr.part_stage_exterior": "Külső",
	"gui.mtr.part_stage_interior": "Belső",
	"gui.mtr.part_stage_interior_translucent": "Belső nézet ( áttetsző)",
	"gui.mtr.part_stage_lights": "Világítás",
	"gui.mtr.part_whitelisted_cars": "Fehérlistás szerelvények",
	"gui.mtr.path_found": "Az útvonal sikeresen létrehozva",
	"gui.mtr.path_not_found_between": "Nyomvonal nem található a(z)|> %s|útvonalon|> %s|és|> %s|között",
	"gui.mtr.path_not_generated": "Útvonal nincs generálva",
	"gui.mtr.percentage_complete_bridge": "Híd építése (%s%%)",
	"gui.mtr.percentage_complete_tunnel": "Alagútépítés (%s%%)",
	"gui.mtr.percentage_complete_tunnel_wall": "Alagútfal építése (%s%%)",
	"gui.mtr.pids_message": "Egyéni PIDS üzenet",
	"gui.mtr.platform": "%s platform",
	"gui.mtr.platform_number": "Platform száma",
	"gui.mtr.platform_or_siding_exists": "Minden vasúti csomópont csak egy platformhoz vagy depósínhez köthető",
	"gui.mtr.press_to_select_floor": "Nyomd meg az %s billentyűt az emelet kiválasztásához",
	"gui.mtr.psd_apg_door_locked": "Ajtó zárva",
	"gui.mtr.psd_apg_door_unlocked": "Ajtó zárása felodva",
	"gui.mtr.radius_too_small": "Nem sikerült csatlakoztatni a sínt; a sugárnak legalább 2-nek kell lennie",
	"gui.mtr.rail_action_bridge": "Híd: %s (%s blokk hosszú, %s)",
	"gui.mtr.rail_action_tunnel": "Alagút: %s (%s blokk hosszú)",
	"gui.mtr.rail_action_tunnel_wall": "Alagútfal, %s (%s blokk hosszú, %s)",
	"gui.mtr.rail_actions": "Jelenlegi építési műveletek",
	"gui.mtr.rail_actions_button": "Tevékenységek...",
	"gui.mtr.rail_not_found": "Nem sikerült jelet létrehozni; a sín nem található",
	"gui.mtr.rail_not_found_action": "Nem sikerült végrehajtani a műveletet; a sín nem található",
	"gui.mtr.refresh_path": "Útvonal frissítése",
	"gui.mtr.repeat_indefinitely": "Ismételd az utasításokat mindig",
	"gui.mtr.reset_sign": "Visszaállítás",
	"gui.mtr.right": "Jobb",
	"gui.mtr.rotate_anticlockwise": "Elforgatás az óramutató járásával ellentésen",
	"gui.mtr.rotate_clockwise": "Elforgatás az óramutató járásának irányába",
	"gui.mtr.route_color": "Vonal Színe",
	"gui.mtr.route_name": "Vonal Neve",
	"gui.mtr.route_type_boat_high_speed": "Típus: Gyors komp",
	"gui.mtr.route_type_boat_light_rail": "Típus: körutazás",
	"gui.mtr.route_type_boat_normal": "Típus: Komp",
	"gui.mtr.route_type_train_high_speed": "Típus: Nagy sebességű vasút",
	"gui.mtr.route_type_train_light_rail": "Típus: villamos",
	"gui.mtr.route_type_train_normal": "Típus: Normál",
	"gui.mtr.routes": "Vonalak",
	"gui.mtr.s": "mp",
	"gui.mtr.schedule_mode_real_time_off": "Időzítés (indulások): Minecraft játékbeli idő",
	"gui.mtr.schedule_mode_real_time_on": "Időzítés (indulási idő): Helyi valós idő",
	"gui.mtr.search": "Keresés",
	"gui.mtr.select_all_platforms": "Az összes platformról érkezők megjelenítése",
	"gui.mtr.selected": "Kiválasztott",
	"gui.mtr.selected_vehicle": "Kiválasztott Jármű",
	"gui.mtr.separator": "/",
	"gui.mtr.separator_cjk": "/",
	"gui.mtr.settings": "Beállítások",
	"gui.mtr.siding_number": "Depósín száma",
	"gui.mtr.sidings_in_depot": "Depósínek ebben a raktárban: %s",
	"gui.mtr.sound_file": "Hangfájl",
	"gui.mtr.station": "%s Állomás",
	"gui.mtr.station_cjk": "%s állomás",
	"gui.mtr.station_color": "Állomás színe",
	"gui.mtr.station_name": "Állomás neve",
	"gui.mtr.stations": "Állomások",
	"gui.mtr.stopped_only": "Csak leállított járművek",
	"gui.mtr.support": "Támogatás",
	"gui.mtr.this_station": "Ez az állomás %s",
	"gui.mtr.this_station_cjk": "Ez az állomás %s",
	"gui.mtr.to": "ide: %s",
	"gui.mtr.to_cjk": "ide: %s",
	"gui.mtr.tph": "/ó",
	"gui.mtr.train_schedule_sensor": "Érkezési eltolás (másodperc)",
	"gui.mtr.transport_mode_airplane": "Típus: repülő",
	"gui.mtr.transport_mode_boat": "Típus: hajó",
	"gui.mtr.transport_mode_cable_car": "Típus: kabinos felvonó",
	"gui.mtr.transport_mode_train": "Típus: vonat",
	"gui.mtr.unlimited": "Végtelen",
	"gui.mtr.unlimited_vehicles": "Végtelen Jármű",
	"gui.mtr.untitled": "Névtelen",
	"gui.mtr.use_time_and_wind_sync": "Automatikus időszinkronizálás a Time & Wind mod használatával",
	"gui.mtr.used_model_parts": "Felhasznált modelrészek",
	"gui.mtr.vehicle_brightness": "Fényerő: %s%%",
	"gui.mtr.vehicle_cars": "Kocsik: %s",
	"gui.mtr.vehicle_direction_backwards": "Irány: hátra",
	"gui.mtr.vehicle_direction_forwards": "Irány: egyenesen előre",
	"gui.mtr.vehicle_door_max": "Ajtó: %s",
	"gui.mtr.vehicle_length": "Hossz: %s",
	"gui.mtr.vehicle_speed": "Sebesség: %s m/s (%s km/h)",
	"gui.mtr.vehicle_width": "Szélesség: macskaszín+%s",
	"gui.mtr.vehicles_per_hour": "Járművek óránként",
	"gui.mtr.welcome_station": "Üdvözöljük %s állomáson.",
	"gui.mtr.welcome_station_cjk": "Üdvözöljük %s állomáson",
	"gui.mtr.zone": "Tarifazóna",
	"gui.mtr.zone_number": "Zóna %s",
	"item.mtr.apg_door": "Automatikus peronkapuk",
	"item.mtr.apg_glass": "Automatikus peronkapuk",
	"item.mtr.apg_glass_end": "Automatikus peronkapuk",
	"item.mtr.bridge_creator_3": "Hídépítő eszköz",
	"item.mtr.bridge_creator_5": "Hídépítő eszköz",
	"item.mtr.bridge_creator_7": "Hídépítő eszköz",
	"item.mtr.bridge_creator_9": "Hídépítő eszköz",
	"item.mtr.brush": "Ecset",
	"item.mtr.dashboard": "Vasúti útvonal beállítópanel",
	"item.mtr.dashboard_2": "Hajó útvonalbeállító panel",
	"item.mtr.dashboard_3": "Kabinos felvonó beállítótáblája",
	"item.mtr.dashboard_4": "Repülőjáratok kezelőpanelje",
	"item.mtr.driver_key": "Vezetői kulcs",
	"item.mtr.escalator": "Mozgólépcső",
	"item.mtr.lift_buttons_link_connector": "Liftgombok és szinbeli vezeték összekötője",
	"item.mtr.lift_buttons_link_remover": "Liftgomb összeköttetés eltávolító",
	"item.mtr.lift_door_1": "Liftajtók",
	"item.mtr.lift_door_odd_1": "Liftajtók",
	"item.mtr.lift_refresher": "Lift helyzet frissítő",
	"item.mtr.psd_door": "Platform képernyős ajtók",
	"item.mtr.psd_door_2": "Platform képernyős ajtók",
	"item.mtr.psd_glass": "Platform képernyős ajtók",
	"item.mtr.psd_glass_2": "Platform képernyős ajtók",
	"item.mtr.psd_glass_end": "Platform képernyős ajtók",
	"item.mtr.psd_glass_end_2": "Platform képernyős ajtók",
	"item.mtr.rail_connector_120": "Obszidián sín csatlakozó",
	"item.mtr.rail_connector_120_one_way": "Obszidián, egyirányú sínösszekötő",
	"item.mtr.rail_connector_160": "Blaze sín csatlakozó",
	"item.mtr.rail_connector_160_one_way": "Tüzes, egyirányú síncstlakozó",
	"item.mtr.rail_connector_20": "Fa sín csatlakozó",
	"item.mtr.rail_connector_200": "Kvarc sín csatlakozó",
	"item.mtr.rail_connector_200_one_way": "Kvarc, egyirányú sínösszekötő",
	"item.mtr.rail_connector_20_one_way": "Fa, egyirányú sínösszekötő",
	"item.mtr.rail_connector_300": "Gyémánt sín csatlakozó",
	"item.mtr.rail_connector_300_one_way": "Gyémánt, egyirányú sínösszekötő",
	"item.mtr.rail_connector_40": "Kő sín csatlakozó",
	"item.mtr.rail_connector_40_one_way": "Kő, egyirányú sínösszekötő",
	"item.mtr.rail_connector_60": "Smaragd síncsatlakozó",
	"item.mtr.rail_connector_60_one_way": "Smaragd, egyirányú sínösszekötő",
	"item.mtr.rail_connector_80": "Vassín csatlakozó",
	"item.mtr.rail_connector_80_one_way": "Vas, egyirányú sínösszekötő",
	"item.mtr.rail_connector_cable_car": "Kabinos felvonó vezeték csatlakoztató",
	"item.mtr.rail_connector_platform": "Platform sín csatlakozó",
	"item.mtr.rail_connector_runway": "Kifutópálya sínek csatlakoztatója",
	"item.mtr.rail_connector_siding": "Oldalfali sín csatlakozó",
	"item.mtr.rail_connector_turn_back": "Visszafordító sín",
	"item.mtr.rail_remover": "Síneltávolító",
	"item.mtr.resource_pack_creator": "Erőforrás csomag létrehozó",
	"item.mtr.signal_connector_black": "Fekete jelcsatlakozó",
	"item.mtr.signal_connector_blue": "Kék jelcsatlakozó",
	"item.mtr.signal_connector_brown": "Barna jelcsatlakozó",
	"item.mtr.signal_connector_cyan": "Cián jelcsatlakozó",
	"item.mtr.signal_connector_gray": "Szürke jelcsatlakozó",
	"item.mtr.signal_connector_green": "Zöld jelcsatlakozó",
	"item.mtr.signal_connector_light_blue": "Világoskék jelcsatlakozó",
	"item.mtr.signal_connector_light_gray": "Világosszürke vasúti jelzőövezet",
	"item.mtr.signal_connector_lime": "Lime jel csatlakozó",
	"item.mtr.signal_connector_magenta": "Magenta jelcsatlakozó",
	"item.mtr.signal_connector_orange": "Narancssárga jelcsatlakozó",
	"item.mtr.signal_connector_pink": "Rózsaszín jelcsatlakozó",
	"item.mtr.signal_connector_purple": "Lila jelcsatlakozó",
	"item.mtr.signal_connector_red": "Piros jelcsatlakozó",
	"item.mtr.signal_connector_white": "Fehér jelcsatlakozó",
	"item.mtr.signal_connector_yellow": "Sárga jelcsatlakozó",
	"item.mtr.signal_remover_black": "Fekete jeleltávolító",
	"item.mtr.signal_remover_blue": "Kék jeleltávolító",
	"item.mtr.signal_remover_brown": "Barna jeleltávolító",
	"item.mtr.signal_remover_cyan": "Cián jeleltávolító",
	"item.mtr.signal_remover_gray": "Szürke vasúti jelzőövezet",
	"item.mtr.signal_remover_green": "Zöld jeleltávolító",
	"item.mtr.signal_remover_light_blue": "Világoskék jeleltávolító",
	"item.mtr.signal_remover_light_gray": "Világosszürke jeleltávolító",
	"item.mtr.signal_remover_lime": "Limezöld jeleltávolító",
	"item.mtr.signal_remover_magenta": "Magenta jeleltávolító",
	"item.mtr.signal_remover_orange": "Narancssárga jeleltávolító",
	"item.mtr.signal_remover_pink": "Rózsaszín jel eltávolító",
	"item.mtr.signal_remover_purple": "Lila jeleltávolító",
	"item.mtr.signal_remover_red": "Piros jelzés eltávolító",
	"item.mtr.signal_remover_white": "Fehér jeleltávolító",
	"item.mtr.signal_remover_yellow": "Sárga jeleltávolító",
	"item.mtr.tunnel_creator_4_3": "Alagút alkotó",
	"item.mtr.tunnel_creator_4_5": "Alagút készítő",
	"item.mtr.tunnel_creator_4_7": "Alagút készítő",
	"item.mtr.tunnel_creator_4_9": "Alagút készítő",
	"item.mtr.tunnel_creator_5_3": "Alagút készítő",
	"item.mtr.tunnel_creator_5_5": "Alagút készítő",
	"item.mtr.tunnel_creator_5_7": "Alagút készítő",
	"item.mtr.tunnel_creator_5_9": "Alagút készítő",
	"item.mtr.tunnel_creator_6_3": "Alagút készítő",
	"item.mtr.tunnel_creator_6_5": "Alagút készítő",
	"item.mtr.tunnel_creator_6_7": "Alagút készítő",
	"item.mtr.tunnel_creator_6_9": "Alagút készítő",
	"item.mtr.tunnel_wall_creator_4_3": "Alagútfal alkotója",
	"item.mtr.tunnel_wall_creator_4_5": "Alagútfal alkotója",
	"item.mtr.tunnel_wall_creator_4_7": "Alagútfal alkotója",
	"item.mtr.tunnel_wall_creator_4_9": "Alagútfal alkotója",
	"item.mtr.tunnel_wall_creator_5_3": "Alagútfal alkotója",
	"item.mtr.tunnel_wall_creator_5_5": "Alagútfal alkotója",
	"item.mtr.tunnel_wall_creator_5_7": "Alagútfal alkotója",
	"item.mtr.tunnel_wall_creator_5_9": "Alagútfal alkotója",
	"item.mtr.tunnel_wall_creator_6_3": "Alagútfal alkotója",
	"item.mtr.tunnel_wall_creator_6_5": "Alagútfal alkotója",
	"item.mtr.tunnel_wall_creator_6_7": "Alagútfal alkotója",
	"item.mtr.tunnel_wall_creator_6_9": "Alagútfal alkotója",
	"itemGroup.mtr.core": "Minecraft Transit Railway Core",
	"itemGroup.mtr.escalators_lifts": "Mozgólépcsők, liftek",
	"itemGroup.mtr.railway_facilities": "Vasúti létesítmények",
	"itemGroup.mtr.station_building_blocks": "Állomásépítő blokkok",
	"key.mtr.debug_1_negative": "1. hibakeresési mező (kivonás)",
	"key.mtr.debug_1_positive": "1. hibakeresési mező (hozzáadás)",
	"key.mtr.debug_2_negative": "2. hibakeresési mező (kivonás)",
	"key.mtr.debug_2_positive": "2. hibakeresési mező (hozzáadás)",
	"key.mtr.debug_3_negative": "3. hibakeresési mező (kivonás)",
	"key.mtr.debug_3_positive": "3. hibakeresési mező (hozzáadás)",
	"key.mtr.debug_cycle_negative": "Hibakeresési ciklus kategória (visszafelé)",
	"key.mtr.debug_cycle_positive": "Hibakeresési ciklus kategória (előrefele)",
	"key.mtr.lift_menu": "Nyisd meg a lift emeletválasztó panelt",
	"key.mtr.train_accelerate": "Jármű gyorsulás",
	"key.mtr.train_brake": "Jármű fékezés",
	"key.mtr.train_toggle_doors": "Ajtók irányítása",
	"options.mtr.anonymous": "Névtelen",
	"options.mtr.dynamic_texture_resolution": "Dinamikus textúrafelbontás (nagyobb értékek összeomolhatnak!)",
	"options.mtr.hide_special_rail_colors": "Különleges sínszínek elrejtése",
	"options.mtr.hide_translucent_parts": "Az áttetsző alkatrészek elrejtése a járműveken",
	"options.mtr.language_options": "A táblák nyelve",
	"options.mtr.language_options_0": "Alapértelmezett",
	"options.mtr.language_options_1": "Csak CJK",
	"options.mtr.language_options_2": "Ami nem CJK",
	"options.mtr.off": "Ki",
	"options.mtr.on": "Be",
	"options.mtr.shift_to_toggle_sitting": "A %s használatával kapcsolhatja a járművek belsejében ülést",
	"options.mtr.show_announcement_messages": "A \"következő állomás\" üzenetek megjelenítése a csevegésben",
	"options.mtr.support_patreon": "Támogassa a modot a Patreonon! Ezzel segíthet, hogy újabb funkciók mihamarabb hozzáadásra kerülhessenek!",
	"options.mtr.track_texture_offset": "Nyomvonal textúra eltolása",
	"options.mtr.use_dynamic_fps": "Dinamikusan növelje az FPS-t",
	"options.mtr.use_mtr_font": "Egyéni MTR betűtípusok használata (egyes számítógépeken nem működik)",
	"options.mtr.use_tts_announcements": "Engedélyezze a \"következő állomás\" szövegfelolvasó közleményeket",
	"options.mtr.vehicle_render_distance_ratio": "Jármű renderelés Minecraft renderelés távolság aránya",
	"sign.mtr.airport": "Repülőtér",
	"sign.mtr.airport_arrivals": "Érkezések",
	"sign.mtr.airport_arrivals_cjk": "Érkezés Hong Kongba",
	"sign.mtr.airport_cjk": "Repülőtér",
	"sign.mtr.airport_departures": "Indulások",
	"sign.mtr.airport_departures_cjk": "Indulások",
	"sign.mtr.airport_express": "Reptérre",
	"sign.mtr.airport_express_city": "Vonat a városba",
	"sign.mtr.airport_express_city_cjk": "vonat a városba",
	"sign.mtr.airport_express_cjk": "vonat a repülőtérre",
	"sign.mtr.airport_transfer": "Átszállás",
	"sign.mtr.airport_transfer_cjk": "Átszállás",
	"sign.mtr.baggage_claim": "Csomagok begyűjtése",
	"sign.mtr.baggage_claim_cjk": "Csomagok begyűjtése",
	"sign.mtr.boat": "Kompok",
	"sign.mtr.boat_cjk": "komp",
	"sign.mtr.cable_car": "Kabinos felvonók",
	"sign.mtr.cable_car_cjk": "Kabinos felvonó",
	"sign.mtr.check_in_passengers": "Beszállás",
	"sign.mtr.check_in_passengers_cjk": "utasok beszállása",
	"sign.mtr.cross": "Beszállás a másik oldalon",
	"sign.mtr.cross_cjk": "nem engedik be",
	"sign.mtr.customer_service_centre": "Információs pult",
	"sign.mtr.customer_service_centre_cjk": "Ügyfélszolgálati Központ",
	"sign.mtr.emergency_exit": "Vészkijárat",
	"sign.mtr.emergency_exit_cjk": "vészkijárat",
	"sign.mtr.escalator_to_concourse_down": "Csak a konkurenciára",
	"sign.mtr.escalator_to_concourse_down_cjk": "Telok előcsarnok",
	"sign.mtr.escalator_to_concourse_up": "Csak ők",
	"sign.mtr.escalator_to_concourse_up_cjk": "Menjen egyenesen a hallba",
	"sign.mtr.female": "Női mosdó",
	"sign.mtr.female_cjk": "Női mosdó",
	"sign.mtr.in_town_check_in": "Beszállás, a város felé",
	"sign.mtr.in_town_check_in_cjk": "Beszállas, a város felé",
	"sign.mtr.lift_1": "Liftek",
	"sign.mtr.lift_1_cjk": "Emel",
	"sign.mtr.lift_2": "Liftek",
	"sign.mtr.lift_2_cjk": "emel",
	"sign.mtr.light_rail_1": "Villamos",
	"sign.mtr.light_rail_1_cjk": "kombínó",
	"sign.mtr.light_rail_2": "Villamos",
	"sign.mtr.light_rail_2_cjk": "kombínó",
	"sign.mtr.light_rail_3": "Villamos",
	"sign.mtr.light_rail_3_cjk": "kombínó",
	"sign.mtr.light_rail_4": "Villamos",
	"sign.mtr.light_rail_4_cjk": "kombínó",
	"sign.mtr.logo": "Minecraft Transit Railway",
	"sign.mtr.logo_cjk": "minecraft vasút",
	"sign.mtr.male": "Férfi mosdó",
	"sign.mtr.male_cjk": "férfi mosdó",
	"sign.mtr.platform": "Peron",
	"sign.mtr.platform_cjk": "felület",
	"sign.mtr.sp1900": "Vonatok",
	"sign.mtr.sp1900_cjk": "vonat",
	"sign.mtr.station": "Állomás",
	"sign.mtr.station_cjk": "Állomás",
	"sign.mtr.tickets": "Jegyellenőrzés",
	"sign.mtr.tickets_cjk": "jegy",
	"sign.mtr.toilets": "Mosdók",
	"sign.mtr.toilets_cjk": "WC",
	"sign.mtr.train": "Vonatok",
	"sign.mtr.train_cjk": "Vonatok",
	"sign.mtr.train_old": "Vonatok",
	"sign.mtr.train_old_cjk": "Vonat",
	"sign.mtr.wheelchair": "Mosdók",
	"sign.mtr.wheelchair_cjk": "Mosdók",
	"sign.mtr.wifi": "Ingyenes Wi-Fi hozzáférési pont",
	"sign.mtr.wifi_cjk": "Ingyenes Wi-Fi Hotspot",
	"sign.mtr.xrl_1": "Nagy sebességű vasút",
	"sign.mtr.xrl_1_cjk": "nagy sebességű vasút",
	"sign.mtr.xrl_2": "Nagy sebességű vasút",
	"sign.mtr.xrl_2_cjk": "nagy sebességű vasút",
	"sign.mtr.yellow_head_1": "Vonatok",
	"sign.mtr.yellow_head_1_cjk": "vonat",
	"sign.mtr.yellow_head_2": "Vonatok",
	"sign.mtr.yellow_head_2_cjk": "vonat",
	"tooltip.block.mtr.glass_fence_cio": "Egy város",
	"tooltip.block.mtr.glass_fence_ckt": "Che Kung templom",
	"tooltip.block.mtr.glass_fence_heo": "Egy az egyhez",
	"tooltip.block.mtr.glass_fence_mos": "A MA ONS tartalmaz",
	"tooltip.block.mtr.glass_fence_plain": "Üvegtábla",
	"tooltip.block.mtr.glass_fence_shm": "Mun de Shek",
	"tooltip.block.mtr.glass_fence_stained": "Ólomüveg tábla",
	"tooltip.block.mtr.glass_fence_stw": "SHA ón w szerelem",
	"tooltip.block.mtr.glass_fence_tsh": "Tai Shui Hang",
	"tooltip.block.mtr.glass_fence_wks": "Wu Kai Sha",
	"tooltip.mtr.cable_car_node": "Nem csatlakoztathatsz platform vagy depósínt. Csak egyenesen csatlakoztathatsz sínt",
	"tooltip.mtr.cable_car_node_station": "Platformok és depók létrehozhatók. Kanyarok létrehozhatók",
	"tooltip.mtr.pole_placement": "Meglévő tetejére kell helyezni\n%s",
	"tooltip.mtr.psd_apg_door": "Ajtó szakasz",
	"tooltip.mtr.psd_apg_door_2": "Ajtó szakasz",
	"tooltip.mtr.psd_apg_glass": "Üvegszakasz",
	"tooltip.mtr.psd_apg_glass_2": "Üvegszakasz",
	"tooltip.mtr.psd_apg_glass_end": "Üvegvég szakasz",
	"tooltip.mtr.rail_action_depth": "Mélység:%s",
	"tooltip.mtr.rail_action_height": "Magasság: %s",
	"tooltip.mtr.rail_action_width": "Szélesség: %s",
	"tooltip.mtr.rail_speed_limit": "Sebességkorlátozás: %s",
	"tooltip.mtr.railway_sign_even": "Tájolás: egyenletes",
	"tooltip.mtr.railway_sign_length": "Hossz: %s",
	"tooltip.mtr.railway_sign_odd": "Tájolás: Páratlan",
	"tooltip.mtr.selected_block": "Kiválasztott blokk: %s",
	"tooltip.mtr.selected_material": "Kiválasztott anyag: %s",
	"tooltip.mtr.shift_right_click_to_clear": "Tartsa lenyomva a(z) %s gombot, és használja az on|a %s gombot a visszaállításhoz",
	"tooltip.mtr.shift_right_click_to_select_material": "Tartsa lenyomva a(z) %s gombot, és használja az on|egy blokkot az anyag kiválasztásához",
	"tooltip.mtr.station_color": "A szín az állomástól függ",
	"tooltip.mtr.station_color_name": "A szín és a szöveg az állomástól függ",
	"train.mtr.a320": "Airbus A320",
	"train.mtr.a_train_ael": "CAF repülőtéri expressz",
	"train.mtr.a_train_ael_mini": "CAF repülőtéri expressz (Mini)",
	"train.mtr.a_train_tcl": "CAF Tung Chung vonal",
	"train.mtr.a_train_tcl_mini": "CAF Tung Chung Line (mini)",
	"train.mtr.a_train_tcl_small": "CAF Tung Chung Line (kicsi)",
	"train.mtr.acacia_boat": "Akáciafa csónak",
	"train.mtr.birch_boat": "Nyírfa csónak",
	"train.mtr.br_423": "DR BR 423",
	"train.mtr.c1141a": "1141A / TML C-Vonat",
	"train.mtr.c1141a_mini": "1141A / TML C-Vonat (pici)",
	"train.mtr.c1141a_small": "1141A / TML C-Vonat (kicsi)",
	"train.mtr.c_train": "C-vonat",
	"train.mtr.c_train_mini": "C-vonat (pici)",
	"train.mtr.c_train_small": "C-Vonat (kicsi)",
	"train.mtr.class_377_southern": "British Rail Class 377 (Déli)",
	"train.mtr.class_802_gwr": "British Rail Class 802 (GWR)",
	"train.mtr.class_802_gwr_mini": "British Rail Class 802 (GWR, Mini)",
	"train.mtr.class_802_tpe": "British Rail Class 802 (TPE)",
	"train.mtr.class_802_tpe_mini": "British Rail Class 802 (TPE, Mini)",
	"train.mtr.cm_stock": "Metro-Cammell vonat (felújítatlan M-vonat)",
	"train.mtr.cm_stock_mini": "Metro-Cammell vonat (felújítatlan M-vonat, mini)",
	"train.mtr.cm_stock_small": "Metro-Cammell vonat (felújítatlan M-vonat, kicsi)",
	"train.mtr.dark_oak_boat": "Sötét tölgyfa csónak",
	"train.mtr.drl": "Disneyland Resort Line vonat",
	"train.mtr.e44": "KCR E44 (sárga fej)",
	"train.mtr.e44_mini": "KCR E44 (sárga fej, mini)",
	"train.mtr.flying_minecart": "Repülő csille",
	"train.mtr.jungle_boat": "Dzsungelfa csónak",
	"train.mtr.k_train": "K-Train",
	"train.mtr.k_train_ael": "K-Train repülőtéri expressz",
	"train.mtr.k_train_ael_mini": "K-Train repülőtéri expressz (mini)",
	"train.mtr.k_train_ael_small": "K-Train repülőtéri expressz (kicsi)",
	"train.mtr.k_train_mini": "K-Train (Mini)",
	"train.mtr.k_train_small": "K-Train (kicsi)",
	"train.mtr.k_train_tcl": "K-Train Tung Chung vonal",
	"train.mtr.k_train_tcl_mini": "K-Train Tung Chung vonal (mini)",
	"train.mtr.k_train_tcl_small": "K-Train Tung Chung vonal (kicsi)",
	"train.mtr.light_rail_1": "Kisvasút (1. fázis)",
	"train.mtr.light_rail_1_orange": "Villamos (1. fázis, narancssárga szín)",
	"train.mtr.light_rail_1_orange_rht": "Villamos (Phase 1, Orange Livery, jobb ajtók)",
	"train.mtr.light_rail_1_rht": "Villamos (Phase 1, jobb ajtókkal)",
	"train.mtr.light_rail_1r": "Villamos (Phase 1 Felújított, bal ajtók)",
	"train.mtr.light_rail_1r_old": "Villamos (Phase 1, kék belső, bal ajtók)",
	"train.mtr.light_rail_1r_old_rht": "Villamos (Phase 1 Felújított, Blue Livery, jobb ajtók)",
	"train.mtr.light_rail_1r_orange": "Villamos (Phase 1 felújított, Orange Livery, bal ajtók)",
	"train.mtr.light_rail_1r_orange_rht": "Villamos (Phase 1 Felújított, Orange Livery, jobb ajtók)",
	"train.mtr.light_rail_1r_rht": "Villamos (Phase 1 Felújított, jobb ajtók)",
	"train.mtr.light_rail_2": "Villamos (Phase 2, jobb ajtókkal)",
	"train.mtr.light_rail_2r": "Villamos (2. Rész, felújított, LHT)",
	"train.mtr.light_rail_2r_rht": "Villamos (2. Rész Felújított, RHT",
	"train.mtr.light_rail_2_orange": "Villamos (Phase 2, Orange Livery, jobb ajtók)",
	"train.mtr.light_rail_2_orange_rht": "Villamos (Phase 2, Orange Livery, jobb ajtók)",
	"train.mtr.light_rail_2_rht": "Villamos (Phase 2, jobb ajtókkal)",
	"train.mtr.light_rail_3": "Villamos (Phase 3, bal ajtók)",
	"train.mtr.light_rail_3r": "Villamos (3. Rész, felújított, LHT)",
	"train.mtr.light_rail_3r_rht": "Villamos (3. Rész Felújított, RHT)",
	"train.mtr.light_rail_3_orange": "Villamos (Phase 3, Orange Livery, bal ajtók)",
	"train.mtr.light_rail_3_orange_rht": "Villamos (Phase 3, Orange Livery, jobb ajtók)",
	"train.mtr.light_rail_3_rht": "Villamos (Phase 3, jobb ajtókkal)",
	"train.mtr.light_rail_4": "Villamos (Phase 4, bal ajtók)",
	"train.mtr.light_rail_4_old": "Villamos (Phase 4, blue Livery, bal ajtók)",
	"train.mtr.light_rail_4_old_rht": "Villamos (Phase 4, blue Livery, jobb ajtók)",
	"train.mtr.light_rail_4_orange": "Villamos (Phase 4, Orange Livery, bal ajtók)",
	"train.mtr.light_rail_4_orange_rht": "Villamos (Phase 4, Orange Livery, jobb ajtók)",
	"train.mtr.light_rail_4_rht": "Villamos (Phase 4, jobb ajtókkal)",
	"train.mtr.light_rail_5": "Villamos (Phase 5, bal ajtók)",
	"train.mtr.light_rail_5_old": "Villamos (Phase 5, blue Livery, bal ajtók)",
	"train.mtr.light_rail_5_old_rht": "Villamos (Phase 5, blue Livery, jobb ajtók)",
	"train.mtr.light_rail_5_orange": "Villamos (Phase 5, Orange Livery, bal ajtók)",
	"train.mtr.light_rail_5_orange_rht": "Villamos (Phase 5, Orange Livery, jobb ajtók)",
	"train.mtr.light_rail_5_rht": "Villamos (Phase 5, jobb ajtókkal)",
	"train.mtr.london_underground_1995": "London Underground 1995 Stock",
	"train.mtr.london_underground_1996": "London Underground 1996 Stock",
	"train.mtr.london_underground_d78": "London Underground D78 Stock",
	"train.mtr.london_underground_d78_mini": "London Underground D78 Stock (Mini)",
	"train.mtr.m_train": "M-Vonat",
	"train.mtr.m_train_mini": "M-Vonat (Mini)",
	"train.mtr.m_train_small": "M-Vonat (Kicsi)",
	"train.mtr.minecart": "Csille",
	"train.mtr.mlr": "MLR vonat",
	"train.mtr.mlr_christmas": "Karácsonyi MLR vonat",
	"train.mtr.mlr_christmas_mini": "Karácsonyi MLR vonat (Apró)",
	"train.mtr.mlr_christmas_small": "Karácsonyi MLR vonat (Kicsi)",
	"train.mtr.mlr_mini": "MLR vonat (Mini)",
	"train.mtr.mlr_small": "MLR vonat (Kicsi)",
	"train.mtr.mpl_85": "MPL 85",
	"train.mtr.ngong_ping_360_crystal": "Ngong Ping 360 Crystal Cabin (ajtók bal oldalt)",
	"train.mtr.ngong_ping_360_crystal_rht": "Ngong Ping 360 Crystal Cabin (ajtók jobb oldalt)",
	"train.mtr.ngong_ping_360_crystal_plus": "Ngong Ping 360 Crystal+ Cabin (LHT)",
	"train.mtr.ngong_ping_360_crystal_plus_rht": "Ngong Ping 360 Crystal+ Cabin (RHT)",
	"train.mtr.ngong_ping_360_normal_light_blue": "Ngong Ping 360 (világoskék, bal oldali ajtók)",
	"train.mtr.ngong_ping_360_normal_light_blue_rht": "Ngong Ping 360 (Mackaszín, jobb oldali ajtók)",
	"train.mtr.ngong_ping_360_normal_orange": "Ngong Ping 360 ( narancs szín, bal o. Ajtókkal)",
	"train.mtr.ngong_ping_360_normal_orange_rht": "Ngong Ping 360 ( narancs szín, jobb o. Ajtókkal)",
	"train.mtr.ngong_ping_360_normal_red": "Ngong Ping 360 ( piros szín, bal o. Ajtókkal)",
	"train.mtr.ngong_ping_360_normal_red_rht": "Ngong Ping 360 (piros szín, jobb oldali ajtókkal)",
	"train.mtr.oak_boat": "Tölgy csónak",
	"train.mtr.r179": "R179 (New York-i metró)",
	"train.mtr.r179_mini": "R179 (New York-i metró, mini)",
	"train.mtr.r211": "R211 (New York City metró)",
	"train.mtr.r211_mini": "R211 (New York City metró, mini)",
	"train.mtr.r211t": "R211T (New York City metró)",
	"train.mtr.r211t_mini": "R211 (New York-i metró, mini)",
	"train.mtr.r_train": "R-Vonat",
	"train.mtr.r_train_mini": "R-Train (kis méret)",
	"train.mtr.r_train_small": "R-Train (közepes méret)",
	"train.mtr.s_train": "S-Vonat",
	"train.mtr.s_train_mini": "S-Vonat (Mini)",
	"train.mtr.s_train_small": "S-Vonat (Kicsi)",
	"train.mtr.sp1900": "SP1900",
	"train.mtr.sp1900_mini": "SP1900 (Mini)",
	"train.mtr.sp1900_small": "SP1900 (Kicsi)",
	"train.mtr.spruce_boat": "Fenyőfa csónak"
}
