{
	"block.minecraft.bedrock_slab": "Lastra Di Bedrock",
	"block.minecraft.birch_wood_slab": "Lastra di legno di betulla",
	"block.minecraft.bone_block_slab": "Lastra di ossa",
	"block.minecraft.chiseled_quartz_block_slab": "Lastra di quarzo cesellata",
	"block.minecraft.chiseled_stone_bricks_slab": "Lastra di pietra cesellata",
	"block.minecraft.clay_slab": "Lastra di argilla",
	"block.minecraft.coal_ore_slab": "Lastra di minerale di carbone",
	"block.minecraft.concrete": "Cemento",
	"block.minecraft.concrete_powder": "Polvere Di Cemento",
	"block.minecraft.concrete_powder_slab": "Lastra di polvere di calcestruzzo",
	"block.minecraft.concrete_slab": "Lastra di calcestruzzo",
	"block.minecraft.cracked_stone_bricks_slab": "Lastra di mattoni di pietra incrinata",
	"block.minecraft.gravel_slab": "Lastra di Ghiaia",
	"block.minecraft.iron_block_slab": "Lastra di Blocco di Ferro",
	"block.minecraft.metal": "Blocco Di Metallo",
	"block.minecraft.metal_slab": "Lastra Di Metallo",
	"block.minecraft.planks": "Assi di legno",
	"block.minecraft.planks_slab": "Lastra di Assi di legna",
	"block.minecraft.purpur_block_slab": "Lastra di blocco di porpora",
	"block.minecraft.purpur_pillar_slab": "Lastra di pilastro di porpora",
	"block.minecraft.quartz_block_slab": "Lastra di blocco di quarzo",
	"block.minecraft.quartz_bricks_slab": "Lastra di Mattoni di Quarzo",
	"block.minecraft.quartz_pillar_slab": "Lastra del Pilastro di quarzo",
	"block.minecraft.snow_block_slab": "Lastra di Blocco di neve",
	"block.minecraft.stained_glass": "Vetro colorato",
	"block.minecraft.stained_glass_slab": "Lastra di vetro macchiato",
	"block.minecraft.stone_bricks_slab": "Lastra di Mattoni di Pietra",
	"block.minecraft.wool": "Lana",
	"block.minecraft.wool_slab": "Lastra di Lana",
	"block.mtr.airplane_node": "Connettore Aerei",
	"block.mtr.apg_door": "Cancelli Automatici Della Piattaforma",
	"block.mtr.apg_glass": "Cancelli Automatici Della Piattaforma",
	"block.mtr.apg_glass_end": "Cancelli Automatici Della Piattaforma",
	"block.mtr.arrival_projector_1_large": "Proiettore arrivo (3x3)",
	"block.mtr.arrival_projector_1_medium": "Proiettore arrivo (3x2)",
	"block.mtr.arrival_projector_1_small": "Proiettore Arrivo (1x1)",
	"block.mtr.boat_node": "Nodo Della Barca",
	"block.mtr.cable_car_node_lower": "Nodo della funivia",
	"block.mtr.cable_car_node_station": "Nodo della stazione della funivia",
	"block.mtr.cable_car_node_upper": "Nodo della funivia",
	"block.mtr.ceiling": "Soffitto",
	"block.mtr.ceiling_light": "Soffitto (Luce)",
	"block.mtr.ceiling_no_light": "Soffitto (Spento)",
	"block.mtr.clock": "Orologio",
	"block.mtr.clock_pole": "Palo con orologio",
	"block.mtr.escalator_side": "Scala Mobile",
	"block.mtr.escalator_step": "Scala Mobile",
	"block.mtr.glass_fence_cio": "Recinzione Di Vetro",
	"block.mtr.glass_fence_ckt": "Recinzione Di Vetro",
	"block.mtr.glass_fence_heo": "Recinzione Di Vetro",
	"block.mtr.glass_fence_mos": "Recinzione Di Vetro",
	"block.mtr.glass_fence_plain": "Recinzione Di Vetro",
	"block.mtr.glass_fence_shm": "Recinzione Di Vetro",
	"block.mtr.glass_fence_stained": "Recinzione Di Vetro",
	"block.mtr.glass_fence_stw": "Recinzione Di Vetro",
	"block.mtr.glass_fence_tsh": "Recinzione Di Vetro",
	"block.mtr.glass_fence_wks": "Recinzione Di Vetro",
	"block.mtr.lift_buttons_1": "Pulsanti Ascensore",
	"block.mtr.lift_door_1": "Porte Ascensore",
	"block.mtr.lift_door_odd_1": "Porte Ascensore",
	"block.mtr.lift_panel_even_1": "Pannello di Visualizzazione per Ascensore",
	"block.mtr.lift_panel_even_2": "Pannello di Visualizzazione per Ascensore",
	"block.mtr.lift_panel_odd_1": "Pannello di Visualizzazione per Ascensore",
	"block.mtr.lift_panel_odd_2": "Pannello di Visualizzazione per Ascensore",
	"block.mtr.lift_track_1": "Tratta Ascensore",
	"block.mtr.lift_track_floor_1": "Tratta del piano dell'ascensore",
	"block.mtr.logo": "Logo MTR",
	"block.mtr.marble_blue": "Marmo Blu",
	"block.mtr.marble_blue_slab": "Lastra di Marmo Blu",
	"block.mtr.marble_sandy": "Marmo Sabbioso",
	"block.mtr.marble_sandy_slab": "Lastra di Marmo Sabbioso",
	"block.mtr.metal": "Metallo",
	"block.mtr.metal_slab": "Lastra Di Metallo",
	"block.mtr.pids_1": "Sistema Di Visualizzazione Delle Informazioni Passeggeri",
	"block.mtr.pids_2": "Sistema Di Visualizzazione Delle Informazioni Passeggeri",
	"block.mtr.pids_3": "Sistema Di Visualizzazione Delle Informazioni Passeggeri",
	"block.mtr.pids_pole": "Palo PIDS",
	"block.mtr.platform": "Piattaforma (Hong Kong)",
	"block.mtr.platform_indented": "Piattaforma (Hong Kong)",
	"block.mtr.platform_na_1": "Piattaforma (Nord America)",
	"block.mtr.platform_na_1_indented": "Piattaforma (Nord America)",
	"block.mtr.platform_na_2": "Piattaforma (Nord America)",
	"block.mtr.platform_na_2_indented": "Piattaforma (Nord America)",
	"block.mtr.platform_uk_1": "Piattaforma (Regno Unito)",
	"block.mtr.platform_uk_1_indented": "Piattaforma (Regno Unito)",
	"block.mtr.psd_door": "Piattaforma con porte schermo",
	"block.mtr.psd_door_2": "Piattaforma con porte schermo",
	"block.mtr.psd_glass": "Piattaforma con porte schermo",
	"block.mtr.psd_glass_2": "Piattaforma con porte schermo",
	"block.mtr.psd_glass_end": "Piattaforma con porte schermo",
	"block.mtr.psd_glass_end_2": "Piattaforma con porte schermo",
	"block.mtr.psd_top": "Piattaforma con porte schermo",
	"block.mtr.rail": "Nodo Rotaia",
	"block.mtr.railway_sign": "Segnale Binario",
	"block.mtr.railway_sign_pole": "Palo Segnale Binario",
	"block.mtr.route_sign_standing_light": "Segnale Tragitto (Luce fissa)",
	"block.mtr.route_sign_standing_metal": "Segnale Tragitto (Metallo fisso)",
	"block.mtr.route_sign_wall_light": "Segnale Tragitto (Luce sul muro)",
	"block.mtr.route_sign_wall_metal": "Segnale Tragitto (Metallo al muro)",
	"block.mtr.rubbish_bin_1": "Cestino della spazzatura",
	"block.mtr.signal_light_1": "Semaforo (2 Aspetti)",
	"block.mtr.signal_light_2": "Semaforo (2 Aspetti, A Due Facce)",
	"block.mtr.signal_light_3": "Semaforo (2 Aspetti)",
	"block.mtr.signal_light_3_aspect_1": "Semaforo (3 Aspetti)",
	"block.mtr.signal_light_3_aspect_2": "Semaforo (3 Aspetti, A Due Facce)",
	"block.mtr.signal_light_4": "Semaforo (2 Aspetti, A Due Facce)",
	"block.mtr.signal_light_4_aspect_1": "Semaforo (4 Aspetti)",
	"block.mtr.signal_light_4_aspect_2": "Semaforo (4 Aspetti, A Due Facce)",
	"block.mtr.signal_pole": "Palo Segnaletico",
	"block.mtr.signal_semaphore_1": "Semaforo",
	"block.mtr.signal_semaphore_2": "Segnale del Semaforo (A Due Facce)",
	"block.mtr.station_name_entrance": "Nome Della Stazione (Entrata)",
	"block.mtr.station_name_tall_block": "Nome Stazione (Blocco Alto)",
	"block.mtr.station_name_tall_block_double_sided": "Nome Stazione (Blocco alto, Doppia faccia)",
	"block.mtr.station_name_tall_wall": "Nome Stazione (Testo su muro alto)",
	"block.mtr.station_name_wall": "Nome Stazione (Testo sul muro, Bianco)",
	"block.mtr.station_name_wall_black": "Nome Stazione (Testo sul muro, nero)",
	"block.mtr.station_name_wall_gray": "Nome stazione (Testo sul muro, grigio)",
	"block.mtr.station_pole": "Colore Palo Stazione",
	"block.mtr.tactile_map": "Mappa Tattile",
	"block.mtr.ticket_barrier_entrance_1": "Barriera Biglietto (Entrata)",
	"block.mtr.ticket_barrier_exit_1": "Barriera Biglietto (Uscita)",
	"block.mtr.ticket_machine": "Macchina Biglietti",
	"block.mtr.ticket_processor": "Processore Biglietti",
	"block.mtr.ticket_processor_enquiry": "Processo di Richiesta",
	"block.mtr.ticket_processor_entrance": "Processore di Biglietti (Entrata)",
	"block.mtr.ticket_processor_exit": "Processore di Biglietti (Uscita)",
	"block.mtr.train_announcer": "Annunciatore",
	"block.mtr.train_cargo_loader": "Caricatore della merce",
	"block.mtr.train_cargo_unloader": "Scaricatore della merce",
	"block.mtr.train_schedule_sensor": "Sensore di Programmazione",
	"block.mtr.train_sensor": "Sensore di Redstone",
	"category.mtr.keybinding": "Combinazioni di tasti di Minecraft Transit Railway",
	"entity.mtr.seat": "",
	"gui.mtr.acceleration": "Accelerazione del veicolo",
	"gui.mtr.add_balance_for_emeralds": "Aggiungi $%s per %s smeraldo(i)",
	"gui.mtr.add_depot": "Aggiungi Deposito",
	"gui.mtr.add_exit": "Aggiungi Uscita Stazione",
	"gui.mtr.add_exit_destination": "Aggiungi Uscita Destinazione",
	"gui.mtr.add_route": "Aggiungi Percorso",
	"gui.mtr.add_station": "Aggiungi Stazione",
	"gui.mtr.add_value": "Aggiungi Valore",
	"gui.mtr.already_entered": "Stazione già inserita",
	"gui.mtr.already_exited": "Entrata non riscontrata",
	"gui.mtr.announcement_message": "Messaggio di annuncio",
	"gui.mtr.anticlockwise_to": "Torna indietro fino a %s",
	"gui.mtr.anticlockwise_to_cjk": "Torna indietro fino a %s",
	"gui.mtr.anticlockwise_via": "Torna Indietro da %s",
	"gui.mtr.anticlockwise_via_cjk": "Torna Indietro da %s",
	"gui.mtr.arrival_car": "%s-macchina",
	"gui.mtr.arrival_car_cjk": "%s-macchina",
	"gui.mtr.arrival_min": "%s minuto",
	"gui.mtr.arrival_min_cjk": "%s minuto",
	"gui.mtr.arrival_sec": "%s secondo",
	"gui.mtr.arrival_sec_cjk": "%s secondo",
	"gui.mtr.automatically_detect_nearby_platform": "Rileva automaticamente una piattaforma vicina",
	"gui.mtr.available": "Disponibile",
	"gui.mtr.available_model_parts": "Parti del modello disponibili",
	"gui.mtr.balance": "Saldo: $%s",
	"gui.mtr.cable_car_invalid_orientation": "Connessione del cavo non valida",
	"gui.mtr.cars_to_spawn": "Auto da generare: %s",
	"gui.mtr.clear_vehicles": "Elimina tutti i veicoli",
	"gui.mtr.clockwise_to": "Torna indietro fino a %s",
	"gui.mtr.clockwise_to_cjk": "順時針往%s",
	"gui.mtr.clockwise_via": "Senso Orario per %s",
	"gui.mtr.clockwise_via_cjk": "順時針經%s",
	"gui.mtr.color": "Colore",
	"gui.mtr.comma": ", ",
	"gui.mtr.comma_cjk": "、",
	"gui.mtr.comma_last": " e ",
	"gui.mtr.comma_last_cjk": "o",
	"gui.mtr.connecting_station_interchange_announcement_part": "il %1$s alla stazione %2$s",
	"gui.mtr.connecting_station_interchange_announcement_part_cjk": "往%2$s站轉乘%1$s",
	"gui.mtr.connecting_station_part": "I passeggeri possono cambiare in %s.",
	"gui.mtr.connecting_station_part_cjk": "乘客可在該站%s。",
	"gui.mtr.cruising_altitude": "altitudine di crocera",
	"gui.mtr.custom_destination_suggestion": "Destinazione (\\r per reimpostare)",
	"gui.mtr.custom_resources_export_resource_pack": "Esporta Pacchetto Risorse",
	"gui.mtr.custom_resources_gangway_connection_id": "ID per Connessione a Passerella",
	"gui.mtr.custom_resources_id": "ID",
	"gui.mtr.custom_resources_name": "Nome",
	"gui.mtr.custom_resources_rider_offset": "Rider Offset: %s",
	"gui.mtr.custom_resources_train_barrier_id": "ID Barriera del Treno",
	"gui.mtr.delete_confirmation": "Sei sicuro di voler cancellare %s?",
	"gui.mtr.depot_color": "Colore Del Deposito",
	"gui.mtr.depot_name": "Nome Deposito",
	"gui.mtr.depots": "Deposito",
	"gui.mtr.disable_next_station_announcements": "Disabilita annunci per le stazioni",
	"gui.mtr.dismount_hold": "Tieni premuto %s per forzare lo smonto: %s",
	"gui.mtr.display_page": "Pagina Numero",
	"gui.mtr.door_animation_type_bouncy_1": "Porte: Rimbalzanti (1)",
	"gui.mtr.door_animation_type_bouncy_2": "Porte: Rimbalzanti (2)",
	"gui.mtr.door_animation_type_constant": "Porte: Costanti",
	"gui.mtr.door_animation_type_mlr": "Porte: MLR",
	"gui.mtr.door_animation_type_plug_fast": "Porte: A Spina Veloce",
	"gui.mtr.door_animation_type_plug_slow": "Porte: A Spina Lenta",
	"gui.mtr.door_animation_type_r179": "Porte: R179",
	"gui.mtr.door_animation_type_r211": "Porte: R211",
	"gui.mtr.door_animation_type_standard": "Porte: Standard",
	"gui.mtr.door_animation_type_standard_slow": "Porte: Lente",
	"gui.mtr.drag_file_to_upload": "Trascina il file per caricare",
	"gui.mtr.dwell_time": "Tempo di sosta del veicolo",
	"gui.mtr.edit_area": "Clicca e trascina per selezionare l'area.",
	"gui.mtr.edit_instructions": "Modifica Istruzioni",
	"gui.mtr.edit_route": "Fare clic su una piattaforma di una stazione per aggiungerla al percorso.",
	"gui.mtr.editing_part": "Editing: %s",
	"gui.mtr.emeralds": "Smeraldi: %s",
	"gui.mtr.enter_barrier": "Entrata a %s - Credito: $%s",
	"gui.mtr.exit_barrier": "Uscita a %s - Costo: $%s - Credito: $%s",
	"gui.mtr.exit_destinations": "Destinazioni d'uscita",
	"gui.mtr.exit_parents": "Uscite della stazione",
	"gui.mtr.file_model": "File Blockbench",
	"gui.mtr.file_properties": "File Proprietà (Opzionale)",
	"gui.mtr.file_texture": "File Texture",
	"gui.mtr.file_upload": "Caricamento...",
	"gui.mtr.filtered_platforms": "Piattaforme Filtrate (%s)",
	"gui.mtr.filtered_routes": "Percorsi Filtrati (%s)",
	"gui.mtr.filtered_routes_condition": "Solo i veicoli delle seguenti linee attiveranno questo blocco",
	"gui.mtr.filtered_routes_empty": "Tutti i veicoli attiveranno questo blocco",
	"gui.mtr.game_time": "Ora nel gioco",
	"gui.mtr.generate_map": "Genera la mappa delle linee",
	"gui.mtr.generating_path": "Generazione Percorso",
	"gui.mtr.hide_arrival": "Nascondi Arrivo",
	"gui.mtr.insufficient_balance": "Credito insufficiente($%s)",
	"gui.mtr.interchange_announcement": "Stazione d'interscambio per %s.",
	"gui.mtr.interchange_announcement_cjk": "乘客可以轉乘%s。",
	"gui.mtr.invalid_orientation": "Impossibile collegare la rotaia; orientamento non valido",
	"gui.mtr.is_anticlockwise_route": "Linea circolare in senso antiorario",
	"gui.mtr.is_clockwise_route": "Linea circolare in senso orario",
	"gui.mtr.is_light_rail_route": "Ha numero di percorso",
	"gui.mtr.is_manual": "Veicolo Guidabile",
	"gui.mtr.is_route_hidden": "Nascondi linea",
	"gui.mtr.last_airplane_station": "questo volo è diretto a %s",
	"gui.mtr.last_airplane_station_cjk": "本航班往%s",
	"gui.mtr.last_boat_station": "Questa imbarcazione è diretta a %s",
	"gui.mtr.last_boat_station_cjk": "本渡輪往%s",
	"gui.mtr.last_cable_car_station": "Questa funivia è diretta a %s",
	"gui.mtr.last_cable_car_station_cjk": "本纜車往%s",
	"gui.mtr.last_train_station": "Questo treno è diretto a %s",
	"gui.mtr.last_train_station_cjk": "本列車往%s",
	"gui.mtr.left": "Sinistra",
	"gui.mtr.lift_buttons_locked": "Pulsanti Bloccati",
	"gui.mtr.lift_buttons_unlocked": "Pulsanti Sbloccati",
	"gui.mtr.lift_floor_description": "Descrizione",
	"gui.mtr.lift_floor_number": "Numero Di Piano",
	"gui.mtr.lift_is_double_sided": "A Due Facce",
	"gui.mtr.lift_should_ding": "Riprodurre suono \"Ding\"",
	"gui.mtr.lift_style": "Stile: %s",
	"gui.mtr.lift_style_opaque": "Opaco",
	"gui.mtr.lift_style_transparent": "Trasparente",
	"gui.mtr.lift_track_required": "Binari dell'Ascensore Richiesti",
	"gui.mtr.light_rail_route_announcement": "Questo è il percorso %s a %s.",
	"gui.mtr.light_rail_route_announcement_cjk": "本班為%s綫列車前往%s。",
	"gui.mtr.light_rail_route_number": "Numero di percorso",
	"gui.mtr.london_train_interchange_announcement": "Cambiate qui per %s.",
	"gui.mtr.london_train_interchange_announcement_cjk": "乘客可在該站轉乘%s。",
	"gui.mtr.london_train_next_station_announcement": "La prossima stazione è %s.",
	"gui.mtr.london_train_next_station_announcement_cjk": "下一站是%s。",
	"gui.mtr.london_train_route_announcement": "Questo è un treno %s che termina alle %s.",
	"gui.mtr.london_train_route_announcement_cjk": "本班為%s列車前往%s。",
	"gui.mtr.london_train_terminating_announcement": "Questo treno termina qui.",
	"gui.mtr.london_train_terminating_announcement_cjk": "列車以本站為終點站。",
	"gui.mtr.london_train_this_station_announcement": "This station is %s.",
	"gui.mtr.london_train_this_station_announcement_cjk": "本站是%s。",
	"gui.mtr.manual_to_automatic_time": "Timeout Guidabile",
	"gui.mtr.max_manual_speed": "Velocità Massima Di Guida",
	"gui.mtr.max_vehicles": "Veicoli massimi per deposito",
	"gui.mtr.mismatched_versions": "Si prega di aggiornare la mod Minecraft Transit Railway e riprovare.",
	"gui.mtr.mismatched_versions_server_version": "Versione del server: %s",
	"gui.mtr.mismatched_versions_your_version": "La tua versione è: %s",
	"gui.mtr.moving_only": "Solo veicoli in movimento",
	"gui.mtr.mtr_options": "Opzioni di Minecraft Transit Railway",
	"gui.mtr.name": "Nome",
	"gui.mtr.next_departure": "Prossima partenza stimata: %s",
	"gui.mtr.next_departure_none": "Nessuna partenza programmata",
	"gui.mtr.next_route_airplane_announcement": "Questo volo sarà cambiato in %s a %s.",
	"gui.mtr.next_route_airplane_announcement_cjk": "本航班會改為%s前往%s。",
	"gui.mtr.next_route_boat_announcement": "Questo vascello sarà cambiato in %s a %s.",
	"gui.mtr.next_route_boat_announcement_cjk": "本渡輪會改為%s前往%s。",
	"gui.mtr.next_route_boat_light_rail_announcement": "Questa linea diventerà %s. Passeggeri per linea %s, sono pregati d'imbarcare questo battello.",
	"gui.mtr.next_route_boat_light_rail_announcement_cjk": "本渡輪會改為%s路綫。前往%s沿途各站之乘客，可乘本渡輪。",
	"gui.mtr.next_route_cable_car_announcement": "Questa cabina funivia sarà cambiata in %s per %s.",
	"gui.mtr.next_route_cable_car_announcement_cjk": "本纜車會改為%s前往%s。",
	"gui.mtr.next_route_train_announcement": "Questo treno sarà cambiato in %s a %s.",
	"gui.mtr.next_route_train_announcement_cjk": "本班車會改為%s前往%s。",
	"gui.mtr.next_route_train_light_rail_announcement": "Questa linea diventerà %s. Passeggeri per linea %s, sono pregati d'imbarcare questo treno.",
	"gui.mtr.next_route_train_light_rail_announcement_cjk": "本班車會改為%s路綫。前往%s沿途各站之乘客，可乘本列車。",
	"gui.mtr.next_station": "La prossima stazione è %s",
	"gui.mtr.next_station_announcement": "Prossima stazione: %s.",
	"gui.mtr.next_station_announcement_cjk": "下一站：%s。",
	"gui.mtr.next_station_cjk": "下一站是%s",
	"gui.mtr.next_station_light_rail_announcement": "Prossima fermata: %s.",
	"gui.mtr.next_station_light_rail_announcement_cjk": "下一站：%s。",
	"gui.mtr.no_lift_tracks_floor_found": "Binari dell' ascensore non trovati",
	"gui.mtr.offset_x": "Scostamento X: %s",
	"gui.mtr.offset_y": "Scostamento Y: %s",
	"gui.mtr.offset_z": "Scostamento Z: %s",
	"gui.mtr.part_blacklisted_cars": "Automobili Nella Blacklist",
	"gui.mtr.part_display_cjk_size_ratio": "Dimensioni CJK: %s",
	"gui.mtr.part_display_force_single_line": "Forza linea singola",
	"gui.mtr.part_display_force_upper_case": "Forza maiuscole",
	"gui.mtr.part_display_should_scroll": "Testo di scorrimento",
	"gui.mtr.part_display_text_color": "Colore",
	"gui.mtr.part_display_text_color_cjk": "Colore CJK/Non-CJK",
	"gui.mtr.part_display_type_destination": "Tipo: Destinazione",
	"gui.mtr.part_display_type_next_station_kcr": "Tipo: Stazione successiva (KCR)",
	"gui.mtr.part_display_type_next_station_mtr": "Tipo: Stazione successiva (MTR)",
	"gui.mtr.part_display_type_next_station_plain": "Tipo: Stazione successiva",
	"gui.mtr.part_display_type_next_station_uk": "Tipo: Stazione successiva (UK)",
	"gui.mtr.part_display_type_route_number": "Tipo: Numero percorso",
	"gui.mtr.part_display_x_padding": "X Padding: %s",
	"gui.mtr.part_display_y_padding": "Y Padding: %s",
	"gui.mtr.part_door_offset_left_negative": "Spostamento Porta: -Sinistra",
	"gui.mtr.part_door_offset_left_positive": "Spostamento Porta: +Sinistra",
	"gui.mtr.part_door_offset_none": "Spostamento Porta: Nessuno",
	"gui.mtr.part_door_offset_right_negative": "Spostamento Porta: -Destra",
	"gui.mtr.part_door_offset_right_positive": "Spostamento Porta: +Destra",
	"gui.mtr.part_is_display": "Is Display",
	"gui.mtr.part_mirror": "Specchiato",
	"gui.mtr.part_positions": "Posizioni",
	"gui.mtr.part_render_condition_all": "Render: Sempre",
	"gui.mtr.part_render_condition_door_left_closed": "Render: Porte Sinistre Chiuse",
	"gui.mtr.part_render_condition_door_left_open": "Render: Porte di Sinistra Aperte",
	"gui.mtr.part_render_condition_door_right_closed": "Render: Porte di Destra Chiuse",
	"gui.mtr.part_render_condition_door_right_open": "Render: Porte di Destra Aperte",
	"gui.mtr.part_render_condition_doors_closed": "Render: Porte Chiuse",
	"gui.mtr.part_render_condition_doors_open": "Render: Porte Aperte",
	"gui.mtr.part_render_condition_moving_backwards": "Render: Spostamento all'indietro",
	"gui.mtr.part_render_condition_moving_forwards": "Render: Spostamento in Avanti",
	"gui.mtr.part_skip_rendering_if_too_far": "Nascondi Se Lontano",
	"gui.mtr.part_stage_always_on_lights": "Luci (Sempre Accese)",
	"gui.mtr.part_stage_exterior": "Esterno",
	"gui.mtr.part_stage_interior": "Interni",
	"gui.mtr.part_stage_interior_translucent": "Interno (Tralucenti)",
	"gui.mtr.part_stage_lights": "Luci",
	"gui.mtr.part_whitelisted_cars": "Automobili Nella Whitelist",
	"gui.mtr.path_found": "Percorso creato correttamente",
	"gui.mtr.path_not_found_between": "Percorso non trovato|>%s|tra|>%s|e|>%s|",
	"gui.mtr.path_not_generated": "Percorso non generato",
	"gui.mtr.percentage_complete_bridge": "Costruendo ponte (%s%%)",
	"gui.mtr.percentage_complete_tunnel": "Costruendo tunnel (%s%%)",
	"gui.mtr.percentage_complete_tunnel_wall": "Costruendo pareti di tunnel (%s%%)",
	"gui.mtr.pids_message": "Messaggio PIDSL personalizzato",
	"gui.mtr.platform": "Binario %s",
	"gui.mtr.platform_number": "Binario Numero",
	"gui.mtr.platform_or_siding_exists": "Ogni nodo binario può essere connesso a una piattaforma o lato",
	"gui.mtr.press_to_select_floor": "Premi %s per selezionare il piano",
	"gui.mtr.psd_apg_door_locked": "Porta Bloccata",
	"gui.mtr.psd_apg_door_unlocked": "Porta Sbloccata",
	"gui.mtr.radius_too_small": "Impossibile connettere la rotaia; il raggio deve essere almeno di 2",
	"gui.mtr.rail_action_bridge": "Ponte di %s (%s blocchi di lunghezza, %s)",
	"gui.mtr.rail_action_tunnel": "Tunnel di %s (%s blocchi di lunghezza)",
	"gui.mtr.rail_action_tunnel_wall": "Pareti del tunnel di %s (%s blocchi di lunghezza, %s)",
	"gui.mtr.rail_actions": "Operazioni di costruzione attuali",
	"gui.mtr.rail_actions_button": "Operazioni...",
	"gui.mtr.rail_not_found": "Impossibile creare il segnale; rotaia non trovata",
	"gui.mtr.rail_not_found_action": "Impossibile fare l'azione; rotaia non trovata",
	"gui.mtr.refresh_path": "Ricarica percorso",
	"gui.mtr.repeat_indefinitely": "Ripeti Le Istruzioni Per Sempre",
	"gui.mtr.reset_sign": "Reset",
	"gui.mtr.right": "Destra",
	"gui.mtr.rotate_anticlockwise": "Ruota in senso antiorario",
	"gui.mtr.rotate_clockwise": "Ruota In Senso Orario",
	"gui.mtr.route_color": "Colore percorso",
	"gui.mtr.route_name": "Nome Percorso",
	"gui.mtr.route_type_boat_high_speed": "Tipo: Traghetto Veloce",
	"gui.mtr.route_type_boat_light_rail": "Tipo: Crociera",
	"gui.mtr.route_type_boat_normal": "Tipo: Traghetto",
	"gui.mtr.route_type_train_high_speed": "Tipo: Alta Velocità",
	"gui.mtr.route_type_train_light_rail": "Tipo: Metrotranvia",
	"gui.mtr.route_type_train_normal": "Tipo: Normale",
	"gui.mtr.routes": "Percorsi",
	"gui.mtr.s": "s",
	"gui.mtr.schedule_mode_real_time_off": "Pianificazione: Tempo Minecraft",
	"gui.mtr.schedule_mode_real_time_on": "Pianificazione: Tempo Reale",
	"gui.mtr.search": "Cerca",
	"gui.mtr.select_all_platforms": "Mostra arrivi da tutte le banchine",
	"gui.mtr.selected": "Selezionato",
	"gui.mtr.selected_vehicle": "Veicolo selezionato",
	"gui.mtr.separator": "/",
	"gui.mtr.separator_cjk": "/",
	"gui.mtr.settings": "Impostazioni",
	"gui.mtr.siding_number": "Numero Laterale",
	"gui.mtr.sidings_in_depot": "Laterali in questo deposito: %s",
	"gui.mtr.sound_file": "File audio",
	"gui.mtr.station": "%s Stazione",
	"gui.mtr.station_cjk": "%s: Stazione",
	"gui.mtr.station_color": "Colore Stazione",
	"gui.mtr.station_name": "Nome Stazione",
	"gui.mtr.stations": "Stazioni",
	"gui.mtr.stopped_only": "Solo veicoli fermati",
	"gui.mtr.support": "Supporto",
	"gui.mtr.this_station": "Questa stazione è %s",
	"gui.mtr.this_station_cjk": "Questa stazione è %s",
	"gui.mtr.to": "per %s",
	"gui.mtr.to_cjk": "per %s",
	"gui.mtr.tph": "/hr",
	"gui.mtr.train_schedule_sensor": "Arrivo Previsto (Secondi)",
	"gui.mtr.transport_mode_airplane": "Tipo: Aeroplano",
	"gui.mtr.transport_mode_boat": "Tipo: Barca",
	"gui.mtr.transport_mode_cable_car": "Tipo: Funivia",
	"gui.mtr.transport_mode_train": "Tipo: Treno",
	"gui.mtr.unlimited": "Illimitato",
	"gui.mtr.unlimited_vehicles": "Veicoli illimitati",
	"gui.mtr.untitled": "Senza Titolo",
	"gui.mtr.use_time_and_wind_sync": "Sincronizza automaticamente l'ora usando la mod Time & Wind",
	"gui.mtr.used_model_parts": "Parti Del Modello Usato",
	"gui.mtr.vehicle_brightness": "Luminosità: %s%%",
	"gui.mtr.vehicle_cars": "Carrozze: %s",
	"gui.mtr.vehicle_direction_backwards": "Direzione: All'indietro",
	"gui.mtr.vehicle_direction_forwards": "Direzione: In Avanti",
	"gui.mtr.vehicle_door_max": "Porta: %s",
	"gui.mtr.vehicle_length": "Lunghezza: %s",
	"gui.mtr.vehicle_speed": "Velocità: %s m/s (%s km/h)",
	"gui.mtr.vehicle_width": "Larghezza: %s",
	"gui.mtr.vehicles_per_hour": "Veicoli per ora",
	"gui.mtr.welcome_station": "Benvenuto al Binario %s.",
	"gui.mtr.welcome_station_cjk": "歡迎光臨%s站。",
	"gui.mtr.zone": "Zona Tariffaria",
	"gui.mtr.zone_number": "Zona %s",
	"item.mtr.apg_door": "Cancello Automatico Binario",
	"item.mtr.apg_glass": "Cancello Automatico Binario",
	"item.mtr.apg_glass_end": "Cancello Automatico Binario",
	"item.mtr.bridge_creator_3": "Creatore di Ponti",
	"item.mtr.bridge_creator_5": "Creatore di ponti",
	"item.mtr.bridge_creator_7": "Creatore di ponti",
	"item.mtr.bridge_creator_9": "Creatore di ponti",
	"item.mtr.brush": "Pennello",
	"item.mtr.dashboard": "Pannello Ferroviario",
	"item.mtr.dashboard_2": "Pannello Barca",
	"item.mtr.dashboard_3": "Pannello Funiviario",
	"item.mtr.dashboard_4": "Cruscotto Di Volo",
	"item.mtr.driver_key": "Chiave Autista",
	"item.mtr.escalator": "Scala Mobile",
	"item.mtr.lift_buttons_link_connector": "Connettore Collegamento Pulsanti Ascensore",
	"item.mtr.lift_buttons_link_remover": "Rimovitore Collegamento Pulsanti Ascensore",
	"item.mtr.lift_door_1": "Porte Ascensore",
	"item.mtr.lift_door_odd_1": "Porte Ascensore",
	"item.mtr.lift_refresher": "Aggiornatore Ascensori",
	"item.mtr.psd_door": "Porte Schermo Binario",
	"item.mtr.psd_door_2": "Porte Schermo Binario",
	"item.mtr.psd_glass": "Porte Schermo Binario",
	"item.mtr.psd_glass_2": "Porte Schermo Binario",
	"item.mtr.psd_glass_end": "Porte Schermo Binario",
	"item.mtr.psd_glass_end_2": "Porte Schermo Binario",
	"item.mtr.rail_connector_120": "Connettore Rotaia in Ossidiana",
	"item.mtr.rail_connector_120_one_way": "Connettore Rotaia in Ossidiana (Senso unico)",
	"item.mtr.rail_connector_160": "Connettore Binari Blaze",
	"item.mtr.rail_connector_160_one_way": "Connettore Binari Blaze (Senso unico)",
	"item.mtr.rail_connector_20": "Connettore Rotaia in Legno",
	"item.mtr.rail_connector_200": "Connettore Rotaia in Quarzo",
	"item.mtr.rail_connector_200_one_way": "Connettore Rotaia in Quarzo (Senso unico)",
	"item.mtr.rail_connector_20_one_way": "Connettore Rotaia in Legno (Senso Unico)",
	"item.mtr.rail_connector_300": "Connettore Rotaia in Diamante",
	"item.mtr.rail_connector_300_one_way": "Connettore Rotaia in Diamante (Senso unico)",
	"item.mtr.rail_connector_40": "Connettore Rotaia in Pietra",
	"item.mtr.rail_connector_40_one_way": "Connettore Rotaia in Pietra (Senso unico)",
	"item.mtr.rail_connector_60": "Connettore Rotaia in Smeraldo",
	"item.mtr.rail_connector_60_one_way": "Connettore Rotaia in Smeraldo (Senso unico)",
	"item.mtr.rail_connector_80": "Connettore Rotaia in Ferro",
	"item.mtr.rail_connector_80_one_way": "Connettore Rotaia in Ferro (Senso unico)",
	"item.mtr.rail_connector_cable_car": "Connettore funivia",
	"item.mtr.rail_connector_platform": "Connettore Rotaia su Binario",
	"item.mtr.rail_connector_runway": "Connettore Pista di Volo",
	"item.mtr.rail_connector_siding": "Connettore Rotaia su Lato",
	"item.mtr.rail_connector_turn_back": "Connettore Rotaia per Inversione di Marcia",
	"item.mtr.rail_remover": "Eliminatore Rotaie",
	"item.mtr.resource_pack_creator": "Creatore Pacchetti da Risorse",
	"item.mtr.signal_connector_black": "Segnale Connettore Nero",
	"item.mtr.signal_connector_blue": "Segnale Connettore Blu",
	"item.mtr.signal_connector_brown": "Segnale Connettore Marrone",
	"item.mtr.signal_connector_cyan": "Connettore Segnale Azzurro",
	"item.mtr.signal_connector_gray": "Segnale Connettore Grigio",
	"item.mtr.signal_connector_green": "Segnale Connettore Verde",
	"item.mtr.signal_connector_light_blue": "Segnale Connettore Blu Chiaro",
	"item.mtr.signal_connector_light_gray": "Segnale Connettore Grigio Chiaro",
	"item.mtr.signal_connector_lime": "Segnale Connettore Lime",
	"item.mtr.signal_connector_magenta": "Segnale Connettore Magenta",
	"item.mtr.signal_connector_orange": "Segnale Connettore Arancione",
	"item.mtr.signal_connector_pink": "Segnale Connettore Rosa",
	"item.mtr.signal_connector_purple": "Segnale Connettore Viola",
	"item.mtr.signal_connector_red": "Segnale Connettore Rosso",
	"item.mtr.signal_connector_white": "Segnale Connettore Bianco",
	"item.mtr.signal_connector_yellow": "Segnale Connettore Giallo",
	"item.mtr.signal_remover_black": "Rimozione Segnale Nero",
	"item.mtr.signal_remover_blue": "Rimozione Segnale Blu",
	"item.mtr.signal_remover_brown": "Rimozione Segnale Marrone",
	"item.mtr.signal_remover_cyan": "Cyan Signal Remover",
	"item.mtr.signal_remover_gray": "Rimozione Segnale Grigio",
	"item.mtr.signal_remover_green": "Rimozione Segnale Verde",
	"item.mtr.signal_remover_light_blue": "Rimozione Segnale Blu Chiaro",
	"item.mtr.signal_remover_light_gray": "Rimozione Segnale Grigio Chiaro",
	"item.mtr.signal_remover_lime": "Rimozione Segnale Lime",
	"item.mtr.signal_remover_magenta": "Rimozione Segnale Magenta",
	"item.mtr.signal_remover_orange": "Rimozione Segnale Arancione",
	"item.mtr.signal_remover_pink": "Rimozione Segnale Rosa",
	"item.mtr.signal_remover_purple": "Rimozione Segnale Viola",
	"item.mtr.signal_remover_red": "Rimozione Segnale Rosso",
	"item.mtr.signal_remover_white": "Rimozione Segnale Bianco",
	"item.mtr.signal_remover_yellow": "Rimozione Segnale Giallo",
	"item.mtr.tunnel_creator_4_3": "Creatore Di Tunnel",
	"item.mtr.tunnel_creator_4_5": "Creatore Di Tunnel",
	"item.mtr.tunnel_creator_4_7": "Creatore Di Tunnel",
	"item.mtr.tunnel_creator_4_9": "Creatore Di Tunnel",
	"item.mtr.tunnel_creator_5_3": "Creatore Di Tunnel",
	"item.mtr.tunnel_creator_5_5": "Creatore Di Tunnel",
	"item.mtr.tunnel_creator_5_7": "Creatore Di Tunnel",
	"item.mtr.tunnel_creator_5_9": "Creatore Di Tunnel",
	"item.mtr.tunnel_creator_6_3": "Creatore Di Tunnel",
	"item.mtr.tunnel_creator_6_5": "Creatore Di Tunnel",
	"item.mtr.tunnel_creator_6_7": "Creatore Di Tunnel",
	"item.mtr.tunnel_creator_6_9": "Creatore Di Tunnel",
	"item.mtr.tunnel_wall_creator_4_3": "Creatore Muro Del Tunnel",
	"item.mtr.tunnel_wall_creator_4_5": "Creatore Muro Del Tunnel",
	"item.mtr.tunnel_wall_creator_4_7": "Creatore Muro Del Tunnel",
	"item.mtr.tunnel_wall_creator_4_9": "Creatore Muro Del Tunnel",
	"item.mtr.tunnel_wall_creator_5_3": "Creatore Muro Del Tunnel",
	"item.mtr.tunnel_wall_creator_5_5": "Creatore Muro Del Tunnel",
	"item.mtr.tunnel_wall_creator_5_7": "Creatore Muro Del Tunnel",
	"item.mtr.tunnel_wall_creator_5_9": "Creatore Muro Del Tunnel",
	"item.mtr.tunnel_wall_creator_6_3": "Creatore Muro Del Tunnel",
	"item.mtr.tunnel_wall_creator_6_5": "Creatore Muro Del Tunnel",
	"item.mtr.tunnel_wall_creator_6_7": "Creatore Muro Del Tunnel",
	"item.mtr.tunnel_wall_creator_6_9": "Creatore Muro Del Tunnel",
	"itemGroup.mtr.core": "Minecraft Transit Railway Core",
	"itemGroup.mtr.escalators_lifts": "Scale mobili e ascensori",
	"itemGroup.mtr.railway_facilities": "Strutture Ferroviarie",
	"itemGroup.mtr.station_building_blocks": "Blocchi Di Costruzione Della Stazione",
	"key.mtr.debug_1_negative": "Campo Di Debug 1 (Sottrai)",
	"key.mtr.debug_1_positive": "Campo Di Debug 1 (Aggiungi)",
	"key.mtr.debug_2_negative": "Campo Di Debug 2 (Sottrai)",
	"key.mtr.debug_2_positive": "Debug Field 2 (Add)",
	"key.mtr.debug_3_negative": "Debug Field 3 (Subtract)",
	"key.mtr.debug_3_positive": "Debug Field 3 (Add)",
	"key.mtr.debug_cycle_negative": "Cycle Debug Category (Backwards)",
	"key.mtr.debug_cycle_positive": "Cycle Debug Category (Forwards)",
	"key.mtr.lift_menu": "Open Lift / Elevator Floor Selection",
	"key.mtr.train_accelerate": "Accelera Veicolo",
	"key.mtr.train_brake": "Frena Veicolo",
	"key.mtr.train_toggle_doors": "Attiva/Disattiva Porte",
	"options.mtr.anonymous": "Anonimo",
	"options.mtr.dynamic_texture_resolution": "Risoluzione dinamica della texture (valori troppo alti potrebbero far crashare il gioco!)",
	"options.mtr.hide_special_rail_colors": "Nascondi colori speciali delle rotaie",
	"options.mtr.hide_translucent_parts": "Hide translucent parts on vehicles",
	"options.mtr.language_options": "Language display on signs",
	"options.mtr.language_options_0": "Predefinito",
	"options.mtr.language_options_1": "CJK Only",
	"options.mtr.language_options_2": "Non-CJK",
	"options.mtr.off": "Off",
	"options.mtr.on": "On",
	"options.mtr.shift_to_toggle_sitting": "Use %s to toggle sitting inside vehicles",
	"options.mtr.show_announcement_messages": "Mostra messaggi \"prossima stazione\" nella chat",
	"options.mtr.support_patreon": "Supporta la mod su Patreon!",
	"options.mtr.track_texture_offset": "Track Texture Offset",
	"options.mtr.use_dynamic_fps": "Dynamically boost FPS",
	"options.mtr.use_mtr_font": "Usa caratteri MTR personalizzati (potrebbe non funzionare su alcuni computer)",
	"options.mtr.use_tts_announcements": "Abilita gli annunci vocali \"stazione successiva\"",
	"options.mtr.vehicle_render_distance_ratio": "Vehicle rendering to Minecraft render distance ratio",
	"sign.mtr.airport": "Aeroporto",
	"sign.mtr.airport_arrivals": "Arrivi",
	"sign.mtr.airport_arrivals_cjk": "抵港",
	"sign.mtr.airport_cjk": "機場",
	"sign.mtr.airport_departures": "Partenze",
	"sign.mtr.airport_departures_cjk": "離港",
	"sign.mtr.airport_express": "Treni per l'aeroporto",
	"sign.mtr.airport_express_city": "Treni per la città",
	"sign.mtr.airport_express_city_cjk": "往市區列車",
	"sign.mtr.airport_express_cjk": "往機場列車",
	"sign.mtr.airport_transfer": "Trasferimento",
	"sign.mtr.airport_transfer_cjk": "轉機",
	"sign.mtr.baggage_claim": "Ritiro bagagli",
	"sign.mtr.baggage_claim_cjk": "提取行李",
	"sign.mtr.boat": "Traghetti",
	"sign.mtr.boat_cjk": "渡輪",
	"sign.mtr.cable_car": "Funivie",
	"sign.mtr.cable_car_cjk": "纜車",
	"sign.mtr.check_in_passengers": "Check-In Passeggeri",
	"sign.mtr.check_in_passengers_cjk": "登機乘客",
	"sign.mtr.cross": "Vietato L'ingresso",
	"sign.mtr.cross_cjk": "Vietato L'ingresso",
	"sign.mtr.customer_service_centre": "Centro Servizio Clienti",
	"sign.mtr.customer_service_centre_cjk": "Centro Assistenza Clienti",
	"sign.mtr.emergency_exit": "Uscita di Emergenza",
	"sign.mtr.emergency_exit_cjk": "Uscita di Emergenza",
	"sign.mtr.escalator_to_concourse_down": "Solo Addetti",
	"sign.mtr.escalator_to_concourse_down_cjk": "Solo Addetti",
	"sign.mtr.escalator_to_concourse_up": "Solo Addetti",
	"sign.mtr.escalator_to_concourse_up_cjk": "Solo Addetti",
	"sign.mtr.female": "Bagno delle donne",
	"sign.mtr.female_cjk": "Bagno delle donne",
	"sign.mtr.in_town_check_in": "Check-in Cittadino",
	"sign.mtr.in_town_check_in_cjk": "Check-in Cittadino",
	"sign.mtr.lift_1": "Ascensore",
	"sign.mtr.lift_1_cjk": "Ascensore",
	"sign.mtr.lift_2": "Ascensore",
	"sign.mtr.lift_2_cjk": "Ascensore",
	"sign.mtr.light_rail_1": "Rotaia Leggera",
	"sign.mtr.light_rail_1_cjk": "Rotaia Leggera",
	"sign.mtr.light_rail_2": "Rotaia Leggera",
	"sign.mtr.light_rail_2_cjk": "Rotaia Leggera",
	"sign.mtr.light_rail_3": "Rotaia Leggera",
	"sign.mtr.light_rail_3_cjk": "Rotaia Leggera",
	"sign.mtr.light_rail_4": "Rotaia Leggera",
	"sign.mtr.light_rail_4_cjk": "Rotaia Leggera",
	"sign.mtr.logo": "Stazione dei Treni di Minecraft",
	"sign.mtr.logo_cjk": "Stazione dei Treni di Minecraft",
	"sign.mtr.male": "Bagni degli uomini",
	"sign.mtr.male_cjk": "Bagno degli Uomini",
	"sign.mtr.platform": "Binario",
	"sign.mtr.platform_cjk": "Binario",
	"sign.mtr.sp1900": "Treni",
	"sign.mtr.sp1900_cjk": "Treni",
	"sign.mtr.station": "Stazione",
	"sign.mtr.station_cjk": "車站",
	"sign.mtr.tickets": "Biglietti",
	"sign.mtr.tickets_cjk": "Biglietti",
	"sign.mtr.toilets": "Bagni",
	"sign.mtr.toilets_cjk": "Bagni",
	"sign.mtr.train": "Treni",
	"sign.mtr.train_cjk": "Treni",
	"sign.mtr.train_old": "Treni",
	"sign.mtr.train_old_cjk": "Treni",
	"sign.mtr.wheelchair": "Bagni",
	"sign.mtr.wheelchair_cjk": "Bagni",
	"sign.mtr.wifi": "Accesso Wi-Fi Gratuito",
	"sign.mtr.wifi_cjk": "Accesso Wi-Fi Gratuito",
	"sign.mtr.xrl_1": "Rotaia ad alta velocità",
	"sign.mtr.xrl_1_cjk": "Rotaia ad alta velocità",
	"sign.mtr.xrl_2": "Rotaia ad alta velocità",
	"sign.mtr.xrl_2_cjk": "Rotaia ad alta velocità",
	"sign.mtr.yellow_head_1": "Treni",
	"sign.mtr.yellow_head_1_cjk": "火車",
	"sign.mtr.yellow_head_2": "Treni",
	"sign.mtr.yellow_head_2_cjk": "火車",
	"tooltip.block.mtr.glass_fence_cio": "Città Uno",
	"tooltip.block.mtr.glass_fence_ckt": "Tempio di Che Kung",
	"tooltip.block.mtr.glass_fence_heo": "Heng On",
	"tooltip.block.mtr.glass_fence_mos": "Ma On Shan",
	"tooltip.block.mtr.glass_fence_plain": "Lastra di vetro",
	"tooltip.block.mtr.glass_fence_shm": "Shek Mun",
	"tooltip.block.mtr.glass_fence_stained": "Pannello di Vetro Colorato",
	"tooltip.block.mtr.glass_fence_stw": "Sha Tin Wai",
	"tooltip.block.mtr.glass_fence_tsh": "Tai Shui Hang",
	"tooltip.block.mtr.glass_fence_wks": "Wu Kai Sha",
	"tooltip.mtr.cable_car_node": "Nessuna piattaforma e fianchi\nSolo collegamenti dritti",
	"tooltip.mtr.cable_car_node_station": "Le piattaforme e i lati possono essere creati\nLe curve possono essere create",
	"tooltip.mtr.pole_placement": "Deve essere posizionato sopra un esistente\n%s",
	"tooltip.mtr.psd_apg_door": "Sezione Porta",
	"tooltip.mtr.psd_apg_door_2": "Sezione Porta",
	"tooltip.mtr.psd_apg_glass": "Sezione Vetro",
	"tooltip.mtr.psd_apg_glass_2": "Sezione Vetro",
	"tooltip.mtr.psd_apg_glass_end": "Sezione Finale Di Vetro",
	"tooltip.mtr.rail_action_depth": "Profondità: %s",
	"tooltip.mtr.rail_action_height": "Altezza: %s",
	"tooltip.mtr.rail_action_width": "Larghezza: %s",
	"tooltip.mtr.rail_speed_limit": "Limite di velocità: %s",
	"tooltip.mtr.railway_sign_even": "Orientamento: Pari",
	"tooltip.mtr.railway_sign_length": "Lunghezza: %s",
	"tooltip.mtr.railway_sign_odd": "Orientamento: Dispari",
	"tooltip.mtr.selected_block": "Blocco selezionato: %s",
	"tooltip.mtr.selected_material": "Materiale selezionato: %s",
	"tooltip.mtr.shift_right_click_to_clear": "Hold %s and use on|a %s to reset",
	"tooltip.mtr.shift_right_click_to_select_material": "Hold %s and use on|a block to select material",
	"tooltip.mtr.station_color": "Il colore dipende dalla stazione",
	"tooltip.mtr.station_color_name": "Il colore e il testo dipendono dalla stazione",
	"train.mtr.a320": "Airbus A320",
	"train.mtr.a_train_ael": "CAF Airport Express",
	"train.mtr.a_train_ael_mini": "CAF Airport Express (Mini)",
	"train.mtr.a_train_tcl": "CAF Linea Tung Chung",
	"train.mtr.a_train_tcl_mini": "CAF Linea Tung Chung (Mini)",
	"train.mtr.a_train_tcl_small": "CAF Linea Tung Chung (Piccola)",
	"train.mtr.acacia_boat": "Barca in acacia",
	"train.mtr.birch_boat": "Barca in betulla",
	"train.mtr.br_423": "DB BR 423",
	"train.mtr.c1141a": "1141A / TML treno-C",
	"train.mtr.c1141a_mini": "1141A / TML treno-C (Mini)",
	"train.mtr.c1141a_small": "1141A / TML treno-C (piccolo)",
	"train.mtr.c_train": "treno-C",
	"train.mtr.c_train_mini": "treno-C (mini)",
	"train.mtr.c_train_small": "treno-C (piccolo)",
	"train.mtr.class_377_southern": "British Rail Classe 377 (Sud)",
	"train.mtr.class_802_gwr": "Classe Ferroviaria Britannica 802 (GWR)",
	"train.mtr.class_802_gwr_mini": "Classe Ferroviaria Britannica 802 (GWR, mini)",
	"train.mtr.class_802_tpe": "Classe Ferroviaria Britannica 802 (Tpe)",
	"train.mtr.class_802_tpe_mini": "British Rail Classe 802 (TPE, Mini)",
	"train.mtr.cm_stock": "Metro-Cammell Train (Unrefurbished M-Train)",
	"train.mtr.cm_stock_mini": "Metro-Cammell Train (Unrefurbished M-Train, Mini)",
	"train.mtr.cm_stock_small": "Metro-Cammell Train (Unrefurbished M-Train, Small)",
	"train.mtr.dark_oak_boat": "Dark Oak Boat",
	"train.mtr.drl": "Disneyland Resort Line Train",
	"train.mtr.e44": "KCR E44 (Yellow Head)",
	"train.mtr.e44_mini": "KCR E44 (Yellow Head, Mini)",
	"train.mtr.flying_minecart": "Carrello da miniera volante",
	"train.mtr.jungle_boat": "Barca della giungla",
	"train.mtr.k_train": "treno K",
	"train.mtr.k_train_ael": "K-Train Airport Express",
	"train.mtr.k_train_ael_mini": "K-Train Airport Express (Mini)",
	"train.mtr.k_train_ael_small": "K-Train Airport Express (Small)",
	"train.mtr.k_train_mini": "K-Train (Mini)",
	"train.mtr.k_train_small": "K-Train (Small)",
	"train.mtr.k_train_tcl": "K-Train Tung Chung Line",
	"train.mtr.k_train_tcl_mini": "K-Train Tung Chung Line (Mini)",
	"train.mtr.k_train_tcl_small": "K-Train Tung Chung Line (Small)",
	"train.mtr.light_rail_1": "Light Rail (Phase 1, LHT)",
	"train.mtr.light_rail_1_orange": "Light Rail (Phase 1, Orange Livery, LHT)",
	"train.mtr.light_rail_1_orange_rht": "Light Rail (Phase 1, Orange Livery, RHT)",
	"train.mtr.light_rail_1_rht": "Light Rail (Phase 1, RHT)",
	"train.mtr.light_rail_1r": "Light Rail (Phase 1 Refurbished, LHT)",
	"train.mtr.light_rail_1r_old": "Light Rail (Phase 1 Refurbished, Blue Livery, LHT)",
	"train.mtr.light_rail_1r_old_rht": "Light Rail (Phase 1 Refurbished, Blue Livery, RHT)",
	"train.mtr.light_rail_1r_orange": "Light Rail (Phase 1 Refurbished, Orange Livery, LHT)",
	"train.mtr.light_rail_1r_orange_rht": "Light Rail (Phase 1 Refurbished, Orange Livery, RHT)",
	"train.mtr.light_rail_1r_rht": "Light Rail (Phase 1 Refurbished, RHT)",
	"train.mtr.light_rail_2": "Light Rail (Phase 2, LHT)",
	"train.mtr.light_rail_2r": "Light Rail (Phase 2 Refurbished, LHT)",
	"train.mtr.light_rail_2r_rht": "Light Rail (Phase 2 Refurbished, RHT)",
	"train.mtr.light_rail_2_orange": "Light Rail (Phase 2, Orange Livery, LHT)",
	"train.mtr.light_rail_2_orange_rht": "Light Rail (Phase 2, Orange Livery, RHT)",
	"train.mtr.light_rail_2_rht": "Light Rail (Phase 2, RHT)",
	"train.mtr.light_rail_3": "Light Rail (Phase 3, LHT)",
	"train.mtr.light_rail_3r": "Light Rail (Phase 3 Refurbished, LHT)",
	"train.mtr.light_rail_3r_rht": "Light Rail (Phase 3 Refurbished, RHT)",
	"train.mtr.light_rail_3_orange": "Light Rail (Phase 3, Orange Livery, LHT)",
	"train.mtr.light_rail_3_orange_rht": "Light Rail (Phase 3, Orange Livery, RHT)",
	"train.mtr.light_rail_3_rht": "Binario Leggero (Fase 3, destra)",
	"train.mtr.light_rail_4": "Binario Leggero (Fase 4, sinistra)",
	"train.mtr.light_rail_4_old": "Light Rail (Phase 4, Blue Livery, LHT)",
	"train.mtr.light_rail_4_old_rht": "Light Rail (Phase 4, Blue Livery, RHT)",
	"train.mtr.light_rail_4_orange": "Light Rail (Phase 4, Orange Livery, LHT)",
	"train.mtr.light_rail_4_orange_rht": "Light Rail (Phase 4, Orange Livery, RHT)",
	"train.mtr.light_rail_4_rht": "Binario Leggero (Fase 4, destra)",
	"train.mtr.light_rail_5": "Binario Leggero (Fase 5, sinistra)",
	"train.mtr.light_rail_5_old": "Light Rail (Phase 5, Blue Livery, LHT)",
	"train.mtr.light_rail_5_old_rht": "Light Rail (Phase 5, Blue Livery, RHT)",
	"train.mtr.light_rail_5_orange": "Light Rail (Phase 5, Orange Livery, LHT)",
	"train.mtr.light_rail_5_orange_rht": "Light Rail (Phase 5, Orange Livery, RHT)",
	"train.mtr.light_rail_5_rht": "Light Rail (Phase 5, RHT)",
	"train.mtr.london_underground_1995": "London Underground 1995 Stock",
	"train.mtr.london_underground_1996": "London Underground 1996 Stock",
	"train.mtr.london_underground_d78": "London Underground D78 Stock",
	"train.mtr.london_underground_d78_mini": "London Underground D78 Stock (Mini)",
	"train.mtr.m_train": "Treno-M",
	"train.mtr.m_train_mini": "Treno-M (mini)",
	"train.mtr.m_train_small": "Treno-M (piccolo)",
	"train.mtr.minecart": "Carrello da miniera",
	"train.mtr.mlr": "Treno MLR",
	"train.mtr.mlr_christmas": "MLR Train Christmas Edition",
	"train.mtr.mlr_christmas_mini": "MLR Train Christmas Edition (Mini)",
	"train.mtr.mlr_christmas_small": "MLR Train Christmas Edition (Small)",
	"train.mtr.mlr_mini": "Treno MLR (Mini)",
	"train.mtr.mlr_small": "Treno MLR (piccolo)",
	"train.mtr.mpl_85": "MPL 85",
	"train.mtr.ngong_ping_360_crystal": "Ngong Ping 360 Cabina Crystal (sinistra)",
	"train.mtr.ngong_ping_360_crystal_rht": "Ngong Ping 360 Cabina Crystal (destra)",
	"train.mtr.ngong_ping_360_crystal_plus": "Ngong Ping 360 Crystal+ Cabin (LHT)",
	"train.mtr.ngong_ping_360_crystal_plus_rht": "Ngong Ping 360 Crystal+ Cabin (RHT)",
	"train.mtr.ngong_ping_360_normal_light_blue": "Ngong Ping 360 (Blu Chiaro, sinistra)",
	"train.mtr.ngong_ping_360_normal_light_blue_rht": "Ngong Ping 360 (Blu Chiaro, destra)",
	"train.mtr.ngong_ping_360_normal_orange": "Ngong Ping 360 (arancione, sinistra)",
	"train.mtr.ngong_ping_360_normal_orange_rht": "Ngong Ping 360 (arancione, destra)",
	"train.mtr.ngong_ping_360_normal_red": "Ngong Ping 360 (rossa, sinistra)",
	"train.mtr.ngong_ping_360_normal_red_rht": "Ngong Ping 360 (rossa, destra)",
	"train.mtr.oak_boat": "Barca Di Quercia",
	"train.mtr.r179": "R179 (Metropolitana Di New York)",
	"train.mtr.r179_mini": "R179 (Metropolitana Di New York, Mini)",
	"train.mtr.r211": "R211 (Metropolitana Di New York)",
	"train.mtr.r211_mini": "R211 (Metropolitana Di New York, Mini)",
	"train.mtr.r211t": "R211T (metropolitana di New York)",
	"train.mtr.r211t_mini": "R211T (metropolitana di New York, Mini)",
	"train.mtr.r_train": "treno-R",
	"train.mtr.r_train_mini": "treno-R (mini)",
	"train.mtr.r_train_small": "treno-R (piccolo)",
	"train.mtr.s_train": "treno-S",
	"train.mtr.s_train_mini": "treno-S (mini)",
	"train.mtr.s_train_small": "treno-S (piccolo)",
	"train.mtr.sp1900": "SP1900",
	"train.mtr.sp1900_mini": "SP1900 (Mini)",
	"train.mtr.sp1900_small": "SP1900 (piccolo)",
	"train.mtr.spruce_boat": "Barca in abete"
}
