{
	"block.minecraft.bedrock_slab": "岩盤のハーフブロック",
	"block.minecraft.birch_wood_slab": "シラカバの木のハーフブロック",
	"block.minecraft.bone_block_slab": "骨のハーフブロック",
	"block.minecraft.chiseled_quartz_block_slab": "模様入りクォーツのハーフブロック",
	"block.minecraft.chiseled_stone_bricks_slab": "模様入りの石レンガのハーフブロック",
	"block.minecraft.clay_slab": "粘土のハーフブロック",
	"block.minecraft.coal_ore_slab": "石炭鉱石のハーフブロック",
	"block.minecraft.concrete": "コンクリート",
	"block.minecraft.concrete_powder": "コンクリートパウダー",
	"block.minecraft.concrete_powder_slab": "コンクリートパウダーのハーフブロック",
	"block.minecraft.concrete_slab": "コンクリートのハーフブロック",
	"block.minecraft.cracked_stone_bricks_slab": "ひび割れた石レンガのハーフブロック",
	"block.minecraft.gravel_slab": "砂利のハーフブロック",
	"block.minecraft.iron_block_slab": "鉄ブロックのハーフブロック",
	"block.minecraft.metal": "金属ブロック",
	"block.minecraft.metal_slab": "金属のハーフブロック",
	"block.minecraft.planks": "板材",
	"block.minecraft.planks_slab": "板材のハーフブロック",
	"block.minecraft.purpur_block_slab": "プルプァのハーフブロック",
	"block.minecraft.purpur_pillar_slab": "プルプァの柱のハーフブロック",
	"block.minecraft.quartz_block_slab": "クォーツブロックのハーフブロック",
	"block.minecraft.quartz_bricks_slab": "クォーツレンガのハーフブロック",
	"block.minecraft.quartz_pillar_slab": "クォーツの柱のハーフブロック",
	"block.minecraft.snow_block_slab": "雪ブロックのハーフブロック",
	"block.minecraft.stained_glass": "色付きガラス",
	"block.minecraft.stained_glass_slab": "色付きガラスのハーフブロック",
	"block.minecraft.stone_bricks_slab": "石レンガのハーフブロック",
	"block.minecraft.wool": "羊毛",
	"block.minecraft.wool_slab": "羊毛のハーフブロック",
	"block.mtr.airplane_node": "滑走路ノード",
	"block.mtr.apg_door": "可動式ホーム柵",
	"block.mtr.apg_glass": "可動式ホーム柵",
	"block.mtr.apg_glass_end": "可動式ホーム柵",
	"block.mtr.arrival_projector_1_large": "時刻表プロジェクター （3x3）",
	"block.mtr.arrival_projector_1_medium": "時刻表プロジェクター（3x2）",
	"block.mtr.arrival_projector_1_small": "時刻表プロジェクター （1x1）",
	"block.mtr.boat_node": "船のノード",
	"block.mtr.cable_car_node_lower": "ロープウェイロープノード",
	"block.mtr.cable_car_node_station": "ロープウェイ駅ノード",
	"block.mtr.cable_car_node_upper": "ロープウェイロープノード",
	"block.mtr.ceiling": "天井",
	"block.mtr.ceiling_light": "天井(蛍光灯あり)",
	"block.mtr.ceiling_no_light": "天井(蛍光灯なし)",
	"block.mtr.clock": "時計",
	"block.mtr.clock_pole": "柱(時計用)",
	"block.mtr.escalator_side": "エスカレーター",
	"block.mtr.escalator_step": "エスカレーター",
	"block.mtr.glass_fence_cio": "ガラスフェンス",
	"block.mtr.glass_fence_ckt": "ガラスフェンス",
	"block.mtr.glass_fence_heo": "ガラスフェンス",
	"block.mtr.glass_fence_mos": "ガラスフェンス",
	"block.mtr.glass_fence_plain": "ガラスフェンス",
	"block.mtr.glass_fence_shm": "ガラスフェンス",
	"block.mtr.glass_fence_stained": "ガラスフェンス",
	"block.mtr.glass_fence_stw": "ガラスフェンス",
	"block.mtr.glass_fence_tsh": "ガラスフェンス",
	"block.mtr.glass_fence_wks": "ガラスフェンス",
	"block.mtr.lift_buttons_1": "エレベーター呼び出しボタン",
	"block.mtr.lift_door_1": "エレベーターのドア",
	"block.mtr.lift_door_odd_1": "エレベーターのドア",
	"block.mtr.lift_panel_even_1": "エレベーター階数表示パネル",
	"block.mtr.lift_panel_even_2": "エレベーター階数表示パネル",
	"block.mtr.lift_panel_odd_1": "エレベーター階数表示パネル",
	"block.mtr.lift_panel_odd_2": "エレベーター階数表示パネル",
	"block.mtr.lift_track_1": "エレベータガイドレール",
	"block.mtr.lift_track_floor_1": "エレベータ着床レール",
	"block.mtr.logo": "MTRロゴ",
	"block.mtr.marble_blue": "青色の大理石",
	"block.mtr.marble_blue_slab": "青大理石のハーフブロック",
	"block.mtr.marble_sandy": "砂色の大理石",
	"block.mtr.marble_sandy_slab": "砂色大理石のハーフブロック",
	"block.mtr.metal": "金属",
	"block.mtr.metal_slab": "金属のハーフブロック",
	"block.mtr.pids_1": "発車標(電光掲示板)",
	"block.mtr.pids_2": "発車標(電光掲示板)",
	"block.mtr.pids_3": "発車標(旧西鉄線式)",
	"block.mtr.pids_pole": "柱(発車標用)",
	"block.mtr.platform": "駅ホームブロック(香港)",
	"block.mtr.platform_indented": "駅ホーム(香港)",
	"block.mtr.platform_na_1": "駅ホームブロック(北米)",
	"block.mtr.platform_na_1_indented": "ホーム(北米)",
	"block.mtr.platform_na_2": "駅ホーム(北米)",
	"block.mtr.platform_na_2_indented": "駅ホームブロック(北米)",
	"block.mtr.platform_uk_1": "駅ホーム(ロンドン地下鉄)",
	"block.mtr.platform_uk_1_indented": "駅ホームブロック(ロンドン地下鉄)",
	"block.mtr.psd_door": "フルスクリーンホームドア（屯馬線）",
	"block.mtr.psd_door_2": "フルスクリーンホームドア（屯馬線）",
	"block.mtr.psd_glass": "フルスクリーンホームドア",
	"block.mtr.psd_glass_2": "フルスクリーンホームドア（屯馬線）",
	"block.mtr.psd_glass_end": "フルスクリーンホームドア",
	"block.mtr.psd_glass_end_2": "フルスクリーンホームドア（屯馬線）",
	"block.mtr.psd_top": "フルスクリーンホームドア",
	"block.mtr.rail": "レール接続点",
	"block.mtr.railway_sign": "サインシステム",
	"block.mtr.railway_sign_pole": "柱(サインシステム用)",
	"block.mtr.route_sign_standing_light": "路線図 （自立式、蛍光灯あり）",
	"block.mtr.route_sign_standing_metal": "路線図 （自立式、蛍光灯なし）",
	"block.mtr.route_sign_wall_light": "路線図 （壁付、蛍光灯あり）",
	"block.mtr.route_sign_wall_metal": "路線図 （壁付、蛍光灯なし）",
	"block.mtr.rubbish_bin_1": "ゴミ箱",
	"block.mtr.signal_light_1": "二灯式信号機",
	"block.mtr.signal_light_2": "二灯式信号機（両面）",
	"block.mtr.signal_light_3": "二灯式信号機",
	"block.mtr.signal_light_3_aspect_1": "三灯式信号機",
	"block.mtr.signal_light_3_aspect_2": "三灯式信号機（両面）",
	"block.mtr.signal_light_4": "二灯式信号機（両面）",
	"block.mtr.signal_light_4_aspect_1": "四灯式信号機",
	"block.mtr.signal_light_4_aspect_2": "四灯式信号機（両面）",
	"block.mtr.signal_pole": "柱(信号機用)",
	"block.mtr.signal_semaphore_1": "腕木式信号機",
	"block.mtr.signal_semaphore_2": "腕木式信号機(両面)",
	"block.mtr.station_name_entrance": "駅名標（出入口）",
	"block.mtr.station_name_tall_block": "駅名標（自立）",
	"block.mtr.station_name_tall_block_double_sided": "駅名標(自立式、両面)",
	"block.mtr.station_name_tall_wall": "駅名標（自立式、壁付）",
	"block.mtr.station_name_wall": "駅名標(壁付、白色)",
	"block.mtr.station_name_wall_black": "駅名標(壁付、黒色)",
	"block.mtr.station_name_wall_gray": "駅名標(壁付、灰色)",
	"block.mtr.station_pole": "柱(駅名標用)",
	"block.mtr.tactile_map": "点字案内板",
	"block.mtr.ticket_barrier_entrance_1": "自動改札機 （入場用）",
	"block.mtr.ticket_barrier_exit_1": "自動改札機 （出場用）",
	"block.mtr.ticket_machine": "自動券売機",
	"block.mtr.ticket_processor": "簡易自動改札機",
	"block.mtr.ticket_processor_enquiry": "残高照会機",
	"block.mtr.ticket_processor_entrance": "簡易自動改札機 （入場用）",
	"block.mtr.ticket_processor_exit": "簡易自動改札機（出場用）",
	"block.mtr.train_announcer": "車内自動放送装置",
	"block.mtr.train_cargo_loader": "貨物ローダー",
	"block.mtr.train_cargo_unloader": "貨物アンローダー",
	"block.mtr.train_schedule_sensor": "時差式電車センサー",
	"block.mtr.train_sensor": "レッドストーンセンサー",
	"category.mtr.keybinding": "Minecraft Transit Railway キーバインド",
	"entity.mtr.seat": "",
	"gui.mtr.acceleration": "加速度",
	"gui.mtr.add_balance_for_emeralds": "チャージ $%s （%s エメラルド）",
	"gui.mtr.add_depot": "車両基地を追加",
	"gui.mtr.add_exit": "駅出口を追加",
	"gui.mtr.add_exit_destination": "駅出口の目的地を追加",
	"gui.mtr.add_route": "路線を追加",
	"gui.mtr.add_station": "駅を追加",
	"gui.mtr.add_value": "チャージする",
	"gui.mtr.already_entered": "すでに入場しています。",
	"gui.mtr.already_exited": "入場記録がありません",
	"gui.mtr.announcement_message": "放送の内容を入力してください。",
	"gui.mtr.anticlockwise_to": "Inner Ring to %s",
	"gui.mtr.anticlockwise_to_cjk": "内回り %s 方面行き",
	"gui.mtr.anticlockwise_via": "Inner Ring via %s",
	"gui.mtr.anticlockwise_via_cjk": "内回り %s 経由",
	"gui.mtr.arrival_car": "%s-car",
	"gui.mtr.arrival_car_cjk": "%s 両",
	"gui.mtr.arrival_min": "%s min",
	"gui.mtr.arrival_min_cjk": "%s 分",
	"gui.mtr.arrival_sec": "%s sec",
	"gui.mtr.arrival_sec_cjk": "%s 秒",
	"gui.mtr.automatically_detect_nearby_platform": "近くの番線を自動的に検出する",
	"gui.mtr.available": "使用可能",
	"gui.mtr.available_model_parts": "利用可能なボーンパーツ",
	"gui.mtr.balance": "残額：$%s",
	"gui.mtr.cable_car_invalid_orientation": "ケーブル接続が無効です",
	"gui.mtr.cars_to_spawn": "スポーンする車両の両数： %s 両",
	"gui.mtr.clear_vehicles": "車両の消去",
	"gui.mtr.clockwise_to": "Outer Ring to %s",
	"gui.mtr.clockwise_to_cjk": "外回り %s 方面行き",
	"gui.mtr.clockwise_via": "Outer Ring via %s",
	"gui.mtr.clockwise_via_cjk": "外回り %s 経由",
	"gui.mtr.color": "HEXカラーコード",
	"gui.mtr.comma": ", ",
	"gui.mtr.comma_cjk": "、",
	"gui.mtr.comma_last": " and ",
	"gui.mtr.comma_last_cjk": "と",
	"gui.mtr.connecting_station_interchange_announcement_part": "the %1$s at %2$s station",
	"gui.mtr.connecting_station_interchange_announcement_part_cjk": "%2$s駅連絡、%1$sはお乗り換えです",
	"gui.mtr.connecting_station_part": "Passengers may change to %s.",
	"gui.mtr.connecting_station_part_cjk": "%s。",
	"gui.mtr.cruising_altitude": "巡航高度",
	"gui.mtr.custom_destination_suggestion": "行先(\\r でリセット)",
	"gui.mtr.custom_resources_export_resource_pack": "リソースパック出力",
	"gui.mtr.custom_resources_gangway_connection_id": "貫通路ID",
	"gui.mtr.custom_resources_id": "ID",
	"gui.mtr.custom_resources_name": "名前",
	"gui.mtr.custom_resources_rider_offset": "乗車時オフセット： %s",
	"gui.mtr.custom_resources_train_barrier_id": "転落防止幌ID",
	"gui.mtr.delete_confirmation": "%s を本当に削除しますか?",
	"gui.mtr.depot_color": "車両基地の色",
	"gui.mtr.depot_name": "車両基地の名前",
	"gui.mtr.depots": "車両基地",
	"gui.mtr.disable_next_station_announcements": "デフォルトでの次駅表示を無効にする。",
	"gui.mtr.dismount_hold": "%s を長押しして強制降車: %s",
	"gui.mtr.display_page": "ページ",
	"gui.mtr.door_animation_type_bouncy_1": "ドアエンジン：M-Train風",
	"gui.mtr.door_animation_type_bouncy_2": "ドアエンジン：軽鉄川崎電車風",
	"gui.mtr.door_animation_type_constant": "ドアエンジン：等速直線運動",
	"gui.mtr.door_animation_type_mlr": "ドアエンジン：MLR風",
	"gui.mtr.door_animation_type_plug_fast": "ドアエンジン：CAF/A-Train風",
	"gui.mtr.door_animation_type_plug_slow": "ドアエンジン：K-Train風",
	"gui.mtr.door_animation_type_r179": "ドアエンジン：R179風",
	"gui.mtr.door_animation_type_r211": "ドアエンジン：R211風",
	"gui.mtr.door_animation_type_standard": "ドアエンジン：SP1900風",
	"gui.mtr.door_animation_type_standard_slow": "ドアエンジン：軽鉄南京浦鎮電車風",
	"gui.mtr.drag_file_to_upload": "ファイルをドラッグ＆ドロップしてアップロード",
	"gui.mtr.dwell_time": "停車時間",
	"gui.mtr.edit_area": "クリックしてドラッグし、駅/車両基地範囲を描画しましょう。",
	"gui.mtr.edit_instructions": "運転指令を編集",
	"gui.mtr.edit_route": "ホームをクリックして路線に追加してください。",
	"gui.mtr.editing_part": "編集中: %s",
	"gui.mtr.emeralds": "エメラルド：%s",
	"gui.mtr.enter_barrier": "入場：%s - 残額：$%s",
	"gui.mtr.exit_barrier": "出場：%s - 運賃：$%s -残額：$%s",
	"gui.mtr.exit_destinations": "駅出口の目的地",
	"gui.mtr.exit_parents": "駅出口",
	"gui.mtr.file_model": "Blockbenchファイル",
	"gui.mtr.file_properties": "プロパティファイル（任意）",
	"gui.mtr.file_texture": "テクスチャーファイル",
	"gui.mtr.file_upload": "アップロード...",
	"gui.mtr.filtered_platforms": "プラットフォームを絞り込み (%s)",
	"gui.mtr.filtered_routes": "路線の絞り込み (%s)",
	"gui.mtr.filtered_routes_condition": "以下の路線を走行する電車のみがこのブロックを起動できます",
	"gui.mtr.filtered_routes_empty": "全電車がこのブロックを起動できます",
	"gui.mtr.game_time": "ゲーム内時間",
	"gui.mtr.generate_map": "マップを新規作成",
	"gui.mtr.generating_path": "路線生成中",
	"gui.mtr.hide_arrival": "行先などを非表示にする",
	"gui.mtr.insufficient_balance": "残高不足です。（$%s）",
	"gui.mtr.interchange_announcement": "Please change here for the %s.",
	"gui.mtr.interchange_announcement_cjk": "%sはお乗り換えです。",
	"gui.mtr.invalid_orientation": "方向が無効です。レール接続に失敗しました。",
	"gui.mtr.is_anticlockwise_route": "この路線は内回りの環状線",
	"gui.mtr.is_clockwise_route": "この路線は外回りの環状線",
	"gui.mtr.is_light_rail_route": "系統番号あり",
	"gui.mtr.is_manual": "手動運転",
	"gui.mtr.is_route_hidden": "路線図上から路線を非表示にする",
	"gui.mtr.last_airplane_station": "This flight is going to %s",
	"gui.mtr.last_airplane_station_cjk": "この飛行機は%s",
	"gui.mtr.last_boat_station": "This vessel is going to %s",
	"gui.mtr.last_boat_station_cjk": "この船は %s行きです",
	"gui.mtr.last_cable_car_station": "This cable car is going to %s",
	"gui.mtr.last_cable_car_station_cjk": "このゴンドラは %s 行きです",
	"gui.mtr.last_train_station": "This train is going to %s",
	"gui.mtr.last_train_station_cjk": "この電車は %s行きです",
	"gui.mtr.left": "左",
	"gui.mtr.lift_buttons_locked": "ボタン操作を無効化しました",
	"gui.mtr.lift_buttons_unlocked": "ボタン操作を有効化しました",
	"gui.mtr.lift_floor_description": "説明",
	"gui.mtr.lift_floor_number": "階",
	"gui.mtr.lift_is_double_sided": "スルー型",
	"gui.mtr.lift_should_ding": "着床時、音を再生する",
	"gui.mtr.lift_style": "スタイル: %s",
	"gui.mtr.lift_style_opaque": "非シースルー",
	"gui.mtr.lift_style_transparent": "シースルー",
	"gui.mtr.lift_track_required": "エレベーター用のガイドレールが必要です",
	"gui.mtr.light_rail_route_announcement": "This is route %s to %s.",
	"gui.mtr.light_rail_route_announcement_cjk": "この電車は%s系統、%s行きです。",
	"gui.mtr.light_rail_route_number": "系統番号",
	"gui.mtr.london_train_interchange_announcement": "Please change here for %s.",
	"gui.mtr.london_train_interchange_announcement_cjk": "%sはお乗り換えです。",
	"gui.mtr.london_train_next_station_announcement": "The next station is %s.",
	"gui.mtr.london_train_next_station_announcement_cjk": "次は%sです。",
	"gui.mtr.london_train_route_announcement": "This is a %s train bound to %s.",
	"gui.mtr.london_train_route_announcement_cjk": "この電車は、%s、%s行きです。",
	"gui.mtr.london_train_terminating_announcement": "This train terminates here.",
	"gui.mtr.london_train_terminating_announcement_cjk": "この電車はこの駅までです。",
	"gui.mtr.london_train_this_station_announcement": "This station is %s.",
	"gui.mtr.london_train_this_station_announcement_cjk": "ただいま%s。",
	"gui.mtr.manual_to_automatic_time": "自動運転に切り替えるまでの時間",
	"gui.mtr.max_manual_speed": "最高運転速度",
	"gui.mtr.max_vehicles": "車庫線1線で収容できる最大編成数",
	"gui.mtr.mismatched_versions": "MTRmodを最新バージョンにアップデートして再度お試しください。",
	"gui.mtr.mismatched_versions_server_version": "サーバ側のバージョン: %s",
	"gui.mtr.mismatched_versions_your_version": "クライアント側のバージョン: %s",
	"gui.mtr.moving_only": "移動中の車両のみ",
	"gui.mtr.mtr_options": "設定",
	"gui.mtr.name": "名前",
	"gui.mtr.next_departure": "次の出発予定: %s",
	"gui.mtr.next_departure_none": "出発予定はありません",
	"gui.mtr.next_route_airplane_announcement": "This flight will be changed to the %s to %s.",
	"gui.mtr.next_route_airplane_announcement_cjk": "この飛行機は、 %s直通、%s行きです。",
	"gui.mtr.next_route_boat_announcement": "This vessel will be changed to the %s to %s.",
	"gui.mtr.next_route_boat_announcement_cjk": "この船は、 %s直通、%s行きです。",
	"gui.mtr.next_route_boat_light_rail_announcement": "This route will be changed to route %s. Passengers to %s, please take this vessel.",
	"gui.mtr.next_route_boat_light_rail_announcement_cjk": "この船は%sに変更されます。%sへのお客様は、引き続きご乗船ください。",
	"gui.mtr.next_route_cable_car_announcement": "This cable car will be changed to the %s to %s.",
	"gui.mtr.next_route_cable_car_announcement_cjk": "このゴンドラは、 %s直通、%s行きです。",
	"gui.mtr.next_route_train_announcement": "This train will be changed to the %s to %s.",
	"gui.mtr.next_route_train_announcement_cjk": "この電車は、 %s直通、%s行きです。",
	"gui.mtr.next_route_train_light_rail_announcement": "This route will be changed to route %s. Passengers to %s, please take this train.",
	"gui.mtr.next_route_train_light_rail_announcement_cjk": "この飛行機は%sに変更されます。%sへのお客様は、引き続きご乗車ください。",
	"gui.mtr.next_station": "The next station is %s",
	"gui.mtr.next_station_announcement": "The next station is: %s.",
	"gui.mtr.next_station_announcement_cjk": "次は：%s。",
	"gui.mtr.next_station_cjk": "次は%sです。",
	"gui.mtr.next_station_light_rail_announcement": "Next stop: %s.",
	"gui.mtr.next_station_light_rail_announcement_cjk": "次は：%s。",
	"gui.mtr.no_lift_tracks_floor_found": "エレベーター用着床レールが見つかりませんでした",
	"gui.mtr.offset_x": "オフセット (X座標): %s",
	"gui.mtr.offset_y": "オフセット (Y座標): %s",
	"gui.mtr.offset_z": "オフセット (Z座標): %s",
	"gui.mtr.part_blacklisted_cars": "ブラックリスト",
	"gui.mtr.part_display_cjk_size_ratio": "中国語表記のサイズ：%s",
	"gui.mtr.part_display_force_single_line": "1行で表示",
	"gui.mtr.part_display_force_upper_case": "大文字",
	"gui.mtr.part_display_should_scroll": "スクロール",
	"gui.mtr.part_display_text_color": "HEXカラーコード",
	"gui.mtr.part_display_text_color_cjk": "中国語/非中国語カラー",
	"gui.mtr.part_display_type_destination": "タイプ: 行先表示",
	"gui.mtr.part_display_type_next_station_kcr": "タイプ: 次駅表示（KCR）",
	"gui.mtr.part_display_type_next_station_mtr": "タイプ: 次駅表示（MTR）",
	"gui.mtr.part_display_type_next_station_plain": "タイプ: 次駅表示",
	"gui.mtr.part_display_type_next_station_uk": "タイプ: 次駅表示（英国）",
	"gui.mtr.part_display_type_route_number": "タイプ: 系統番号",
	"gui.mtr.part_display_x_padding": "X軸サイズ補正: %s",
	"gui.mtr.part_display_y_padding": "Y軸サイズ補正: %s",
	"gui.mtr.part_door_offset_left_negative": "ドアオフセット：左/負",
	"gui.mtr.part_door_offset_left_positive": "ドアオフセット：左/正",
	"gui.mtr.part_door_offset_none": "ドアオフセット: なし",
	"gui.mtr.part_door_offset_right_negative": "ドアオフセット：右/負",
	"gui.mtr.part_door_offset_right_positive": "ドアオフセット：右/正",
	"gui.mtr.part_is_display": "電光表示版",
	"gui.mtr.part_mirror": "反転",
	"gui.mtr.part_positions": "位置",
	"gui.mtr.part_render_condition_all": "描画方式: 常に表示",
	"gui.mtr.part_render_condition_door_left_closed": "描画方式: 左側ドア閉",
	"gui.mtr.part_render_condition_door_left_open": "描画方式: 左側ドア開",
	"gui.mtr.part_render_condition_door_right_closed": "描画方式: 右側ドア閉",
	"gui.mtr.part_render_condition_door_right_open": "描画方式: 右側ドア開",
	"gui.mtr.part_render_condition_doors_closed": "描画方式: ドア閉",
	"gui.mtr.part_render_condition_doors_open": "描画方式: ドア開",
	"gui.mtr.part_render_condition_moving_backwards": "描画方式: 後方へ走行",
	"gui.mtr.part_render_condition_moving_forwards": "描画方式: 前方へ走行",
	"gui.mtr.part_skip_rendering_if_too_far": "遠い場合は非表示",
	"gui.mtr.part_stage_always_on_lights": "照明 (常にオン)",
	"gui.mtr.part_stage_exterior": "外観",
	"gui.mtr.part_stage_interior": "内装",
	"gui.mtr.part_stage_interior_translucent": "内装（半透明）",
	"gui.mtr.part_stage_lights": "照明",
	"gui.mtr.part_whitelisted_cars": "ホワイトリスト",
	"gui.mtr.path_found": "パス生成成功！",
	"gui.mtr.path_not_found_between": "パス生成失敗... |路線|> %s|> %s|と|> %s|間のパスが見つかりません",
	"gui.mtr.path_not_generated": "パス未生成",
	"gui.mtr.percentage_complete_bridge": "橋りょうを建設中・・・ (%s%%)",
	"gui.mtr.percentage_complete_tunnel": "トンネルを掘削中・・・(%s%%)",
	"gui.mtr.percentage_complete_tunnel_wall": "トンネル覆工を建設中・・・ (%s%%)",
	"gui.mtr.pids_message": "発車標に表示したいメッセージを入力してください",
	"gui.mtr.platform": "ホーム %s",
	"gui.mtr.platform_number": "ホーム番線",
	"gui.mtr.platform_or_siding_exists": "各レール接続点は1つのホームレール、または車庫線レールのみ接続できます",
	"gui.mtr.press_to_select_floor": "%s を押して行先階を選択",
	"gui.mtr.psd_apg_door_locked": "ドアを締め切りました",
	"gui.mtr.psd_apg_door_unlocked": "ドアを開放しました",
	"gui.mtr.radius_too_small": "レールが接続できませんでした。半径は最低2m以上でなければなりません",
	"gui.mtr.rail_action_bridge": "橋りょう %s （長さ%s ブロック、 %s）",
	"gui.mtr.rail_action_tunnel": "トンネル %s (長さ%s ブロック)",
	"gui.mtr.rail_action_tunnel_wall": "トンネル覆工 %s (長さ%s ブロック、%s)",
	"gui.mtr.rail_actions": "現在のビルドオペレーター",
	"gui.mtr.rail_actions_button": "オペレーション...",
	"gui.mtr.rail_not_found": "信号を作成できませんでした。レールが見つかりません",
	"gui.mtr.rail_not_found_action": "構築物を作成できませんでした。レールが見つかりません",
	"gui.mtr.refresh_path": "路線を更新",
	"gui.mtr.repeat_indefinitely": "運転指令を繰り返す",
	"gui.mtr.reset_sign": "リセット",
	"gui.mtr.right": "右",
	"gui.mtr.rotate_anticlockwise": "反時計回りに回転",
	"gui.mtr.rotate_clockwise": "時計回りに回転",
	"gui.mtr.route_color": "この路線の色",
	"gui.mtr.route_name": "この路線の名前",
	"gui.mtr.route_type_boat_high_speed": "種類: 高速フェリー",
	"gui.mtr.route_type_boat_light_rail": "種類: クルーズ船",
	"gui.mtr.route_type_boat_normal": "種類: フェリー(水上バス)",
	"gui.mtr.route_type_train_high_speed": "種別: 新幹線",
	"gui.mtr.route_type_train_light_rail": "種別: ライトレール",
	"gui.mtr.route_type_train_normal": "種別: 一般",
	"gui.mtr.routes": "路線",
	"gui.mtr.s": "秒",
	"gui.mtr.schedule_mode_real_time_off": "スケジュール: Minecraft時間",
	"gui.mtr.schedule_mode_real_time_on": "スケジュール: 現実時間",
	"gui.mtr.search": "検索",
	"gui.mtr.select_all_platforms": "すべてのプラットフォームからの到着時刻を表示する",
	"gui.mtr.selected": "決定",
	"gui.mtr.selected_vehicle": "車両を選択",
	"gui.mtr.separator": "/",
	"gui.mtr.separator_cjk": "•",
	"gui.mtr.settings": "設定",
	"gui.mtr.siding_number": "車庫線番号",
	"gui.mtr.sidings_in_depot": "この車両基地の車庫線: %s",
	"gui.mtr.sound_file": "サウンドファイル",
	"gui.mtr.station": "%s Station",
	"gui.mtr.station_cjk": "%s駅",
	"gui.mtr.station_color": "駅代表色",
	"gui.mtr.station_name": "駅の名前",
	"gui.mtr.stations": "駅",
	"gui.mtr.stopped_only": "停車中の車両のみ",
	"gui.mtr.support": "寄付",
	"gui.mtr.this_station": "This station is %s",
	"gui.mtr.this_station_cjk": "ただいま%s。",
	"gui.mtr.to": "to %s",
	"gui.mtr.to_cjk": "%s方面",
	"gui.mtr.tph": "/時",
	"gui.mtr.train_schedule_sensor": "到着時の遅延時間(単位: 秒)",
	"gui.mtr.transport_mode_airplane": "種類: 飛行機",
	"gui.mtr.transport_mode_boat": "種類：船",
	"gui.mtr.transport_mode_cable_car": "種類: ゴンドラリフト",
	"gui.mtr.transport_mode_train": "種類：電車",
	"gui.mtr.unlimited": "無制限",
	"gui.mtr.unlimited_vehicles": "無限列車スポーン",
	"gui.mtr.untitled": "名無し",
	"gui.mtr.use_time_and_wind_sync": "「Time & Wind」MODを使用して時刻を自動的に同期",
	"gui.mtr.used_model_parts": "使用されているボーンパーツ",
	"gui.mtr.vehicle_brightness": "明るさ: %s%%",
	"gui.mtr.vehicle_cars": "号車: %s",
	"gui.mtr.vehicle_direction_backwards": "方向: 後方",
	"gui.mtr.vehicle_direction_forwards": "方向: 前方",
	"gui.mtr.vehicle_door_max": "ドア: %s",
	"gui.mtr.vehicle_length": "長さ: %s",
	"gui.mtr.vehicle_speed": "速度：%s m/s (%s km/h)",
	"gui.mtr.vehicle_width": "幅: %s",
	"gui.mtr.vehicles_per_hour": "1時間あたりの運行頻度",
	"gui.mtr.welcome_station": "Welcome to %s Station.",
	"gui.mtr.welcome_station_cjk": "%s駅をご利用いただきありがとうございます。",
	"gui.mtr.zone": "運賃ゾーン",
	"gui.mtr.zone_number": "ゾーン%s",
	"item.mtr.apg_door": "可動式ホーム柵",
	"item.mtr.apg_glass": "可動式ホーム柵",
	"item.mtr.apg_glass_end": "可動式ホーム柵",
	"item.mtr.bridge_creator_3": "橋りょうビルダー",
	"item.mtr.bridge_creator_5": "橋りょうビルダー",
	"item.mtr.bridge_creator_7": "橋りょうビルダー",
	"item.mtr.bridge_creator_9": "橋りょうビルダー",
	"item.mtr.brush": "ブラシ",
	"item.mtr.dashboard": "鉄道ダッシュボード",
	"item.mtr.dashboard_2": "船ダッシュボード",
	"item.mtr.dashboard_3": "ロープウェイダッシュボード",
	"item.mtr.dashboard_4": "航空路ダッシュボード",
	"item.mtr.driver_key": "マスコンキー",
	"item.mtr.escalator": "エスカレーター",
	"item.mtr.lift_buttons_link_connector": "エレベーター呼び出しボタン連動コネクタ",
	"item.mtr.lift_buttons_link_remover": "エレベーター呼び出しボタン連動リムーバー",
	"item.mtr.lift_door_1": "エレベーターのドア",
	"item.mtr.lift_door_odd_1": "エレベーターのドア",
	"item.mtr.lift_refresher": "エレベーターダッシュボード",
	"item.mtr.psd_door": "フルスクリーン型ホームドア",
	"item.mtr.psd_door_2": "フルスクリーンホームドア（屯馬線）",
	"item.mtr.psd_glass": "フルスクリーンホームドア",
	"item.mtr.psd_glass_2": "フルスクリーンホームドア（屯馬線）",
	"item.mtr.psd_glass_end": "フルスクリーンホームドア",
	"item.mtr.psd_glass_end_2": "フルスクリーンホームドア（屯馬線）",
	"item.mtr.rail_connector_120": "黒曜石のレールコネクター",
	"item.mtr.rail_connector_120_one_way": "黒曜石のレールコネクター(一方通行)",
	"item.mtr.rail_connector_160": "ブレイスのレールコネクター",
	"item.mtr.rail_connector_160_one_way": "ブレイスのレールコネクター(一方通行)",
	"item.mtr.rail_connector_20": "木のレールコネクター",
	"item.mtr.rail_connector_200": "クォーツのレールコネクター",
	"item.mtr.rail_connector_200_one_way": "クォーツのレールコネクタ (一方通行)",
	"item.mtr.rail_connector_20_one_way": "木のレールコネクター(一方通行)",
	"item.mtr.rail_connector_300": "ダイヤモンドのレールコネクター",
	"item.mtr.rail_connector_300_one_way": "ダイヤモンドのレールコネクター(一方通行)",
	"item.mtr.rail_connector_40": "石のレールコネクター",
	"item.mtr.rail_connector_40_one_way": "石のレールコネクター(一方通行)",
	"item.mtr.rail_connector_60": "エメラルドのレールコネクタ",
	"item.mtr.rail_connector_60_one_way": "エメラルドのレールコネクタ(一方通行)",
	"item.mtr.rail_connector_80": "鉄のレールコネクター",
	"item.mtr.rail_connector_80_one_way": "鉄のレールコネクター(一方通行)",
	"item.mtr.rail_connector_cable_car": "ケーブルカーコネクタ",
	"item.mtr.rail_connector_platform": "ホームレールコネクター",
	"item.mtr.rail_connector_runway": "滑走路コネクター",
	"item.mtr.rail_connector_siding": "車庫線レールコネクター",
	"item.mtr.rail_connector_turn_back": "スイッチバックレールコネクター",
	"item.mtr.rail_remover": "レールの撤去",
	"item.mtr.resource_pack_creator": "リソースパックエディター",
	"item.mtr.signal_connector_black": "黒色の閉塞コネクター",
	"item.mtr.signal_connector_blue": "青色の閉塞コネクター",
	"item.mtr.signal_connector_brown": "茶色の閉塞コネクター",
	"item.mtr.signal_connector_cyan": "青緑色の閉塞コネクター",
	"item.mtr.signal_connector_gray": "灰色の閉塞コネクター",
	"item.mtr.signal_connector_green": "緑色の閉塞コネクター",
	"item.mtr.signal_connector_light_blue": "空色の閉塞コネクター",
	"item.mtr.signal_connector_light_gray": "薄灰色の閉塞コネクター",
	"item.mtr.signal_connector_lime": "黄緑色の閉塞コネクター",
	"item.mtr.signal_connector_magenta": "赤紫色の閉塞コネクター",
	"item.mtr.signal_connector_orange": "橙色の閉塞コネクター",
	"item.mtr.signal_connector_pink": "桃色の閉塞コネクター",
	"item.mtr.signal_connector_purple": "紫色の閉塞コネクター",
	"item.mtr.signal_connector_red": "赤色の閉塞コネクター",
	"item.mtr.signal_connector_white": "白色の閉塞コネクター",
	"item.mtr.signal_connector_yellow": "黄色の閉塞コネクター",
	"item.mtr.signal_remover_black": "黒色の閉塞撤去",
	"item.mtr.signal_remover_blue": "青色の閉塞撤去",
	"item.mtr.signal_remover_brown": "茶色の閉塞撤去",
	"item.mtr.signal_remover_cyan": "青緑色の閉塞撤去",
	"item.mtr.signal_remover_gray": "灰色の閉塞撤去",
	"item.mtr.signal_remover_green": "緑色の閉塞撤去",
	"item.mtr.signal_remover_light_blue": "空色の閉塞撤去",
	"item.mtr.signal_remover_light_gray": "薄灰色の閉塞撤去",
	"item.mtr.signal_remover_lime": "黄緑色の閉塞撤去",
	"item.mtr.signal_remover_magenta": "赤紫色の閉塞撤去",
	"item.mtr.signal_remover_orange": "橙色の閉塞撤去",
	"item.mtr.signal_remover_pink": "桃色の閉塞撤去",
	"item.mtr.signal_remover_purple": "紫色の閉塞撤去",
	"item.mtr.signal_remover_red": "赤色の閉塞撤去",
	"item.mtr.signal_remover_white": "白色の閉塞撤去",
	"item.mtr.signal_remover_yellow": "黄色の閉塞撤去",
	"item.mtr.tunnel_creator_4_3": "トンネルビルダー",
	"item.mtr.tunnel_creator_4_5": "トンネルビルダー",
	"item.mtr.tunnel_creator_4_7": "トンネルビルダー",
	"item.mtr.tunnel_creator_4_9": "トンネルビルダー",
	"item.mtr.tunnel_creator_5_3": "トンネルビルダー",
	"item.mtr.tunnel_creator_5_5": "トンネルビルダー",
	"item.mtr.tunnel_creator_5_7": "トンネルビルダー",
	"item.mtr.tunnel_creator_5_9": "トンネルビルダー",
	"item.mtr.tunnel_creator_6_3": "トンネルビルダー",
	"item.mtr.tunnel_creator_6_5": "トンネルビルダー",
	"item.mtr.tunnel_creator_6_7": "トンネルビルダー",
	"item.mtr.tunnel_creator_6_9": "トンネルビルダー",
	"item.mtr.tunnel_wall_creator_4_3": "トンネル覆工ビルダー",
	"item.mtr.tunnel_wall_creator_4_5": "トンネル覆工ビルダー",
	"item.mtr.tunnel_wall_creator_4_7": "トンネル覆工ビルダー",
	"item.mtr.tunnel_wall_creator_4_9": "トンネル覆工ビルダー",
	"item.mtr.tunnel_wall_creator_5_3": "トンネル覆工ビルダー",
	"item.mtr.tunnel_wall_creator_5_5": "トンネル覆工ビルダー",
	"item.mtr.tunnel_wall_creator_5_7": "トンネル覆工ビルダー",
	"item.mtr.tunnel_wall_creator_5_9": "トンネル覆工ビルダー",
	"item.mtr.tunnel_wall_creator_6_3": "トンネル覆工ビルダー",
	"item.mtr.tunnel_wall_creator_6_5": "トンネル覆工ビルダー",
	"item.mtr.tunnel_wall_creator_6_7": "トンネル覆工ビルダー",
	"item.mtr.tunnel_wall_creator_6_9": "トンネル覆工ビルダー",
	"itemGroup.mtr.core": "Minecraft Transit Railway コア",
	"itemGroup.mtr.escalators_lifts": "エスカレーターとエレベーター",
	"itemGroup.mtr.railway_facilities": "鉄道設備",
	"itemGroup.mtr.station_building_blocks": "駅用建築ブロック",
	"key.mtr.debug_1_negative": "Debug Field 1 (Subtract)",
	"key.mtr.debug_1_positive": "Debug Field 1 (Add)",
	"key.mtr.debug_2_negative": "Debug Field 2 (Subtract)",
	"key.mtr.debug_2_positive": "Debug Field 2 (Add)",
	"key.mtr.debug_3_negative": "Debug Field 3 (Subtract)",
	"key.mtr.debug_3_positive": "Debug Field 3 (Add)",
	"key.mtr.debug_cycle_negative": "Cycle Debug Category (Backwards)",
	"key.mtr.debug_cycle_positive": "Cycle Debug Category (Forwards)",
	"key.mtr.lift_menu": "行き先階選択画面を開く",
	"key.mtr.train_accelerate": "力行",
	"key.mtr.train_brake": "制動",
	"key.mtr.train_toggle_doors": "ドア開閉",
	"options.mtr.anonymous": "匿名",
	"options.mtr.dynamic_texture_resolution": "動的テクスチャ解像度（値が大きいとクラッシュする可能性があります）",
	"options.mtr.hide_special_rail_colors": "特殊なレールの色を非表示",
	"options.mtr.hide_translucent_parts": "電車の半透明な部分を隠す",
	"options.mtr.language_options": "看板に表示する言語",
	"options.mtr.language_options_0": "デフォルト",
	"options.mtr.language_options_1": "漢字のみ",
	"options.mtr.language_options_2": "漢字以外",
	"options.mtr.off": "オフ",
	"options.mtr.on": "オン",
	"options.mtr.shift_to_toggle_sitting": "%s で車内の座席に座る",
	"options.mtr.show_announcement_messages": "チャット欄で「次の駅」メッセージを送信する",
	"options.mtr.support_patreon": "Patreonで支援する",
	"options.mtr.track_texture_offset": "レールテクスチャのオフセット",
	"options.mtr.use_dynamic_fps": "FPSブースト",
	"options.mtr.use_mtr_font": "MTRフォントを使用する。（環境により正常に表示できない可能性があります。）",
	"options.mtr.use_tts_announcements": "次駅放送をテキスト読み上げする",
	"options.mtr.vehicle_render_distance_ratio": "車両の描画距離",
	"sign.mtr.airport": "Airport",
	"sign.mtr.airport_arrivals": "Arrivals",
	"sign.mtr.airport_arrivals_cjk": "到着",
	"sign.mtr.airport_cjk": "空港",
	"sign.mtr.airport_departures": "Departures",
	"sign.mtr.airport_departures_cjk": "出発",
	"sign.mtr.airport_express": "Trains to Airport",
	"sign.mtr.airport_express_city": "Trains to City",
	"sign.mtr.airport_express_city_cjk": "市内行きの電車",
	"sign.mtr.airport_express_cjk": "空港連絡鉄道",
	"sign.mtr.airport_transfer": "Transfer",
	"sign.mtr.airport_transfer_cjk": "のりつぎ",
	"sign.mtr.baggage_claim": "Baggage Claim",
	"sign.mtr.baggage_claim_cjk": "手荷物受取",
	"sign.mtr.boat": "Ferries",
	"sign.mtr.boat_cjk": "フェリー",
	"sign.mtr.cable_car": "Ropeway",
	"sign.mtr.cable_car_cjk": "ゴンドラリフト",
	"sign.mtr.check_in_passengers": "Check-in Passengers",
	"sign.mtr.check_in_passengers_cjk": "搭乗手続き(チェックイン)",
	"sign.mtr.cross": "No Entry",
	"sign.mtr.cross_cjk": "立入禁止",
	"sign.mtr.customer_service_centre": "Customer Service Centre",
	"sign.mtr.customer_service_centre_cjk": "駅務室",
	"sign.mtr.emergency_exit": "Emergency Exit",
	"sign.mtr.emergency_exit_cjk": "非常口",
	"sign.mtr.escalator_to_concourse_down": "To Concourse Only",
	"sign.mtr.escalator_to_concourse_down_cjk": "改札口専用",
	"sign.mtr.escalator_to_concourse_up": "To Concourse Only",
	"sign.mtr.escalator_to_concourse_up_cjk": "改札口専用",
	"sign.mtr.female": "Female Toilet",
	"sign.mtr.female_cjk": "女子トイレ",
	"sign.mtr.in_town_check_in": "In-town Check-in",
	"sign.mtr.in_town_check_in_cjk": "インタウン・チェックイン",
	"sign.mtr.lift_1": "Lift",
	"sign.mtr.lift_1_cjk": "エレベーター",
	"sign.mtr.lift_2": "Lift",
	"sign.mtr.lift_2_cjk": "エレベーター",
	"sign.mtr.light_rail_1": "Light Rail",
	"sign.mtr.light_rail_1_cjk": "軽鉄",
	"sign.mtr.light_rail_2": "Light Rail",
	"sign.mtr.light_rail_2_cjk": "軽鉄",
	"sign.mtr.light_rail_3": "Light Rail",
	"sign.mtr.light_rail_3_cjk": "軽鉄",
	"sign.mtr.light_rail_4": "Light Rail",
	"sign.mtr.light_rail_4_cjk": "軽鉄",
	"sign.mtr.logo": "Minecraft Transit Railway",
	"sign.mtr.logo_cjk": "マインクラフト鉄道",
	"sign.mtr.male": "Male Toilet",
	"sign.mtr.male_cjk": "男子トイレ",
	"sign.mtr.platform": "Platform",
	"sign.mtr.platform_cjk": "ホーム",
	"sign.mtr.sp1900": "Trains",
	"sign.mtr.sp1900_cjk": "電車",
	"sign.mtr.station": "Station",
	"sign.mtr.station_cjk": "駅名",
	"sign.mtr.tickets": "Tickets",
	"sign.mtr.tickets_cjk": "きっぷ",
	"sign.mtr.toilets": "Toilets",
	"sign.mtr.toilets_cjk": "トイレ",
	"sign.mtr.train": "Trains",
	"sign.mtr.train_cjk": "電車",
	"sign.mtr.train_old": "Trains",
	"sign.mtr.train_old_cjk": "電車",
	"sign.mtr.wheelchair": "Toilets",
	"sign.mtr.wheelchair_cjk": "トイレ",
	"sign.mtr.wifi": "Free Wi-Fi Hotspot",
	"sign.mtr.wifi_cjk": "無料Wi-Fiスポット",
	"sign.mtr.xrl_1": "High Speed Rail",
	"sign.mtr.xrl_1_cjk": "新幹線",
	"sign.mtr.xrl_2": "High Speed Rail",
	"sign.mtr.xrl_2_cjk": "新幹線",
	"sign.mtr.yellow_head_1": "Trains",
	"sign.mtr.yellow_head_1_cjk": "列車",
	"sign.mtr.yellow_head_2": "Trains",
	"sign.mtr.yellow_head_2_cjk": "列車",
	"tooltip.block.mtr.glass_fence_cio": "第一城駅",
	"tooltip.block.mtr.glass_fence_ckt": "車公廟駅",
	"tooltip.block.mtr.glass_fence_heo": "恒安駅",
	"tooltip.block.mtr.glass_fence_mos": "馬鞍山駅",
	"tooltip.block.mtr.glass_fence_plain": "ガラス板",
	"tooltip.block.mtr.glass_fence_shm": "石門駅",
	"tooltip.block.mtr.glass_fence_stained": "白色の色付きガラス板",
	"tooltip.block.mtr.glass_fence_stw": "沙田囲駅",
	"tooltip.block.mtr.glass_fence_tsh": "大水坑駅",
	"tooltip.block.mtr.glass_fence_wks": "烏渓沙駅",
	"tooltip.mtr.cable_car_node": "ホームと車庫線がありません\n直線接続のみ",
	"tooltip.mtr.cable_car_node_station": "ホームと車庫線を作成することができます\n曲線を作成することができます",
	"tooltip.mtr.pole_placement": "既存の %s の上に設置する必要があります",
	"tooltip.mtr.psd_apg_door": "可動部",
	"tooltip.mtr.psd_apg_door_2": "可動部",
	"tooltip.mtr.psd_apg_glass": "壁部",
	"tooltip.mtr.psd_apg_glass_2": "壁部",
	"tooltip.mtr.psd_apg_glass_end": "終端部",
	"tooltip.mtr.rail_action_depth": "奥行: %s",
	"tooltip.mtr.rail_action_height": "高さ: %s",
	"tooltip.mtr.rail_action_width": "幅: %s",
	"tooltip.mtr.rail_speed_limit": "最高速度：%s",
	"tooltip.mtr.railway_sign_even": "配置モード：偶数",
	"tooltip.mtr.railway_sign_length": "長さ：%s",
	"tooltip.mtr.railway_sign_odd": "配置モード：奇数",
	"tooltip.mtr.selected_block": "ブロック選択済: %s",
	"tooltip.mtr.selected_material": "選択材料: %s",
	"tooltip.mtr.shift_right_click_to_clear": "%s を長押ししてオン| %s を使用してリセット",
	"tooltip.mtr.shift_right_click_to_select_material": "%s を長押ししながらブロックを\\n使用(右クリック) して材料を選択する",
	"tooltip.mtr.station_color": "ブロック色は駅によって異なります。",
	"tooltip.mtr.station_color_name": "ブロック色やテキストは駅によって異なります。",
	"train.mtr.a320": "エアバスA320",
	"train.mtr.a_train_ael": "香港地鉄ADtranz-CAF電車(機場快線仕様)",
	"train.mtr.a_train_ael_mini": "香港地鉄ADtranz-CAF電車(機場快線仕様・ミニ)",
	"train.mtr.a_train_tcl": "香港地鉄ADtranz-CAF電車",
	"train.mtr.a_train_tcl_mini": "香港地鉄ADtranz-CAF電車(2ドア)",
	"train.mtr.a_train_tcl_small": "香港地鉄ADtranz-CAF電車(4ドア)",
	"train.mtr.acacia_boat": "アカシアのボート",
	"train.mtr.birch_boat": "シラカバのボート",
	"train.mtr.br_423": "ドイツ鉄道423形電車",
	"train.mtr.c1141a": "香港鉄路屯馬線中国製電車 (1141A)",
	"train.mtr.c1141a_mini": "香港鉄路屯馬線中国製電車 (1141A・2ドア)",
	"train.mtr.c1141a_small": "香港鉄路屯馬線中国製電車 (1141A・4ドア)",
	"train.mtr.c_train": "香港鉄路市区線中国製電車(C-Train)",
	"train.mtr.c_train_mini": "香港鉄路市区線中国製電車(C-Train・2ドア)",
	"train.mtr.c_train_small": "香港鉄路市区線中国製電車(C-Train・4ドア)",
	"train.mtr.class_377_southern": "イギリス鉄道377形電車（サザン所属）",
	"train.mtr.class_802_gwr": "イギリス鉄道802形 (GWR)",
	"train.mtr.class_802_gwr_mini": "イギリス鉄道802形 (GWR、ミニ)",
	"train.mtr.class_802_tpe": "イギリス鉄道802形 (TPE)",
	"train.mtr.class_802_tpe_mini": "イギリス鉄道802形 (TPE、ミニ)",
	"train.mtr.cm_stock": "香港地下鉄メトロキャメル電車(リニューアル工事前)",
	"train.mtr.cm_stock_mini": "香港地下鉄メトロキャメル電車(リニューアル工事前、2ドア)",
	"train.mtr.cm_stock_small": "香港地下鉄メトロキャメル電車(リニューアル工事前、4ドア)",
	"train.mtr.dark_oak_boat": "ダークオークのボート",
	"train.mtr.drl": "香港地下鉄メトロキャメル電車 (迪士尼線仕様)",
	"train.mtr.e44": "九広鉄路メトロキャメル電車(交流、未更新編成、通称:「黄頭」)",
	"train.mtr.e44_mini": "九広鉄路メトロキャメル電車(交流、未更新編成、通称:「黄頭」、ミニ)",
	"train.mtr.flying_minecart": "そらとぶトロッコ",
	"train.mtr.jungle_boat": "ジャングルのボート",
	"train.mtr.k_train": "香港地鉄Rotem電車(K-Train、C651型電車)",
	"train.mtr.k_train_ael": "香港地鉄Rotem電車(K-Train、機場快線仕様)",
	"train.mtr.k_train_ael_mini": "香港地鉄Rotem電車(K-Train、機場快線仕様、2ドア)",
	"train.mtr.k_train_ael_small": "香港地鉄Rotem電車(K-Train、機場快線仕様、4ドア)",
	"train.mtr.k_train_mini": "香港地鉄Rotem電車(K-Train、C651型電車、2ドア)",
	"train.mtr.k_train_small": "香港地鉄Rotem電車(K-Train、C651型電車、4ドア)",
	"train.mtr.k_train_tcl": "香港地鉄Rotem電車(K-Train、C6522-04E型電車、東涌線仕様)",
	"train.mtr.k_train_tcl_mini": "香港地鉄Rotem電車(K-Train、C6522-04E型電車、東涌線仕様、2ドア)",
	"train.mtr.k_train_tcl_small": "香港地鉄Rotem電車(K-Train、C6522-04E型電車、東涌線仕様、4ドア)",
	"train.mtr.light_rail_1": "軽鉄一代Comeng電車(左ドア)",
	"train.mtr.light_rail_1_orange": "九広軽鉄Comeng電車(橙色、左ドア)",
	"train.mtr.light_rail_1_orange_rht": "九広軽鉄Comeng電車(橙色、右ドア)",
	"train.mtr.light_rail_1_rht": "軽鉄一代Comeng電車(右ドア)",
	"train.mtr.light_rail_1r": "九広軽鉄Comeng電車(延命工事済み、左ドア)",
	"train.mtr.light_rail_1r_old": "九広軽鉄Comeng電車(延命工事済み、青色、左ドア)",
	"train.mtr.light_rail_1r_old_rht": "九広軽鉄Comeng電車(延命工事済み、青色、右ドア)",
	"train.mtr.light_rail_1r_orange": "九広軽鉄Comeng電車(延命工事済み、橙色、左ドア)",
	"train.mtr.light_rail_1r_orange_rht": "九広軽鉄Comeng電車(延命工事済み、橙色、右ドア)",
	"train.mtr.light_rail_1r_rht": "九広軽鉄Comeng電車(延命工事済み、右ドア)",
	"train.mtr.light_rail_2": "軽鉄二代川崎電車(左ドア)",
	"train.mtr.light_rail_2r": "九広鉄路川崎電車(延命工事済み、左ドア)",
	"train.mtr.light_rail_2r_rht": "九広鉄路川崎電車(延命工事済み、右ドア)",
	"train.mtr.light_rail_2_orange": "九広軽鉄川崎電車(橙色、左ドア)",
	"train.mtr.light_rail_2_orange_rht": "九広軽鉄川崎電車(橙色、右ドア)",
	"train.mtr.light_rail_2_rht": "軽鉄二代川崎電車(右ドア)",
	"train.mtr.light_rail_3": "軽鉄三代Goninan電車(左ドア)",
	"train.mtr.light_rail_3r": "九広軽鉄Goninan電車(延命工事済み、左ドア)",
	"train.mtr.light_rail_3r_rht": "九広軽鉄Goninan電車(延命工事済み、右ドア)",
	"train.mtr.light_rail_3_orange": "九広軽鉄Goninan電車(橙色、左ドア)",
	"train.mtr.light_rail_3_orange_rht": "九広軽鉄Goninan電車(橙色、右ドア)",
	"train.mtr.light_rail_3_rht": "軽鉄三代Goninan電車(右ドア)",
	"train.mtr.light_rail_4": "港鉄軽鉄南京浦鎮電車(前期、左ドア)",
	"train.mtr.light_rail_4_old": "港鉄軽鉄南京浦鎮電車(前期、青色、左ドア)",
	"train.mtr.light_rail_4_old_rht": "港鉄軽鉄南京浦鎮電車(前期、青色、右ドア)",
	"train.mtr.light_rail_4_orange": "港鉄軽鉄南京浦鎮電車(前期、橙色、左ドア)",
	"train.mtr.light_rail_4_orange_rht": "港鉄軽鉄南京浦鎮電車(前期、橙色、右ドア)",
	"train.mtr.light_rail_4_rht": "港鉄軽鉄南京浦鎮電車(前期、右ドア)",
	"train.mtr.light_rail_5": "港鉄軽鉄南京浦鎮電車(後期、左ドア)",
	"train.mtr.light_rail_5_old": "港鉄軽鉄南京浦鎮電車(後期、青色、左ドア)",
	"train.mtr.light_rail_5_old_rht": "港鉄軽鉄南京浦鎮電車(後期、青色、右ドア)",
	"train.mtr.light_rail_5_orange": "港鉄軽鉄南京浦鎮電車(後期、橙色、左ドア)",
	"train.mtr.light_rail_5_orange_rht": "港鉄軽鉄南京浦鎮電車(後期、橙色、右ドア)",
	"train.mtr.light_rail_5_rht": "港鉄軽鉄南京浦鎮電車(後期、右ドア)",
	"train.mtr.london_underground_1995": "ロンドン地下鉄1995形電車",
	"train.mtr.london_underground_1996": "ロンドン地下鉄1996形電車",
	"train.mtr.london_underground_d78": "ロンドン地下鉄D78形電車",
	"train.mtr.london_underground_d78_mini": "ロンドン地下鉄D78形電車（ミニ）",
	"train.mtr.m_train": "香港地鉄メトロキャメル電車 (直流)",
	"train.mtr.m_train_mini": "香港地鉄メトロキャメル電車 (直流・2ドア)",
	"train.mtr.m_train_small": "香港地鉄メトロキャメル電車 (直流・4ドア)",
	"train.mtr.minecart": "トロッコ",
	"train.mtr.mlr": "九広鉄路メトロキャメル電車 (交流)",
	"train.mtr.mlr_christmas": "MLR列車クリスマス版",
	"train.mtr.mlr_christmas_mini": "MLR列車クリスマス版（２ドア）",
	"train.mtr.mlr_christmas_small": "MLR列車クリスマス版（４ドア）",
	"train.mtr.mlr_mini": "九広鉄路メトロキャメル電車 (交流・2ドア)",
	"train.mtr.mlr_small": "九広鉄路メトロキャメル電車 (交流・4ドア)",
	"train.mtr.mpl_85": "リヨンメトロMPL85形電車",
	"train.mtr.ngong_ping_360_crystal": "昂坪 360 クリスタルキャビン（左側）",
	"train.mtr.ngong_ping_360_crystal_rht": "昂坪 360 クリスタルキャビン（右側）",
	"train.mtr.ngong_ping_360_crystal_plus": "昂坪 360 Crystal+キャビン（左側）",
	"train.mtr.ngong_ping_360_crystal_plus_rht": "昂坪 360 Crystal+キャビン（右側）",
	"train.mtr.ngong_ping_360_normal_light_blue": "昂坪 360（空色，左側）",
	"train.mtr.ngong_ping_360_normal_light_blue_rht": "昂坪 360（空色，右側）",
	"train.mtr.ngong_ping_360_normal_orange": "昂坪 360（橙色，左側）",
	"train.mtr.ngong_ping_360_normal_orange_rht": "昂坪 360（橙色，右側）",
	"train.mtr.ngong_ping_360_normal_red": "昂坪 360（赤色，左側）",
	"train.mtr.ngong_ping_360_normal_red_rht": "昂坪 360（赤色，右側）",
	"train.mtr.oak_boat": "オークのボート",
	"train.mtr.r179": "ニューヨーク市地下鉄R179形電車",
	"train.mtr.r179_mini": "ニューヨーク市地下鉄R179形電車(2ドア)",
	"train.mtr.r211": "ニューヨーク市地下鉄R211形電車",
	"train.mtr.r211_mini": "ニューヨーク市地下鉄R211形電車(2ドア)",
	"train.mtr.r211t": "ニューヨーク市地下鉄R211T形電車",
	"train.mtr.r211t_mini": "ニューヨーク市地下鉄R211T形電車(2ドア)",
	"train.mtr.r_train": "東鉄線現代ロテム電車",
	"train.mtr.r_train_mini": "東鉄線現代ロテム電車(2ドア)",
	"train.mtr.r_train_small": "東鉄線現代ロテム電車(4ドア)",
	"train.mtr.s_train": "香港鉄路南港島線中国製電車",
	"train.mtr.s_train_mini": "香港鉄路南港島線中国製電車 (2ドア)",
	"train.mtr.s_train_small": "香港鉄路南港島線中国製電車 (4ドア)",
	"train.mtr.sp1900": "九広鉄路SP1900形電車",
	"train.mtr.sp1900_mini": "九広鉄路SP1900形電車(2ドア)",
	"train.mtr.sp1900_small": "九広鉄路SP1900形電車(4ドア)",
	"train.mtr.spruce_boat": "トウヒのボート"
}
