{
	"block.minecraft.bedrock_slab": "뼈 슬라브",
	"block.minecraft.birch_wood_slab": "자작나무 판자",
	"block.minecraft.bone_block_slab": "석판",
	"block.minecraft.chiseled_quartz_block_slab": "끌로 깎은 석영 블록 슬래브",
	"block.minecraft.chiseled_stone_bricks_slab": "조각된 고대 석재 벽돌 반 블록",
	"block.minecraft.clay_slab": "점토 반 블록",
	"block.minecraft.coal_ore_slab": "Coal Ore Slab",
	"block.minecraft.concrete": "콘크리트",
	"block.minecraft.concrete_powder": "콘크리트 가루",
	"block.minecraft.concrete_powder_slab": "Concrete Powder Slab",
	"block.minecraft.concrete_slab": "Concrete Slab",
	"block.minecraft.cracked_stone_bricks_slab": "Cracked Stone Bricks Slab",
	"block.minecraft.gravel_slab": "Gravel Slab",
	"block.minecraft.iron_block_slab": "Iron Block Slab",
	"block.minecraft.metal": "금속 블록",
	"block.minecraft.metal_slab": "Metal Slab",
	"block.minecraft.planks": "나무 판자",
	"block.minecraft.planks_slab": "Wooden Planks Slab",
	"block.minecraft.purpur_block_slab": "Purpur Block Slab",
	"block.minecraft.purpur_pillar_slab": "Purpur Pillar Slab",
	"block.minecraft.quartz_block_slab": "Quartz Block Slab",
	"block.minecraft.quartz_bricks_slab": "Quartz Bricks Slab",
	"block.minecraft.quartz_pillar_slab": "Quartz Pillar Slab",
	"block.minecraft.snow_block_slab": "Snow Block Slab",
	"block.minecraft.stained_glass": "염색된 유리",
	"block.minecraft.stained_glass_slab": "Stained Glass Slab",
	"block.minecraft.stone_bricks_slab": "Stone Bricks Slab",
	"block.minecraft.wool": "양털",
	"block.minecraft.wool_slab": "Wool Slab",
	"block.mtr.airplane_node": "비행기 노드",
	"block.mtr.apg_door": "난간형 스크린도어",
	"block.mtr.apg_glass": "난간형 스크린도어 유리",
	"block.mtr.apg_glass_end": "난간형 스크린도어 끝유리",
	"block.mtr.arrival_projector_1_large": "열차 도착 안내 프로젝터 (3x3)",
	"block.mtr.arrival_projector_1_medium": "열차 도착 안내 프로젝터 (3x2)",
	"block.mtr.arrival_projector_1_small": "열차 도착 안내 프로젝터 (1x1)",
	"block.mtr.boat_node": "보트 노드",
	"block.mtr.cable_car_node_lower": "케이블카 노드",
	"block.mtr.cable_car_node_station": "케이블카 역 노드",
	"block.mtr.cable_car_node_upper": "케이블카 노드",
	"block.mtr.ceiling": "천장",
	"block.mtr.ceiling_light": "천장(항상켜짐)",
	"block.mtr.ceiling_no_light": "천장(꺼짐)",
	"block.mtr.clock": "시계",
	"block.mtr.clock_pole": "시계 기둥",
	"block.mtr.escalator_side": "에스컬레이터",
	"block.mtr.escalator_step": "에스컬레이터 계단",
	"block.mtr.glass_fence_cio": "유리 울타리 (도시 건물 문양)",
	"block.mtr.glass_fence_ckt": "유리 울타리 (신전 문양)",
	"block.mtr.glass_fence_heo": "유리 울타리 (도시 역 문양)",
	"block.mtr.glass_fence_mos": "유리 울타리 (보라색 꽃 문양)",
	"block.mtr.glass_fence_plain": "유리 울타리 (일반)",
	"block.mtr.glass_fence_shm": "유리 울타리 (노란색 꽃 문양)",
	"block.mtr.glass_fence_stained": "유리 울타리 (하얀색 색유리)",
	"block.mtr.glass_fence_stw": "유리 울타리 (분홍 꽃 문양)",
	"block.mtr.glass_fence_tsh": "유리 울타리 (청록색 꽃 문양)",
	"block.mtr.glass_fence_wks": "유리 울타리 (갈색 꽃 문양)",
	"block.mtr.lift_buttons_1": "리프트 / 엘리베이터 버튼",
	"block.mtr.lift_door_1": "리프트 / 엘리베이터 문",
	"block.mtr.lift_door_odd_1": "Lift / Elevator Doors",
	"block.mtr.lift_panel_even_1": "리프트 / 엘리베이터 디스플레이",
	"block.mtr.lift_panel_even_2": "리프트 / 엘리베이터 디스플레이",
	"block.mtr.lift_panel_odd_1": "리프트 / 엘리베이터 디스플레이",
	"block.mtr.lift_panel_odd_2": "리프트 / 엘리베이터 디스플레이",
	"block.mtr.lift_track_1": "리프트 / 엘리베이터 트랙",
	"block.mtr.lift_track_floor_1": "리프트 / 엘리베이터 층 트랙",
	"block.mtr.logo": "MTR 로고",
	"block.mtr.marble_blue": "푸른 대리석",
	"block.mtr.marble_blue_slab": "Blue Marble Slab",
	"block.mtr.marble_sandy": "모래 대리석",
	"block.mtr.marble_sandy_slab": "Sandy Marble Slab",
	"block.mtr.metal": "메탈",
	"block.mtr.metal_slab": "Metal Slab",
	"block.mtr.pids_1": "열차 도착 안내 전광판(광고)",
	"block.mtr.pids_2": "열차 도착 안내 전광판",
	"block.mtr.pids_3": "열차도착 안내 전광판(광고)",
	"block.mtr.pids_pole": "도착정보안내기 기둥",
	"block.mtr.platform": "플랫폼(홍콩)",
	"block.mtr.platform_indented": "플랫폼(홍콩)",
	"block.mtr.platform_na_1": "플랫폼(북아메리카)",
	"block.mtr.platform_na_1_indented": "플랫폼(북아메리카)",
	"block.mtr.platform_na_2": "플랫폼(북아메리카)",
	"block.mtr.platform_na_2_indented": "플랫폼(북아메리카)",
	"block.mtr.platform_uk_1": "플랫폼(영국)",
	"block.mtr.platform_uk_1_indented": "플랫폼(영국)",
	"block.mtr.psd_door": "밀폐/반밀폐형 스크린도어",
	"block.mtr.psd_door_2": "밀폐/반밀폐형 스크린도어",
	"block.mtr.psd_glass": "밀폐/반밀폐형 스크린도어 유리",
	"block.mtr.psd_glass_2": "밀폐/반밀폐형 스크린도어 유리",
	"block.mtr.psd_glass_end": "밀폐/반밀폐형 스크린도어 끝유리",
	"block.mtr.psd_glass_end_2": "밀폐/반밀폐형 스크린도어 끝유리",
	"block.mtr.psd_top": "밀폐/반밀폐형 스크린도어 위",
	"block.mtr.rail": "레일 노드",
	"block.mtr.railway_sign": "역 안내 표지판",
	"block.mtr.railway_sign_pole": "역 안내 표지판",
	"block.mtr.route_sign_standing_light": "노선도 (바닥 고정형, 조명)",
	"block.mtr.route_sign_standing_metal": "노선도 (바닥 고정형, 메탈)",
	"block.mtr.route_sign_wall_light": "노선도 (벽걸이형, 조명)",
	"block.mtr.route_sign_wall_metal": "노선도 (벽걸이형, 메탈)",
	"block.mtr.rubbish_bin_1": "쓰레기통",
	"block.mtr.signal_light_1": "Signal Light (2 Aspects)",
	"block.mtr.signal_light_2": "Signal Light (2 Aspects, Double-sided)",
	"block.mtr.signal_light_3": "Signal Light (2 Aspects)",
	"block.mtr.signal_light_3_aspect_1": "Signal Light (3 Aspects)",
	"block.mtr.signal_light_3_aspect_2": "Signal Light (3 Aspects, Double-sided)",
	"block.mtr.signal_light_4": "Signal Light (2 Aspects, Double-sided)",
	"block.mtr.signal_light_4_aspect_1": "Signal Light (4 Aspects)",
	"block.mtr.signal_light_4_aspect_2": "Signal Light (4 Aspects, Double-sided)",
	"block.mtr.signal_pole": "신호등 기둥",
	"block.mtr.signal_semaphore_1": "세마포어 신호",
	"block.mtr.signal_semaphore_2": "Semaphore Signal (Double-sided)",
	"block.mtr.station_name_entrance": "역 이름 (입구)",
	"block.mtr.station_name_tall_block": "역 이름 (높은 블럭)",
	"block.mtr.station_name_tall_block_double_sided": "Station Name (Tall Block, Double-sided)",
	"block.mtr.station_name_tall_wall": "역 이름 (높은 벽)",
	"block.mtr.station_name_wall": "역 이름 (벽 텍스트, 하양)",
	"block.mtr.station_name_wall_black": "역 이름 (벽 텍스트, 검정)",
	"block.mtr.station_name_wall_gray": "역 이름 (벽 텍스트, 회색)",
	"block.mtr.station_pole": "역 색상 기둥",
	"block.mtr.tactile_map": "촉각 지도",
	"block.mtr.ticket_barrier_entrance_1": "개찰기 (입구)",
	"block.mtr.ticket_barrier_exit_1": "개찰기 (출구)",
	"block.mtr.ticket_machine": "잔액 충전기",
	"block.mtr.ticket_processor": "승하차 단말기",
	"block.mtr.ticket_processor_enquiry": "잔액 확인 단말기",
	"block.mtr.ticket_processor_entrance": "승차 단말기",
	"block.mtr.ticket_processor_exit": "하차 단말기",
	"block.mtr.train_announcer": "안내방송",
	"block.mtr.train_cargo_loader": "화물 적재기",
	"block.mtr.train_cargo_unloader": "화물 언로더",
	"block.mtr.train_schedule_sensor": "스케쥴 센서",
	"block.mtr.train_sensor": "레드스톤 센서",
	"category.mtr.keybinding": "Minecraft Transit Railway Keybinding",
	"entity.mtr.seat": "",
	"gui.mtr.acceleration": "열차 가속도",
	"gui.mtr.add_balance_for_emeralds": "$%s -> %s 에메랄드",
	"gui.mtr.add_depot": "차량기지 추가",
	"gui.mtr.add_exit": "역 출구 추가",
	"gui.mtr.add_exit_destination": "출구 목적지 추가",
	"gui.mtr.add_route": "노선 추가",
	"gui.mtr.add_station": "역 추가",
	"gui.mtr.add_value": "잔액 추가",
	"gui.mtr.already_entered": "이미 역에 들어가있습니다.",
	"gui.mtr.already_exited": "승차 기록을 찾을 수 없습니다.",
	"gui.mtr.announcement_message": "알림메시지",
	"gui.mtr.anticlockwise_to": "반시계 방향으로 회전하는 %s",
	"gui.mtr.anticlockwise_to_cjk": "%s방향 외선순환",
	"gui.mtr.anticlockwise_via": "Anticlockwise via %s",
	"gui.mtr.anticlockwise_via_cjk": "%s방향 외선순환",
	"gui.mtr.arrival_car": "%s-car",
	"gui.mtr.arrival_car_cjk": "%s초",
	"gui.mtr.arrival_min": "%s분",
	"gui.mtr.arrival_min_cjk": "%s분",
	"gui.mtr.arrival_sec": "%s초",
	"gui.mtr.arrival_sec_cjk": "%s초",
	"gui.mtr.automatically_detect_nearby_platform": "Automatically detect nearby platform",
	"gui.mtr.available": "사용 가능",
	"gui.mtr.available_model_parts": "Available Model Parts",
	"gui.mtr.balance": "잔액: $%s",
	"gui.mtr.cable_car_invalid_orientation": "Invalid cable connection",
	"gui.mtr.cars_to_spawn": "Cars to Spawn: %s",
	"gui.mtr.clear_vehicles": "Clear Vehicles",
	"gui.mtr.clockwise_to": "Clockwise to %s",
	"gui.mtr.clockwise_to_cjk": "%s방향 내선순환",
	"gui.mtr.clockwise_via": "Clockwise via %s",
	"gui.mtr.clockwise_via_cjk": "%s방향 내선순환",
	"gui.mtr.color": "색깔",
	"gui.mtr.comma": ", ",
	"gui.mtr.comma_cjk": "、",
	"gui.mtr.comma_last": " and ",
	"gui.mtr.comma_last_cjk": "또한,",
	"gui.mtr.connecting_station_interchange_announcement_part": "the %1$s at %2$s station",
	"gui.mtr.connecting_station_interchange_announcement_part_cjk": "현제 역인 %2$s에서 %1$s으로 갈이타시길 바랍니다.",
	"gui.mtr.connecting_station_part": "Passengers may change to %s.",
	"gui.mtr.connecting_station_part_cjk": "승객여러분들은 %s로 갈아타시기 바랍니다.",
	"gui.mtr.cruising_altitude": "Cruising Altitude",
	"gui.mtr.custom_destination_suggestion": "Destination (\\r to Reset)",
	"gui.mtr.custom_resources_export_resource_pack": "Export Resource Pack",
	"gui.mtr.custom_resources_gangway_connection_id": "Gangway Connection ID",
	"gui.mtr.custom_resources_id": "ID",
	"gui.mtr.custom_resources_name": "Name",
	"gui.mtr.custom_resources_rider_offset": "Rider Offset: %s",
	"gui.mtr.custom_resources_train_barrier_id": "Train Barrier ID",
	"gui.mtr.delete_confirmation": "정말로 %s을(를) 삭제하시겠습니까?",
	"gui.mtr.depot_color": "차량기지 색깔",
	"gui.mtr.depot_name": "차고지 이름",
	"gui.mtr.depots": "차량기지",
	"gui.mtr.disable_next_station_announcements": "다음 역 안내방송 끄기",
	"gui.mtr.dismount_hold": "Hold %s to force dismount: %s",
	"gui.mtr.display_page": "Page Number",
	"gui.mtr.door_animation_type_bouncy_1": "Doors: Bouncy (1)",
	"gui.mtr.door_animation_type_bouncy_2": "Doors: Bouncy (2)",
	"gui.mtr.door_animation_type_constant": "Doors: Constant",
	"gui.mtr.door_animation_type_mlr": "Doors: MLR",
	"gui.mtr.door_animation_type_plug_fast": "Doors: Fast Plug",
	"gui.mtr.door_animation_type_plug_slow": "Doors: Slow Plug",
	"gui.mtr.door_animation_type_r179": "Doors: R179",
	"gui.mtr.door_animation_type_r211": "Doors: R211",
	"gui.mtr.door_animation_type_standard": "Doors: Standard",
	"gui.mtr.door_animation_type_standard_slow": "Doors: Slow",
	"gui.mtr.drag_file_to_upload": "Drag File to Upload",
	"gui.mtr.dwell_time": "Vehicle Dwell Time",
	"gui.mtr.edit_area": "클릭하고 드래그를 해 구역을 그리세요.",
	"gui.mtr.edit_instructions": "Edit Instructions",
	"gui.mtr.edit_route": "플랫폼을 클릭하여 노선에 추가합니다.",
	"gui.mtr.editing_part": "Editing: %s",
	"gui.mtr.emeralds": "에메랄드: %s",
	"gui.mtr.enter_barrier": "승차 %s - 잔액 $%s",
	"gui.mtr.exit_barrier": "하차 %s - 금액: $%s - 잔액: $%s",
	"gui.mtr.exit_destinations": "출구 목적지",
	"gui.mtr.exit_parents": "역 출구",
	"gui.mtr.file_model": "Blockbench File",
	"gui.mtr.file_properties": "Properties File (Optional)",
	"gui.mtr.file_texture": "텍스처 파일",
	"gui.mtr.file_upload": "업로드...",
	"gui.mtr.filtered_platforms": "Filtered Platforms (%s)",
	"gui.mtr.filtered_routes": "Filtered Routes (%s)",
	"gui.mtr.filtered_routes_condition": "Only vehicles running on the following routes will activate this block",
	"gui.mtr.filtered_routes_empty": "모든 열차가 이 블록을 작동시킵니다",
	"gui.mtr.game_time": "게임 시간",
	"gui.mtr.generate_map": "노선 맵 생성",
	"gui.mtr.generating_path": "철길 생성중",
	"gui.mtr.hide_arrival": "도착 정보 숨기기",
	"gui.mtr.insufficient_balance": "잔액이 부족합니다 ($%s)",
	"gui.mtr.interchange_announcement": "환승할 수 있는 노선은 %s 입니다.",
	"gui.mtr.interchange_announcement_cjk": "%s호선으로 갈아타시기 바랍니다.",
	"gui.mtr.invalid_orientation": "레일을 연결할 수 없습니다; 방향이 잘못되었습니다",
	"gui.mtr.is_anticlockwise_route": "반시계 방향 노선",
	"gui.mtr.is_clockwise_route": "시계 방향 노선",
	"gui.mtr.is_light_rail_route": "Has Route Number",
	"gui.mtr.is_manual": "Drivable Vehicle",
	"gui.mtr.is_route_hidden": "노선 숨기기",
	"gui.mtr.last_airplane_station": "이 비행기는 %s까지 가는 비행기입니다.",
	"gui.mtr.last_airplane_station_cjk": "우리 비행기는 %s로 가는 비행기입니다.",
	"gui.mtr.last_boat_station": "This vessel is going to %s",
	"gui.mtr.last_boat_station_cjk": "本渡輪往%s",
	"gui.mtr.last_cable_car_station": "%s행 케이블카",
	"gui.mtr.last_cable_car_station_cjk": "本纜車往%s",
	"gui.mtr.last_train_station": "이 열차는 %s행 열차입니다.",
	"gui.mtr.last_train_station_cjk": "이 열차는 %s으로 가는 열차입니다.",
	"gui.mtr.left": "Left",
	"gui.mtr.lift_buttons_locked": "버튼이 잠겼습니다.",
	"gui.mtr.lift_buttons_unlocked": "Buttons Unlocked",
	"gui.mtr.lift_floor_description": "설명",
	"gui.mtr.lift_floor_number": "층 번호",
	"gui.mtr.lift_is_double_sided": "Double-sided",
	"gui.mtr.lift_should_ding": "\"딩\"소리 재생",
	"gui.mtr.lift_style": "Style: %s",
	"gui.mtr.lift_style_opaque": "Opaque",
	"gui.mtr.lift_style_transparent": "투명",
	"gui.mtr.lift_track_required": "엘리베이터 리프트 트랙을 배치하여 주십시오.",
	"gui.mtr.light_rail_route_announcement": "이 열차는 %s부터 %s(으) 로 가는 열차입니다.",
	"gui.mtr.light_rail_route_announcement_cjk": "本班為%s綫列車前往%s。",
	"gui.mtr.light_rail_route_number": "노선 번호",
	"gui.mtr.london_train_interchange_announcement": "%s를 이용하실 고객께서는 이번역에서 갈아타십시오.",
	"gui.mtr.london_train_interchange_announcement_cjk": "乘客可在該站轉乘%s。",
	"gui.mtr.london_train_next_station_announcement": "다음역은 %s입니다.",
	"gui.mtr.london_train_next_station_announcement_cjk": "다음역은 %s입니다.",
	"gui.mtr.london_train_route_announcement": "이 열차는 %s까지 가는 %s 열차입니다.",
	"gui.mtr.london_train_route_announcement_cjk": "이 열차는 %s방향으로 가는 %s 열차입니다.",
	"gui.mtr.london_train_terminating_announcement": "열차가 종점에 도착하였습니다.",
	"gui.mtr.london_train_terminating_announcement_cjk": "이번역은 종착역입니다.",
	"gui.mtr.london_train_this_station_announcement": "이번 역은 %s 입니다.",
	"gui.mtr.london_train_this_station_announcement_cjk": "이번역은 %s입니다",
	"gui.mtr.manual_to_automatic_time": "주행시간 제한",
	"gui.mtr.max_manual_speed": "최대 주행 속도",
	"gui.mtr.max_vehicles": "Maximum Vehicles for Siding",
	"gui.mtr.mismatched_versions": "Minecraft Transit Railway를 업데이트 후 다시 시도하여 주십시오.",
	"gui.mtr.mismatched_versions_server_version": "서버 버전: %s",
	"gui.mtr.mismatched_versions_your_version": "당신의 버전: %s",
	"gui.mtr.moving_only": "움직이는 차량 전용",
	"gui.mtr.mtr_options": "Minecraft Transit Railway 옵션",
	"gui.mtr.name": "이름",
	"gui.mtr.next_departure": "다음 출발 시간: %s",
	"gui.mtr.next_departure_none": "계획된 일정이 없습니다.",
	"gui.mtr.next_route_airplane_announcement": "This flight will be changed to the %s to %s.",
	"gui.mtr.next_route_airplane_announcement_cjk": "本航班會改為%s前往%s。",
	"gui.mtr.next_route_boat_announcement": "This vessel will be changed to the %s to %s.",
	"gui.mtr.next_route_boat_announcement_cjk": "本渡輪會改為%s前往%s。",
	"gui.mtr.next_route_boat_light_rail_announcement": "This route will be changed to route %s. Passengers to %s, please take this vessel.",
	"gui.mtr.next_route_boat_light_rail_announcement_cjk": "本渡輪會改為%s路綫。前往%s沿途各站之乘客，可乘本渡輪。",
	"gui.mtr.next_route_cable_car_announcement": "This cable car will be changed to the %s to %s.",
	"gui.mtr.next_route_cable_car_announcement_cjk": "本纜車會改為%s前往%s。",
	"gui.mtr.next_route_train_announcement": "This train will be changed to the %s to %s.",
	"gui.mtr.next_route_train_announcement_cjk": "本班車會改為%s前往%s。",
	"gui.mtr.next_route_train_light_rail_announcement": "This route will be changed to route %s. Passengers to %s, please take this train.",
	"gui.mtr.next_route_train_light_rail_announcement_cjk": "本班車會改為%s路綫。前往%s沿途各站之乘客，可乘本列車。",
	"gui.mtr.next_station": "다음역은 %s입니다",
	"gui.mtr.next_station_announcement": "다음역은 %s",
	"gui.mtr.next_station_announcement_cjk": "下一站：%s。",
	"gui.mtr.next_station_cjk": "下一站是%s",
	"gui.mtr.next_station_light_rail_announcement": "다음 역은 %s 입니다.",
	"gui.mtr.next_station_light_rail_announcement_cjk": "下一站：%s。",
	"gui.mtr.no_lift_tracks_floor_found": "No Lift / Elevator Floor Tracks Found",
	"gui.mtr.offset_x": "Offset X: %s",
	"gui.mtr.offset_y": "Offset Y: %s",
	"gui.mtr.offset_z": "Offset Z: %s",
	"gui.mtr.part_blacklisted_cars": "Blacklisted Cars",
	"gui.mtr.part_display_cjk_size_ratio": "CJK Size: %s",
	"gui.mtr.part_display_force_single_line": "Force Single Line",
	"gui.mtr.part_display_force_upper_case": "Force Upper Case",
	"gui.mtr.part_display_should_scroll": "Scrolling Text",
	"gui.mtr.part_display_text_color": "Colour",
	"gui.mtr.part_display_text_color_cjk": "CJK/Non-CJK Colour",
	"gui.mtr.part_display_type_destination": "Type: Destination",
	"gui.mtr.part_display_type_next_station_kcr": "Type: Next Station (KCR)",
	"gui.mtr.part_display_type_next_station_mtr": "Type: Next Station (MTR)",
	"gui.mtr.part_display_type_next_station_plain": "Type: Next Station",
	"gui.mtr.part_display_type_next_station_uk": "Type: Next Station (UK)",
	"gui.mtr.part_display_type_route_number": "Type: Route Number",
	"gui.mtr.part_display_x_padding": "X Padding: %s",
	"gui.mtr.part_display_y_padding": "Y Padding: %s",
	"gui.mtr.part_door_offset_left_negative": "Door Offset: -Left",
	"gui.mtr.part_door_offset_left_positive": "Door Offset: +Left",
	"gui.mtr.part_door_offset_none": "Door Offset: None",
	"gui.mtr.part_door_offset_right_negative": "Door Offset: -Right",
	"gui.mtr.part_door_offset_right_positive": "Door Offset: +Right",
	"gui.mtr.part_is_display": "Is Display",
	"gui.mtr.part_mirror": "Mirrored",
	"gui.mtr.part_positions": "Positions",
	"gui.mtr.part_render_condition_all": "Render: Always",
	"gui.mtr.part_render_condition_door_left_closed": "Render: Left Doors Closed",
	"gui.mtr.part_render_condition_door_left_open": "Render: Left Doors Open",
	"gui.mtr.part_render_condition_door_right_closed": "Render: Right Doors Closed",
	"gui.mtr.part_render_condition_door_right_open": "Render: Right Doors Open",
	"gui.mtr.part_render_condition_doors_closed": "Render: Doors Closed",
	"gui.mtr.part_render_condition_doors_open": "Render: Doors Open",
	"gui.mtr.part_render_condition_moving_backwards": "Render: Moving Backwards",
	"gui.mtr.part_render_condition_moving_forwards": "Render: Moving Forwards",
	"gui.mtr.part_skip_rendering_if_too_far": "Hide If Far",
	"gui.mtr.part_stage_always_on_lights": "Lights (Always On)",
	"gui.mtr.part_stage_exterior": "Exterior",
	"gui.mtr.part_stage_interior": "인테리어",
	"gui.mtr.part_stage_interior_translucent": "Interior (Translucent)",
	"gui.mtr.part_stage_lights": "Lights",
	"gui.mtr.part_whitelisted_cars": "Whitelisted Cars",
	"gui.mtr.path_found": "선로가 성공적으로 생성되었습니다",
	"gui.mtr.path_not_found_between": "레일을 찾을 수 없습니다|> %s |%s|와|> %s|사이|>",
	"gui.mtr.path_not_generated": "레일이 생성되지 않았습니다",
	"gui.mtr.percentage_complete_bridge": "Building Bridge (%s%%)",
	"gui.mtr.percentage_complete_tunnel": "Building Tunnel (%s%%)",
	"gui.mtr.percentage_complete_tunnel_wall": "Building Tunnel Wall (%s%%)",
	"gui.mtr.pids_message": "Custom PIDS Message",
	"gui.mtr.platform": "플랫폼 %s",
	"gui.mtr.platform_number": "플랫폼 번호",
	"gui.mtr.platform_or_siding_exists": "한 개의 레일 노드당 한 개의 플랫폼 레일 또는 한 개의 사이딩 레일만 연결할 수 있습니다.",
	"gui.mtr.press_to_select_floor": "Press %s to select floor",
	"gui.mtr.psd_apg_door_locked": "Door Locked",
	"gui.mtr.psd_apg_door_unlocked": "Door Unlocked",
	"gui.mtr.radius_too_small": "레일 연결 실패: 적어도 2블럭 이상의 거리를 둬야 합니다.",
	"gui.mtr.rail_action_bridge": "Bridge by %s (%s blocks long, %s)",
	"gui.mtr.rail_action_tunnel": "Tunnel by %s (%s blocks long)",
	"gui.mtr.rail_action_tunnel_wall": "Tunnel Wall by %s (%s blocks long, %s)",
	"gui.mtr.rail_actions": "Current Build Operations",
	"gui.mtr.rail_actions_button": "Operations...",
	"gui.mtr.rail_not_found": "신호 생성 실패: 근처에 레일이 없습니다.",
	"gui.mtr.rail_not_found_action": "Could not perform action; rail not found",
	"gui.mtr.refresh_path": "철도 새로고침",
	"gui.mtr.repeat_indefinitely": "Repeat Instructions Forever",
	"gui.mtr.reset_sign": "초기화",
	"gui.mtr.right": "Right",
	"gui.mtr.rotate_anticlockwise": "Rotate Anticlockwise",
	"gui.mtr.rotate_clockwise": "Rotate Clockwise",
	"gui.mtr.route_color": "경로 재도색",
	"gui.mtr.route_name": "노선 이름",
	"gui.mtr.route_type_boat_high_speed": "경로 형태: 고속선박",
	"gui.mtr.route_type_boat_light_rail": "경로 형태: 크루즈",
	"gui.mtr.route_type_boat_normal": "경로 형태: 선박",
	"gui.mtr.route_type_train_high_speed": "경로 형태: 고속철도",
	"gui.mtr.route_type_train_light_rail": "경로 형태: 경전철",
	"gui.mtr.route_type_train_normal": "경로 형태: 일반",
	"gui.mtr.routes": "노선",
	"gui.mtr.s": "s",
	"gui.mtr.schedule_mode_real_time_off": "Schedule: Minecraft Time",
	"gui.mtr.schedule_mode_real_time_on": "Schedule: Real Time",
	"gui.mtr.search": "검색",
	"gui.mtr.select_all_platforms": "Show arrivals from all platforms",
	"gui.mtr.selected": "선택된",
	"gui.mtr.selected_vehicle": "Selected Vehicle",
	"gui.mtr.separator": "/",
	"gui.mtr.separator_cjk": "/",
	"gui.mtr.settings": "설정",
	"gui.mtr.siding_number": "사이딩 번호",
	"gui.mtr.sidings_in_depot": "이 차고지에 있는 열차 대기 선로의 개수: %s",
	"gui.mtr.sound_file": "음악 파일",
	"gui.mtr.station": "%s 역",
	"gui.mtr.station_cjk": "%s초",
	"gui.mtr.station_color": "역 색깔",
	"gui.mtr.station_name": "역 이름",
	"gui.mtr.stations": "역",
	"gui.mtr.stopped_only": "Stopped Vehicles Only",
	"gui.mtr.support": "후원하기",
	"gui.mtr.this_station": "이번 역은 %s 입니다.",
	"gui.mtr.this_station_cjk": "이번역: %s",
	"gui.mtr.to": "to %s",
	"gui.mtr.to_cjk": "往%s",
	"gui.mtr.tph": "/hr",
	"gui.mtr.train_schedule_sensor": "Arrival Offset (Seconds)",
	"gui.mtr.transport_mode_airplane": "Type: Airplane",
	"gui.mtr.transport_mode_boat": "Type: Boat",
	"gui.mtr.transport_mode_cable_car": "Type: Cable Car",
	"gui.mtr.transport_mode_train": "Type: Train",
	"gui.mtr.unlimited": "제한 없음",
	"gui.mtr.unlimited_vehicles": "Unlimited Vehicles",
	"gui.mtr.untitled": "제목 없음",
	"gui.mtr.use_time_and_wind_sync": "Automatically sync time using the Time & Wind mod",
	"gui.mtr.used_model_parts": "Used Model Parts",
	"gui.mtr.vehicle_brightness": "Brightness: %s%%",
	"gui.mtr.vehicle_cars": "Cars: %s",
	"gui.mtr.vehicle_direction_backwards": "Direction: Backwards",
	"gui.mtr.vehicle_direction_forwards": "Direction: Forwards",
	"gui.mtr.vehicle_door_max": "Door: %s",
	"gui.mtr.vehicle_length": "길이: %s",
	"gui.mtr.vehicle_speed": "열차 속도: %s m/s (%s km/h)",
	"gui.mtr.vehicle_width": "Width: %s",
	"gui.mtr.vehicles_per_hour": "Vehicles Per Hour",
	"gui.mtr.welcome_station": "%s 역에 오신것을 환영합니다.",
	"gui.mtr.welcome_station_cjk": "歡迎光臨%s站。",
	"gui.mtr.zone": "운임 구역",
	"gui.mtr.zone_number": "%s 구역",
	"item.mtr.apg_door": "난간형 스크린도어",
	"item.mtr.apg_glass": "난간형 스크린도어 유리",
	"item.mtr.apg_glass_end": "난간형 스크린도어 끝유리",
	"item.mtr.bridge_creator_3": "Bridge Creator",
	"item.mtr.bridge_creator_5": "Bridge Creator",
	"item.mtr.bridge_creator_7": "Bridge Creator",
	"item.mtr.bridge_creator_9": "Bridge Creator",
	"item.mtr.brush": "붓",
	"item.mtr.dashboard": "철도 대시보드",
	"item.mtr.dashboard_2": "Boat Dashboard",
	"item.mtr.dashboard_3": "Cable Car Dashboard",
	"item.mtr.dashboard_4": "Flight Dashboard",
	"item.mtr.driver_key": "Driver Key",
	"item.mtr.escalator": "에스컬레이터",
	"item.mtr.lift_buttons_link_connector": "Lift / Elevator Buttons Link Connector",
	"item.mtr.lift_buttons_link_remover": "Lift / Elevator Buttons Link Remover",
	"item.mtr.lift_door_1": "Lift / Elevator Doors",
	"item.mtr.lift_door_odd_1": "Lift / Elevator Doors",
	"item.mtr.lift_refresher": "Lift / Elevator Refresher",
	"item.mtr.psd_door": "밀폐/반밀폐형 스크린도어",
	"item.mtr.psd_door_2": "밀폐/반밀폐형 스크린도어",
	"item.mtr.psd_glass": "밀폐/반밀폐형 스크린도어 유리",
	"item.mtr.psd_glass_2": "밀폐/반밀폐형 스크린도어 유리",
	"item.mtr.psd_glass_end": "밀폐/반밀폐형 스크린도어 끝유리",
	"item.mtr.psd_glass_end_2": "밀폐/반밀폐형 스크린도어 끝유리",
	"item.mtr.rail_connector_120": "Obsidian Rail Connector",
	"item.mtr.rail_connector_120_one_way": "Obsidian Rail Connector (One-way)",
	"item.mtr.rail_connector_160": "블레이즈 레일 커넥터",
	"item.mtr.rail_connector_160_one_way": "블레이즈 레일 커넥터 (일방통행)",
	"item.mtr.rail_connector_20": "Wooden Rail Connector",
	"item.mtr.rail_connector_200": "석영 레일 커넥터",
	"item.mtr.rail_connector_200_one_way": "석영 레일 커넥터 (일방통행)",
	"item.mtr.rail_connector_20_one_way": "나무 레일 커넥터 (일방통행)",
	"item.mtr.rail_connector_300": "다이아몬드 레일 커넥터",
	"item.mtr.rail_connector_300_one_way": "다이아몬드 레일 커넥터 (일방통행)",
	"item.mtr.rail_connector_40": "돌 레일 커넥터",
	"item.mtr.rail_connector_40_one_way": "돌 레일 커넥터 (일방통행)",
	"item.mtr.rail_connector_60": "에메랄드 레일 커넥터",
	"item.mtr.rail_connector_60_one_way": "에메랄드 레일 커넥터 (일방통행)",
	"item.mtr.rail_connector_80": "철 레일 커넥터",
	"item.mtr.rail_connector_80_one_way": "철 레일 커넥터 (일방통행)",
	"item.mtr.rail_connector_cable_car": "케이블카 커넥터",
	"item.mtr.rail_connector_platform": "플랫폼 레일 커넥터",
	"item.mtr.rail_connector_runway": "Runway Rail Connector",
	"item.mtr.rail_connector_siding": "사이딩 레일 커넥터",
	"item.mtr.rail_connector_turn_back": "회차 레일 커넥터",
	"item.mtr.rail_remover": "선로 제거기",
	"item.mtr.resource_pack_creator": "리소스팩 제작기",
	"item.mtr.signal_connector_black": "검정 신호 커넥터",
	"item.mtr.signal_connector_blue": "파랑 신호 커넥터",
	"item.mtr.signal_connector_brown": "갈색 신호 커넥터",
	"item.mtr.signal_connector_cyan": "Cyan Signal Connector",
	"item.mtr.signal_connector_gray": "회색 신호 커넥터",
	"item.mtr.signal_connector_green": "초록 신호 커넥터",
	"item.mtr.signal_connector_light_blue": "Light Blue Signal Connector",
	"item.mtr.signal_connector_light_gray": "연회색 신호 커넥터",
	"item.mtr.signal_connector_lime": "Lime Signal Connector",
	"item.mtr.signal_connector_magenta": "Magenta Signal Connector",
	"item.mtr.signal_connector_orange": "주황 신호 커넥터",
	"item.mtr.signal_connector_pink": "Pink Signal Connector",
	"item.mtr.signal_connector_purple": "보라 신호 커넥터",
	"item.mtr.signal_connector_red": "빨강 신호 커넥터",
	"item.mtr.signal_connector_white": "하양 신호 커넥터",
	"item.mtr.signal_connector_yellow": "노랑 신호 커넥터",
	"item.mtr.signal_remover_black": "Black Signal Remover",
	"item.mtr.signal_remover_blue": "Blue Signal Remover",
	"item.mtr.signal_remover_brown": "Brown Signal Remover",
	"item.mtr.signal_remover_cyan": "Cyan Signal Remover",
	"item.mtr.signal_remover_gray": "Grey Signal Remover",
	"item.mtr.signal_remover_green": "Green Signal Remover",
	"item.mtr.signal_remover_light_blue": "Light Blue Signal Remover",
	"item.mtr.signal_remover_light_gray": "Light Gray Signal Remover",
	"item.mtr.signal_remover_lime": "Lime Signal Remover",
	"item.mtr.signal_remover_magenta": "Magenta Signal Remover",
	"item.mtr.signal_remover_orange": "Orange Signal Remover",
	"item.mtr.signal_remover_pink": "Pink Signal Remover",
	"item.mtr.signal_remover_purple": "Purple Signal Remover",
	"item.mtr.signal_remover_red": "Red Signal Remover",
	"item.mtr.signal_remover_white": "White Signal Remover",
	"item.mtr.signal_remover_yellow": "Yellow Signal Remover",
	"item.mtr.tunnel_creator_4_3": "터널 생성기(높이4블럭/폭3블럭)",
	"item.mtr.tunnel_creator_4_5": "터널 생성기(높이4블럭/폭5블럭)",
	"item.mtr.tunnel_creator_4_7": "터널 생성기(높이4블럭/폭7블럭)",
	"item.mtr.tunnel_creator_4_9": "터널 생성기(높이4블럭/폭9블럭)",
	"item.mtr.tunnel_creator_5_3": "터널 생성기(높이5블럭/폭3블럭)",
	"item.mtr.tunnel_creator_5_5": "터널 생성기(높이5블럭/폭5블럭)",
	"item.mtr.tunnel_creator_5_7": "터널 생성기(높이5블럭/폭7블럭)",
	"item.mtr.tunnel_creator_5_9": "터널 생성기(높이5블럭/폭9블럭)",
	"item.mtr.tunnel_creator_6_3": "터널 생성기(높이6블럭/폭3블럭)",
	"item.mtr.tunnel_creator_6_5": "터널 생성기(높이6블럭/폭5블럭)",
	"item.mtr.tunnel_creator_6_7": "터널 생성기(높이6블럭/폭7블럭)",
	"item.mtr.tunnel_creator_6_9": "터널 생성기(높이6블럭/폭9블럭)",
	"item.mtr.tunnel_wall_creator_4_3": "터널 벽 생성기(높이4블럭/폭3블럭)",
	"item.mtr.tunnel_wall_creator_4_5": "터널 벽 생성기(높이4블럭/5블럭)",
	"item.mtr.tunnel_wall_creator_4_7": "터널 벽 생성기(높이4블럭/폭7블럭)",
	"item.mtr.tunnel_wall_creator_4_9": "터널 벽 생성기(높이4블럭/폭9블럭)",
	"item.mtr.tunnel_wall_creator_5_3": "터널 벽 생성기(높이5블럭/폭3블럭)",
	"item.mtr.tunnel_wall_creator_5_5": "터널 벽 생성기(높이5블럭/폭5블럭)",
	"item.mtr.tunnel_wall_creator_5_7": "터널 벽 생성기(높이5블럭/폭7블럭)",
	"item.mtr.tunnel_wall_creator_5_9": "터널 벽 생성기(높이5블럭/폭9블럭)",
	"item.mtr.tunnel_wall_creator_6_3": "터널 벽 생성기(높이6블럭/폭3블럭)",
	"item.mtr.tunnel_wall_creator_6_5": "터널 벽 생성기(높이6블럭/폭5블럭)",
	"item.mtr.tunnel_wall_creator_6_7": "터널 벽 생성기(높이6블럭/폭7블럭)",
	"item.mtr.tunnel_wall_creator_6_9": "터널 벽 생성기(높이6블럭/폭9블럭)",
	"itemGroup.mtr.core": "Minecraft Transit Railway 코어",
	"itemGroup.mtr.escalators_lifts": "Escalators and Lifts / Elevators",
	"itemGroup.mtr.railway_facilities": "철도 시설",
	"itemGroup.mtr.station_building_blocks": "역 건축 블럭",
	"key.mtr.debug_1_negative": "Debug Field 1 (Subtract)",
	"key.mtr.debug_1_positive": "Debug Field 1 (Add)",
	"key.mtr.debug_2_negative": "Debug Field 2 (Subtract)",
	"key.mtr.debug_2_positive": "Debug Field 2 (Add)",
	"key.mtr.debug_3_negative": "Debug Field 3 (Subtract)",
	"key.mtr.debug_3_positive": "Debug Field 3 (Add)",
	"key.mtr.debug_cycle_negative": "Cycle Debug Category (Backwards)",
	"key.mtr.debug_cycle_positive": "Cycle Debug Category (Forwards)",
	"key.mtr.lift_menu": "Open Lift / Elevator Floor Selection",
	"key.mtr.train_accelerate": "Accelerate Vehicle",
	"key.mtr.train_brake": "Brake Vehicle",
	"key.mtr.train_toggle_doors": "Toggle Doors",
	"options.mtr.anonymous": "Anonymous",
	"options.mtr.dynamic_texture_resolution": "Dynamic texture resolution (higher values might crash!)",
	"options.mtr.hide_special_rail_colors": "Hide special rail colours",
	"options.mtr.hide_translucent_parts": "Hide translucent parts on vehicles",
	"options.mtr.language_options": "Language display on signs",
	"options.mtr.language_options_0": "Default",
	"options.mtr.language_options_1": "CJK Only",
	"options.mtr.language_options_2": "Non-CJK",
	"options.mtr.off": "꺼짐",
	"options.mtr.on": "켬",
	"options.mtr.shift_to_toggle_sitting": "Use %s to toggle sitting inside vehicles",
	"options.mtr.show_announcement_messages": "\"다음 역\" 메세지를 채팅에 표시하기",
	"options.mtr.support_patreon": "페트론(Patreon) 에서 모드 개발을 도와주세요!",
	"options.mtr.track_texture_offset": "Track Texture Offset",
	"options.mtr.use_dynamic_fps": "Dynamically boost FPS",
	"options.mtr.use_mtr_font": "커스텀 MTR 폰트 사용하기 (일부 컴퓨터에서는 작동하지 않습니다)",
	"options.mtr.use_tts_announcements": "\"다음 역\" tts(text-to-speech) 알림 활성화",
	"options.mtr.vehicle_render_distance_ratio": "Vehicle rendering to Minecraft render distance ratio",
	"sign.mtr.airport": "공항",
	"sign.mtr.airport_arrivals": "도착",
	"sign.mtr.airport_arrivals_cjk": "도착",
	"sign.mtr.airport_cjk": "공항",
	"sign.mtr.airport_departures": "출발",
	"sign.mtr.airport_departures_cjk": "출발",
	"sign.mtr.airport_express": "Trains to Airport",
	"sign.mtr.airport_express_city": "Trains to City",
	"sign.mtr.airport_express_city_cjk": "도시철도",
	"sign.mtr.airport_express_cjk": "공항철도",
	"sign.mtr.airport_transfer": "환승",
	"sign.mtr.airport_transfer_cjk": "환승",
	"sign.mtr.baggage_claim": "짐 찾기",
	"sign.mtr.baggage_claim_cjk": "수화물 찾기",
	"sign.mtr.boat": "Ferries",
	"sign.mtr.boat_cjk": "선박",
	"sign.mtr.cable_car": "케이블 카",
	"sign.mtr.cable_car_cjk": "케이블카",
	"sign.mtr.check_in_passengers": "Check-in Passengers",
	"sign.mtr.check_in_passengers_cjk": "승객 체크인",
	"sign.mtr.cross": "No Entry",
	"sign.mtr.cross_cjk": "출입 금지",
	"sign.mtr.customer_service_centre": "Customer Service Centre",
	"sign.mtr.customer_service_centre_cjk": "고객 서비스 센터",
	"sign.mtr.emergency_exit": "Emergency Exit",
	"sign.mtr.emergency_exit_cjk": "비상구",
	"sign.mtr.escalator_to_concourse_down": "To Concourse Only",
	"sign.mtr.escalator_to_concourse_down_cjk": "에스컬레이터",
	"sign.mtr.escalator_to_concourse_up": "To Concourse Only",
	"sign.mtr.escalator_to_concourse_up_cjk": "에스컬레이터",
	"sign.mtr.female": "Female Toilet",
	"sign.mtr.female_cjk": "여자 화장실",
	"sign.mtr.in_town_check_in": "In-town Check-in",
	"sign.mtr.in_town_check_in_cjk": "시내 체크인",
	"sign.mtr.lift_1": "Lift",
	"sign.mtr.lift_1_cjk": "승강기",
	"sign.mtr.lift_2": "Lift",
	"sign.mtr.lift_2_cjk": "승강기",
	"sign.mtr.light_rail_1": "Light Rail",
	"sign.mtr.light_rail_1_cjk": "경전철",
	"sign.mtr.light_rail_2": "Light Rail",
	"sign.mtr.light_rail_2_cjk": "경전철",
	"sign.mtr.light_rail_3": "Light Rail",
	"sign.mtr.light_rail_3_cjk": "경전철",
	"sign.mtr.light_rail_4": "Light Rail",
	"sign.mtr.light_rail_4_cjk": "경전철",
	"sign.mtr.logo": "Minecraft Transit Railway",
	"sign.mtr.logo_cjk": "Minecraft Transit Railway",
	"sign.mtr.male": "Male Toilet",
	"sign.mtr.male_cjk": "남자 화장실",
	"sign.mtr.platform": "Platform",
	"sign.mtr.platform_cjk": "플랫폼",
	"sign.mtr.sp1900": "Trains",
	"sign.mtr.sp1900_cjk": "열차",
	"sign.mtr.station": "역",
	"sign.mtr.station_cjk": "역",
	"sign.mtr.tickets": "Tickets",
	"sign.mtr.tickets_cjk": "티켓",
	"sign.mtr.toilets": "Toilets",
	"sign.mtr.toilets_cjk": "화장실",
	"sign.mtr.train": "Trains",
	"sign.mtr.train_cjk": "열차",
	"sign.mtr.train_old": "Trains",
	"sign.mtr.train_old_cjk": "열차",
	"sign.mtr.wheelchair": "Toilets",
	"sign.mtr.wheelchair_cjk": "화장실",
	"sign.mtr.wifi": "Free Wi-Fi Hotspot",
	"sign.mtr.wifi_cjk": "무료 Wi-Fi 핫스팟",
	"sign.mtr.xrl_1": "High Speed Rail",
	"sign.mtr.xrl_1_cjk": "고속 철도",
	"sign.mtr.xrl_2": "High Speed Rail",
	"sign.mtr.xrl_2_cjk": "고속 철도",
	"sign.mtr.yellow_head_1": "Trains",
	"sign.mtr.yellow_head_1_cjk": "열차",
	"sign.mtr.yellow_head_2": "Trains",
	"sign.mtr.yellow_head_2_cjk": "열차",
	"tooltip.block.mtr.glass_fence_cio": "시티 원",
	"tooltip.block.mtr.glass_fence_ckt": "체쿵 사원(Che Kung Temple)",
	"tooltip.block.mtr.glass_fence_heo": "항온(Heng On)",
	"tooltip.block.mtr.glass_fence_mos": "마온산(Ma On Shan)",
	"tooltip.block.mtr.glass_fence_plain": "유리판",
	"tooltip.block.mtr.glass_fence_shm": "시먼(Shek Mun)",
	"tooltip.block.mtr.glass_fence_stained": "색유리판",
	"tooltip.block.mtr.glass_fence_stw": "샤틴와이(Sha Tin Wai)",
	"tooltip.block.mtr.glass_fence_tsh": "타이수이항(Tai Shui Hang)",
	"tooltip.block.mtr.glass_fence_wks": "우카이샤(Wu Kai Sha)",
	"tooltip.mtr.cable_car_node": "No platform and sidings\nStraight connections only",
	"tooltip.mtr.cable_car_node_station": "Platforms and sidings may be created\nCurves may be created",
	"tooltip.mtr.pole_placement": "Must be placed on top of an existing\n%s",
	"tooltip.mtr.psd_apg_door": "도어 부분",
	"tooltip.mtr.psd_apg_door_2": "도어 부분 2",
	"tooltip.mtr.psd_apg_glass": "유리 부분",
	"tooltip.mtr.psd_apg_glass_2": "유리 부분 2",
	"tooltip.mtr.psd_apg_glass_end": "유리 끝 부분",
	"tooltip.mtr.rail_action_depth": "Depth: %s",
	"tooltip.mtr.rail_action_height": "Height: %s",
	"tooltip.mtr.rail_action_width": "Width: %s",
	"tooltip.mtr.rail_speed_limit": "속도 제한: %s",
	"tooltip.mtr.railway_sign_even": "방향: 짝수",
	"tooltip.mtr.railway_sign_length": "길이: %s",
	"tooltip.mtr.railway_sign_odd": "방향: 홀수",
	"tooltip.mtr.selected_block": "선택된 블럭: %s",
	"tooltip.mtr.selected_material": "재료가 선택됨: %s",
	"tooltip.mtr.shift_right_click_to_clear": "Hold %s and use on|a %s to reset",
	"tooltip.mtr.shift_right_click_to_select_material": "%s를 누르고 재료를 선택을하세요",
	"tooltip.mtr.station_color": "색상은 역에 따라 다릅니다.",
	"tooltip.mtr.station_color_name": "색상과 텍스트는 역에 따라 다릅니다.",
	"train.mtr.a320": "에어버스 A320",
	"train.mtr.a_train_ael": "MTR 공항선 차량(2문형)",
	"train.mtr.a_train_ael_mini": "MTR 공항선 차량(2문형)",
	"train.mtr.a_train_tcl": "CAF Tung Chung Line",
	"train.mtr.a_train_tcl_mini": "CAF Tung Chung Line (Mini)",
	"train.mtr.a_train_tcl_small": "CAF Tung Chung Line (Small)",
	"train.mtr.acacia_boat": "아카시아나무 보트",
	"train.mtr.birch_boat": "Birch Boat",
	"train.mtr.br_423": "독일철도 423형",
	"train.mtr.c1141a": "1141A / TML C-Train",
	"train.mtr.c1141a_mini": "1141A / TML C-Train (Mini)",
	"train.mtr.c1141a_small": "1141A / TML C-Train (Small)",
	"train.mtr.c_train": "C형 전동차",
	"train.mtr.c_train_mini": "C형 전동차(4문형)",
	"train.mtr.c_train_small": "C형 전동차(소형)",
	"train.mtr.class_377_southern": "영국철도 377형",
	"train.mtr.class_802_gwr": "영국철도 802형(GWR)",
	"train.mtr.class_802_gwr_mini": "영국철도 802형(GWR/축약형)",
	"train.mtr.class_802_tpe": "영국철도 802형(TPE)",
	"train.mtr.class_802_tpe_mini": "영국철도 802형(TPE/축약형)",
	"train.mtr.cm_stock": "MTR M형 전동차(구형)",
	"train.mtr.cm_stock_mini": "MTR M형 전동차(구형/4문형)",
	"train.mtr.cm_stock_small": "MTR M형 전동차(구형/3문형)",
	"train.mtr.dark_oak_boat": "Dark Oak Boat",
	"train.mtr.drl": "MTR 디즈니선 차량(M형 전동차/3문형)",
	"train.mtr.e44": "KCR E44형 전동차",
	"train.mtr.e44_mini": "KCR E44전동차(초소형)",
	"train.mtr.flying_minecart": "Flying Minecart",
	"train.mtr.jungle_boat": "정글나무 보트",
	"train.mtr.k_train": "MTR 로템-미쓰비시 전동차",
	"train.mtr.k_train_ael": "K형 공항선 전동차",
	"train.mtr.k_train_ael_mini": "K형 공항선 전동차(초소형)",
	"train.mtr.k_train_ael_small": "K형 공항선 전동차(소형)",
	"train.mtr.k_train_mini": "K형 전동차(초소형)",
	"train.mtr.k_train_small": "K-Train (Small)",
	"train.mtr.k_train_tcl": "K-Train Tung Chung Line",
	"train.mtr.k_train_tcl_mini": "K형 텽정선 전동차(초소형)",
	"train.mtr.k_train_tcl_small": "K-Train Tung Chung Line (Small)",
	"train.mtr.light_rail_1": "Light Rail (Phase 1, LHT)",
	"train.mtr.light_rail_1_orange": "Light Rail (Phase 1, Orange Livery, LHT)",
	"train.mtr.light_rail_1_orange_rht": "Light Rail (Phase 1, Orange Livery, RHT)",
	"train.mtr.light_rail_1_rht": "Light Rail (Phase 1, RHT)",
	"train.mtr.light_rail_1r": "Light Rail (Phase 1 Refurbished, LHT)",
	"train.mtr.light_rail_1r_old": "Light Rail (Phase 1 Refurbished, Blue Livery, LHT)",
	"train.mtr.light_rail_1r_old_rht": "Light Rail (Phase 1 Refurbished, Blue Livery, RHT)",
	"train.mtr.light_rail_1r_orange": "Light Rail (Phase 1 Refurbished, Orange Livery, LHT)",
	"train.mtr.light_rail_1r_orange_rht": "Light Rail (Phase 1 Refurbished, Orange Livery, RHT)",
	"train.mtr.light_rail_1r_rht": "Light Rail (Phase 1 Refurbished, RHT)",
	"train.mtr.light_rail_2": "Light Rail (Phase 2, LHT)",
	"train.mtr.light_rail_2r": "Light Rail (Phase 2 Refurbished, LHT)",
	"train.mtr.light_rail_2r_rht": "Light Rail (Phase 2 Refurbished, RHT)",
	"train.mtr.light_rail_2_orange": "Light Rail (Phase 2, Orange Livery, LHT)",
	"train.mtr.light_rail_2_orange_rht": "Light Rail (Phase 2, Orange Livery, RHT)",
	"train.mtr.light_rail_2_rht": "Light Rail (Phase 2, RHT)",
	"train.mtr.light_rail_3": "Light Rail (Phase 3, LHT)",
	"train.mtr.light_rail_3r": "Light Rail (Phase 3 Refurbished, LHT)",
	"train.mtr.light_rail_3r_rht": "Light Rail (Phase 3 Refurbished, RHT)",
	"train.mtr.light_rail_3_orange": "Light Rail (Phase 3, Orange Livery, LHT)",
	"train.mtr.light_rail_3_orange_rht": "Light Rail (Phase 3, Orange Livery, RHT)",
	"train.mtr.light_rail_3_rht": "Light Rail (Phase 3, RHT)",
	"train.mtr.light_rail_4": "Light Rail (Phase 4, LHT)",
	"train.mtr.light_rail_4_old": "Light Rail (Phase 4, Blue Livery, LHT)",
	"train.mtr.light_rail_4_old_rht": "Light Rail (Phase 4, Blue Livery, RHT)",
	"train.mtr.light_rail_4_orange": "Light Rail (Phase 4, Orange Livery, LHT)",
	"train.mtr.light_rail_4_orange_rht": "Light Rail (Phase 4, Orange Livery, RHT)",
	"train.mtr.light_rail_4_rht": "Light Rail (Phase 4, RHT)",
	"train.mtr.light_rail_5": "Light Rail (Phase 5, LHT)",
	"train.mtr.light_rail_5_old": "Light Rail (Phase 5, Blue Livery, LHT)",
	"train.mtr.light_rail_5_old_rht": "Light Rail (Phase 5, Blue Livery, RHT)",
	"train.mtr.light_rail_5_orange": "Light Rail (Phase 5, Orange Livery, LHT)",
	"train.mtr.light_rail_5_orange_rht": "Light Rail (Phase 5, Orange Livery, RHT)",
	"train.mtr.light_rail_5_rht": "Light Rail (Phase 5, RHT)",
	"train.mtr.london_underground_1995": "런던 1995년식 전동차",
	"train.mtr.london_underground_1996": "런던 1996년식 전동차",
	"train.mtr.london_underground_d78": "런던 D78 전동차(4문형)",
	"train.mtr.london_underground_d78_mini": "런던 D78 전동차(2문형)",
	"train.mtr.m_train": "M형 전동차(4문형)",
	"train.mtr.m_train_mini": "M형 전동차(초소형)",
	"train.mtr.m_train_small": "C형 전동차(4문형)",
	"train.mtr.minecart": "마인카트",
	"train.mtr.mlr": "MTR 메트로카멜 직류형 전동차(5문형)",
	"train.mtr.mlr_christmas": "MLR Train Christmas Edition",
	"train.mtr.mlr_christmas_mini": "MLR Train Christmas Edition (Mini)",
	"train.mtr.mlr_christmas_small": "MLR Train Christmas Edition (Small)",
	"train.mtr.mlr_mini": "MLR 전동차(초소형)",
	"train.mtr.mlr_small": "MLR 전동차(5문형)",
	"train.mtr.mpl_85": "MPL 85",
	"train.mtr.ngong_ping_360_crystal": "Ngong Ping 360 Crystal Cabin (LHT)",
	"train.mtr.ngong_ping_360_crystal_rht": "Ngong Ping 360 Crystal Cabin (RHT)",
	"train.mtr.ngong_ping_360_crystal_plus": "Ngong Ping 360 Crystal+ Cabin (LHT)",
	"train.mtr.ngong_ping_360_crystal_plus_rht": "Ngong Ping 360 Crystal+ Cabin (RHT)",
	"train.mtr.ngong_ping_360_normal_light_blue": "Ngong Ping 360 (Light Blue, LHT)",
	"train.mtr.ngong_ping_360_normal_light_blue_rht": "Ngong Ping 360 (Light Blue, RHT)",
	"train.mtr.ngong_ping_360_normal_orange": "Ngong Ping 360 (Orange, LHT)",
	"train.mtr.ngong_ping_360_normal_orange_rht": "Ngong Ping 360 (Orange, RHT)",
	"train.mtr.ngong_ping_360_normal_red": "Ngong Ping 360 (Red, LHT)",
	"train.mtr.ngong_ping_360_normal_red_rht": "Ngong Ping 360 (Red, RHT)",
	"train.mtr.oak_boat": "참나무 보트",
	"train.mtr.r179": "미국지하철 R179형 전동차(4문형)",
	"train.mtr.r179_mini": "미국지하철 R179형 전동차(초소형)",
	"train.mtr.r211": "미국지하철 R211형 전동차(4문형)",
	"train.mtr.r211_mini": "미국지하철 R211형 전동차(2문형)",
	"train.mtr.r211t": "미국지하철 R211T형 전동차(4문형)",
	"train.mtr.r211t_mini": "미국지하철 R211T형 전동차(2문형)",
	"train.mtr.r_train": "R-Train",
	"train.mtr.r_train_mini": "R-Train (Mini)",
	"train.mtr.r_train_small": "R-Train (Small)",
	"train.mtr.s_train": "S형 전동차(5문형)",
	"train.mtr.s_train_mini": "S형 전동차(문형)",
	"train.mtr.s_train_small": "s형 전동차(2문형)",
	"train.mtr.sp1900": "IKK SP1900형 전동차",
	"train.mtr.sp1900_mini": "IKK SP1900형 전동차 (4문형)",
	"train.mtr.sp1900_small": "IKK SP1900형 전동차 (2문형)",
	"train.mtr.spruce_boat": "가문비나무 보트"
}
