{
	"block.minecraft.bedrock_slab": "Bedrockplaat",
	"block.minecraft.birch_wood_slab": "Berkenhouten plaat",
	"block.minecraft.bone_block_slab": "Bottenplaat",
	"block.minecraft.chiseled_quartz_block_slab": "Gebeitelde kwartsplaat",
	"block.minecraft.chiseled_stone_bricks_slab": "Gebeitelde blokstenen plaat",
	"block.minecraft.clay_slab": "Kleiplaat",
	"block.minecraft.coal_ore_slab": "Steenkoolertsplaat",
	"block.minecraft.concrete": "Beton",
	"block.minecraft.concrete_powder": "Cement",
	"block.minecraft.concrete_powder_slab": "Cementplaat",
	"block.minecraft.concrete_slab": "Betonplaat",
	"block.minecraft.cracked_stone_bricks_slab": "Gebarsten blokstenen plaat",
	"block.minecraft.gravel_slab": "Grindplaat",
	"block.minecraft.iron_block_slab": "IJzerblokplaat",
	"block.minecraft.metal": "Metalen blok",
	"block.minecraft.metal_slab": "Metalen plaat",
	"block.minecraft.planks": "Houten planken",
	"block.minecraft.planks_slab": "Houten plankenplaat",
	"block.minecraft.purpur_block_slab": "Purpurplaat",
	"block.minecraft.purpur_pillar_slab": "Purpurpilaarplaat",
	"block.minecraft.quartz_block_slab": "Kwartsplaat",
	"block.minecraft.quartz_bricks_slab": "Kwartsblokplaat",
	"block.minecraft.quartz_pillar_slab": "Kwartspilaarplaat",
	"block.minecraft.snow_block_slab": "Sneeuwblokplaat",
	"block.minecraft.stained_glass": "Gekleurd Glas",
	"block.minecraft.stained_glass_slab": "Gekleurde glasplaat",
	"block.minecraft.stone_bricks_slab": "Blokstenen plaat",
	"block.minecraft.wool": "Wol",
	"block.minecraft.wool_slab": "Wollen plaat",
	"block.mtr.airplane_node": "Vliegtuigknooppunt",
	"block.mtr.apg_door": "Automatische Perrondeuren",
	"block.mtr.apg_glass": "Automatische Perrondeuren",
	"block.mtr.apg_glass_end": "Automatische Perrondeuren",
	"block.mtr.arrival_projector_1_large": "Treinaankomstprojector (3x3)",
	"block.mtr.arrival_projector_1_medium": "Treinaankomstprojector (3x2)",
	"block.mtr.arrival_projector_1_small": "Treinaankomstprojector (1x1)",
	"block.mtr.boat_node": "Bootknooppunt",
	"block.mtr.cable_car_node_lower": "Kabelbaanverbindingspunt",
	"block.mtr.cable_car_node_station": "Kabelbaanstationknooppunt",
	"block.mtr.cable_car_node_upper": "Kabelbaanknooppunt",
	"block.mtr.ceiling": "Plafond",
	"block.mtr.ceiling_light": "Plafond (Licht)",
	"block.mtr.ceiling_no_light": "Plafond (Geen Licht)",
	"block.mtr.clock": "Klok",
	"block.mtr.clock_pole": "Klok paal",
	"block.mtr.escalator_side": "Roltrap",
	"block.mtr.escalator_step": "Roltrap",
	"block.mtr.glass_fence_cio": "Glazen hek",
	"block.mtr.glass_fence_ckt": "Glazen hek",
	"block.mtr.glass_fence_heo": "Glazen hek",
	"block.mtr.glass_fence_mos": "Glazen hek",
	"block.mtr.glass_fence_plain": "Glazen hek",
	"block.mtr.glass_fence_shm": "Glazen hek",
	"block.mtr.glass_fence_stained": "Glazen hek",
	"block.mtr.glass_fence_stw": "Glazen hek",
	"block.mtr.glass_fence_tsh": "Glazen hek",
	"block.mtr.glass_fence_wks": "Glazen hek",
	"block.mtr.lift_buttons_1": "Liftknoppen",
	"block.mtr.lift_door_1": "Liftdeuren",
	"block.mtr.lift_door_odd_1": "Liftdeuren",
	"block.mtr.lift_panel_even_1": "Liftschermpaneel",
	"block.mtr.lift_panel_even_2": "Liftschermpaneel",
	"block.mtr.lift_panel_odd_1": "Liftschermpaneel",
	"block.mtr.lift_panel_odd_2": "Liftschermpaneel",
	"block.mtr.lift_track_1": "Liftspoor",
	"block.mtr.lift_track_floor_1": "Liftverdiepingspoor",
	"block.mtr.logo": "MTR-logo",
	"block.mtr.marble_blue": "Blauw marmer",
	"block.mtr.marble_blue_slab": "Blauwe marmerplaat",
	"block.mtr.marble_sandy": "Zanderig marmer",
	"block.mtr.marble_sandy_slab": "Zanderige marmerplaat",
	"block.mtr.metal": "Metaal",
	"block.mtr.metal_slab": "Metalen plaat",
	"block.mtr.pids_1": "Weergavesysteem voor passagiersinformatie",
	"block.mtr.pids_2": "Weergavesysteem voor passagiersinformatie",
	"block.mtr.pids_3": "Weergavesysteem voor passagiersinformatie",
	"block.mtr.pids_pole": "PIDS-paal",
	"block.mtr.platform": "Platform (Hongkong)",
	"block.mtr.platform_indented": "Platform (Hongkong)",
	"block.mtr.platform_na_1": "Platform (Noord-Amerika)",
	"block.mtr.platform_na_1_indented": "Platform (Noord-Amerika)",
	"block.mtr.platform_na_2": "Platform (Noord-Amerika)",
	"block.mtr.platform_na_2_indented": "Platform (Noord-Amerika)",
	"block.mtr.platform_uk_1": "Platform (Verenigd Koninkrijk)",
	"block.mtr.platform_uk_1_indented": "Platform (Verenigd Koninkrijk)",
	"block.mtr.psd_door": "Perrondeuren",
	"block.mtr.psd_door_2": "Perrondeuren",
	"block.mtr.psd_glass": "Perrondeuren",
	"block.mtr.psd_glass_2": "Perrondeuren",
	"block.mtr.psd_glass_end": "Perrondeuren",
	"block.mtr.psd_glass_end_2": "Perrondeuren",
	"block.mtr.psd_top": "Perrondeuren",
	"block.mtr.rail": "Spoorverbindstuk",
	"block.mtr.railway_sign": "Spoorwegbord",
	"block.mtr.railway_sign_pole": "Spoorwegbordpaal",
	"block.mtr.route_sign_standing_light": "Routebord (Staand Licht)",
	"block.mtr.route_sign_standing_metal": "Routebord (Staand Metaal)",
	"block.mtr.route_sign_wall_light": "Routebord (Muurlicht)",
	"block.mtr.route_sign_wall_metal": "Routebord (Muur, metaal)",
	"block.mtr.rubbish_bin_1": "Vuilnisbak",
	"block.mtr.signal_light_1": "Signaal Verlichting",
	"block.mtr.signal_light_2": "Signaal Licht (2 Aspecten, Dubbelzijde)",
	"block.mtr.signal_light_3": "Signaallicht (2 Aspecten)",
	"block.mtr.signal_light_3_aspect_1": "Signaallicht (3 Aspecten)",
	"block.mtr.signal_light_3_aspect_2": "Signaallicht (3 Aspecten, Dubbelzijdig)",
	"block.mtr.signal_light_4": "Signaallicht (2 Aspecten, Dubbelzijdig)",
	"block.mtr.signal_light_4_aspect_1": "Signaallicht (4 Aspecten)",
	"block.mtr.signal_light_4_aspect_2": "Signaallicht (4 Aspecten, Dubbelzijdig)",
	"block.mtr.signal_pole": "Signaalpaal",
	"block.mtr.signal_semaphore_1": "Semafoor",
	"block.mtr.signal_semaphore_2": "Semafoor (Dubbelzijdig)",
	"block.mtr.station_name_entrance": "Stationsnaam (Ingang)",
	"block.mtr.station_name_tall_block": "Stationsnaam (Lang Blok)",
	"block.mtr.station_name_tall_block_double_sided": "Stationsnaam (Lang Blok, Dubbelzijdig)",
	"block.mtr.station_name_tall_wall": "Stationsnaam (Hoge Muurtekst)",
	"block.mtr.station_name_wall": "Stationsnaam (Muurtekst, Wit)",
	"block.mtr.station_name_wall_black": "Stationsnaam (Muurtekst, Zwart)",
	"block.mtr.station_name_wall_gray": "Stationsnaam (Muurtekst, Grijs)",
	"block.mtr.station_pole": "Stationskleurpaal",
	"block.mtr.tactile_map": "Tactiele kaart",
	"block.mtr.ticket_barrier_entrance_1": "Stationspoortje (Ingang)",
	"block.mtr.ticket_barrier_exit_1": "Stationspoortje (Uitgang)",
	"block.mtr.ticket_machine": "Ticketautomaat",
	"block.mtr.ticket_processor": "Ticketverwerker",
	"block.mtr.ticket_processor_enquiry": "Aanvraagverwerker",
	"block.mtr.ticket_processor_entrance": "Stationspoortje (Ingang)",
	"block.mtr.ticket_processor_exit": "Stationspoortje (Uitgang)",
	"block.mtr.train_announcer": "Aankondiger",
	"block.mtr.train_cargo_loader": "Vrachtlader",
	"block.mtr.train_cargo_unloader": "Vrachtlosser",
	"block.mtr.train_schedule_sensor": "Treinschemasensor",
	"block.mtr.train_sensor": "Redstonesensor",
	"category.mtr.keybinding": "Minecraft Transit Railway-sneltoetsen",
	"entity.mtr.seat": "",
	"gui.mtr.acceleration": "Voertuigversnelling",
	"gui.mtr.add_balance_for_emeralds": "Voeg $%s toe voor %s smaragd(en)",
	"gui.mtr.add_depot": "Voeg depot toe",
	"gui.mtr.add_exit": "Voeg stationsuitgang toe",
	"gui.mtr.add_exit_destination": "Voeg bestemming toe",
	"gui.mtr.add_route": "Route toevoegen",
	"gui.mtr.add_station": "Station toevoegen",
	"gui.mtr.add_value": "Waarde toevoegen",
	"gui.mtr.already_entered": "Station al betreden",
	"gui.mtr.already_exited": "Geen incheckmelding gevonden",
	"gui.mtr.announcement_message": "Mededelingsbericht",
	"gui.mtr.anticlockwise_to": "Tegen de klok in naar %s",
	"gui.mtr.anticlockwise_to_cjk": "逆時針往%s",
	"gui.mtr.anticlockwise_via": "Tegen de klok in via %s",
	"gui.mtr.anticlockwise_via_cjk": "逆時針經%s",
	"gui.mtr.arrival_car": "%s rijtuig(en)",
	"gui.mtr.arrival_car_cjk": "%s 卡",
	"gui.mtr.arrival_min": "%s min",
	"gui.mtr.arrival_min_cjk": "%s 分鐘",
	"gui.mtr.arrival_sec": "%s sec",
	"gui.mtr.arrival_sec_cjk": "%s 秒",
	"gui.mtr.automatically_detect_nearby_platform": "Detecteer dichtstbijzijnde platform automatisch",
	"gui.mtr.available": "Beschikbaar",
	"gui.mtr.available_model_parts": "Beschikbare modelonderdelen",
	"gui.mtr.balance": "Saldo: $%s",
	"gui.mtr.cable_car_invalid_orientation": "Ongeldige kabelverbinding",
	"gui.mtr.cars_to_spawn": "Auto's om te spawnen: %s",
	"gui.mtr.clear_vehicles": "Voertuigen verwijderen",
	"gui.mtr.clockwise_to": "Met de klok mee naar %s",
	"gui.mtr.clockwise_to_cjk": "順時針往%s",
	"gui.mtr.clockwise_via": "Met de klok mee via %s",
	"gui.mtr.clockwise_via_cjk": "順時針經%s",
	"gui.mtr.color": "Kleur",
	"gui.mtr.comma": ", ",
	"gui.mtr.comma_cjk": "`",
	"gui.mtr.comma_last": " en ",
	"gui.mtr.comma_last_cjk": "或",
	"gui.mtr.connecting_station_interchange_announcement_part": "de %1$s op station %2$s",
	"gui.mtr.connecting_station_interchange_announcement_part_cjk": "往%2$s站轉乘%1$s",
	"gui.mtr.connecting_station_part": "Passagiers kunnen overstappen naar %s.",
	"gui.mtr.connecting_station_part_cjk": "乘客可在該站%s。",
	"gui.mtr.cruising_altitude": "Kruishoogte",
	"gui.mtr.custom_destination_suggestion": "Bestemming (\\r om te resetten)",
	"gui.mtr.custom_resources_export_resource_pack": "Resource Pack Exporteren",
	"gui.mtr.custom_resources_gangway_connection_id": "Gangway-connectie-ID",
	"gui.mtr.custom_resources_id": "ID",
	"gui.mtr.custom_resources_name": "Naam",
	"gui.mtr.custom_resources_rider_offset": "Rijderscompensatie: %s",
	"gui.mtr.custom_resources_train_barrier_id": "Treinbarrière-ID",
	"gui.mtr.delete_confirmation": "Weet u zeker dat u %s wilt verwijderen?",
	"gui.mtr.depot_color": "Depotkleur",
	"gui.mtr.depot_name": "Depotnaam",
	"gui.mtr.depots": "Depots",
	"gui.mtr.disable_next_station_announcements": "Aankondigingen van volgend station uitschakelen",
	"gui.mtr.dismount_hold": "Houd %s ingedrukt om ontkoppeling te forceren: %s",
	"gui.mtr.display_page": "Paginanummer",
	"gui.mtr.door_animation_type_bouncy_1": "Deuren: Stuiterig (1)",
	"gui.mtr.door_animation_type_bouncy_2": "Deuren: Stuiterig (2)",
	"gui.mtr.door_animation_type_constant": "Deuren: Constant",
	"gui.mtr.door_animation_type_mlr": "Deuren: MLR",
	"gui.mtr.door_animation_type_plug_fast": "Deuren: Snelle Zwenkzwaai",
	"gui.mtr.door_animation_type_plug_slow": "Deuren: Trage Zwenkzwaai",
	"gui.mtr.door_animation_type_r179": "Deuren: R179",
	"gui.mtr.door_animation_type_r211": "Deuren: R211",
	"gui.mtr.door_animation_type_standard": "Deuren: Standaard",
	"gui.mtr.door_animation_type_standard_slow": "Deuren: Langzaam",
	"gui.mtr.drag_file_to_upload": "Sleep bestand om te uploaden",
	"gui.mtr.dwell_time": "Voertuigverblijfstijd",
	"gui.mtr.edit_area": "Klik en sleep om een gebied te tekenen.",
	"gui.mtr.edit_instructions": "Instructies bewerken",
	"gui.mtr.edit_route": "Klik op een platform om het aan de route toe te voegen.",
	"gui.mtr.editing_part": "Aan het bewerken: %s",
	"gui.mtr.emeralds": "Samaragden: %s",
	"gui.mtr.enter_barrier": "Ingecheckt bij %s - Saldo: $%s",
	"gui.mtr.exit_barrier": "Uitgechekt bij %s - Prijs: $%s - Saldo: $%s",
	"gui.mtr.exit_destinations": "Uitgangsbestemmingen",
	"gui.mtr.exit_parents": "Stationsuitgangen",
	"gui.mtr.file_model": "Blockbench-bestand",
	"gui.mtr.file_properties": "Eigenschappenbestand (optioneel)",
	"gui.mtr.file_texture": "Textuurbestand",
	"gui.mtr.file_upload": "Upload...",
	"gui.mtr.filtered_platforms": "Gefilterde platformen (%s)",
	"gui.mtr.filtered_routes": "Gefilterde routes (%s)",
	"gui.mtr.filtered_routes_condition": "Alleen treinen die op de volgende routes rijden zullen dit blok activeren",
	"gui.mtr.filtered_routes_empty": "Alle treinen zullen dit blok activeren",
	"gui.mtr.game_time": "Speltijd",
	"gui.mtr.generate_map": "Routekaart genereren",
	"gui.mtr.generating_path": "Pad genereren",
	"gui.mtr.hide_arrival": "Aankomst verbergen",
	"gui.mtr.insufficient_balance": "Onvoldoende saldo ($%s)",
	"gui.mtr.interchange_announcement": "Stap over voor de %s.",
	"gui.mtr.interchange_announcement_cjk": "乘客可以轉乘%s。",
	"gui.mtr.invalid_orientation": "Kon geen verbinding maken; ongeldige oriëntatie",
	"gui.mtr.is_anticlockwise_route": "Is een cirkelvormige route die tegen de klok ingaat",
	"gui.mtr.is_clockwise_route": "Is een cirkelvormige route die met de klok meegaat",
	"gui.mtr.is_light_rail_route": "Heeft routenummer",
	"gui.mtr.is_manual": "Berijdbaar voertuig",
	"gui.mtr.is_route_hidden": "Route verbergen",
	"gui.mtr.last_airplane_station": "Deze vlucht gaat naar %s",
	"gui.mtr.last_airplane_station_cjk": "本航班往%s",
	"gui.mtr.last_boat_station": "Dit vaartuig gaat naar %s",
	"gui.mtr.last_boat_station_cjk": "本渡輪往%s",
	"gui.mtr.last_cable_car_station": "Deze kabelbaan gaat naar: %s",
	"gui.mtr.last_cable_car_station_cjk": "本纜車往%s",
	"gui.mtr.last_train_station": "Deze trein gaat naar %s",
	"gui.mtr.last_train_station_cjk": "本列車往%s",
	"gui.mtr.left": "Links",
	"gui.mtr.lift_buttons_locked": "Knoppen vergrendeld",
	"gui.mtr.lift_buttons_unlocked": "Knoppen ontgrendeld",
	"gui.mtr.lift_floor_description": "Beschrijving",
	"gui.mtr.lift_floor_number": "Verdiepingsnummer",
	"gui.mtr.lift_is_double_sided": "Dubbelzijdig",
	"gui.mtr.lift_should_ding": "Speel \"Ding\"-geluid af",
	"gui.mtr.lift_style": "Stijl: %s",
	"gui.mtr.lift_style_opaque": "Ondoorzichtig",
	"gui.mtr.lift_style_transparent": "Transparant",
	"gui.mtr.lift_track_required": "Liftspoor vereist",
	"gui.mtr.light_rail_route_announcement": "Dit is route %s naar %s.",
	"gui.mtr.light_rail_route_announcement_cjk": "本班為%s綫列車前往%s。",
	"gui.mtr.light_rail_route_number": "Routenummer",
	"gui.mtr.london_train_interchange_announcement": "Stap hier over voor %s.",
	"gui.mtr.london_train_interchange_announcement_cjk": "乘客可在該站轉乘%s。",
	"gui.mtr.london_train_next_station_announcement": "Het volgende station is %s.",
	"gui.mtr.london_train_next_station_announcement_cjk": "下一站是%s。",
	"gui.mtr.london_train_route_announcement": "Dit is een %s trein die eindigt op %s.",
	"gui.mtr.london_train_route_announcement_cjk": "本班為%s列車前往%s。",
	"gui.mtr.london_train_terminating_announcement": "Deze trein eindigt hier.",
	"gui.mtr.london_train_terminating_announcement_cjk": "列車以本站為終點站。",
	"gui.mtr.london_train_this_station_announcement": "Dit station is %s.",
	"gui.mtr.london_train_this_station_announcement_cjk": "本站是%s。",
	"gui.mtr.manual_to_automatic_time": "Berijdbaarheidtime-out",
	"gui.mtr.max_manual_speed": "Maximale snelheid",
	"gui.mtr.max_vehicles": "Maximum aantal treinen voor het zijspoor",
	"gui.mtr.mismatched_versions": "Update de Minecraft Transit Railway-mod opnieuw alstublieft en probeer het opnieuw.",
	"gui.mtr.mismatched_versions_server_version": "Serverversie: %s",
	"gui.mtr.mismatched_versions_your_version": "Uw versie: %s",
	"gui.mtr.moving_only": "Uitsluitend bewegende voertuigen",
	"gui.mtr.mtr_options": "Minecraft Transit Railway-opties",
	"gui.mtr.name": "Naam",
	"gui.mtr.next_departure": "Volgend geschatte vertrek: %s",
	"gui.mtr.next_departure_none": "Geen geplande vertrektijden",
	"gui.mtr.next_route_airplane_announcement": "Deze vlucht zal worden gewijzigd naar de %s naar %s.",
	"gui.mtr.next_route_airplane_announcement_cjk": "本航班會改為%s前往%s。",
	"gui.mtr.next_route_boat_announcement": "Dit vaartuig zal worden gewijzigd naar de %s naar %s.",
	"gui.mtr.next_route_boat_announcement_cjk": "本渡輪會改為%s前往%s。",
	"gui.mtr.next_route_boat_light_rail_announcement": "Deze route zal worden gewijzigd naar route %s. Reizigers naar %s, neem alstublieft deze trein.",
	"gui.mtr.next_route_boat_light_rail_announcement_cjk": "本渡輪會改為%s路綫。前往%s沿途各站之乘客，可乘本渡輪。",
	"gui.mtr.next_route_cable_car_announcement": "Deze kabelbaan zal gewijzigd worden naar de %s naar %s.",
	"gui.mtr.next_route_cable_car_announcement_cjk": "本纜車會改為%s前往%s。",
	"gui.mtr.next_route_train_announcement": "Dit vaartuig zal worden gewijzigd naar de %s naar %s.",
	"gui.mtr.next_route_train_announcement_cjk": "本班車會改為%s前往%s。",
	"gui.mtr.next_route_train_light_rail_announcement": "Deze route zal worden gewijzigd naar route %s. Reizigers naar %s, neem deze trein alstublieft.",
	"gui.mtr.next_route_train_light_rail_announcement_cjk": "本班車會改為%s路綫。前往%s沿途各站之乘客，可乘本列車。",
	"gui.mtr.next_station": "Het volgende station is %s",
	"gui.mtr.next_station_announcement": "Volgend station: %s.",
	"gui.mtr.next_station_announcement_cjk": "下一站：%s。",
	"gui.mtr.next_station_cjk": "下一站是%s",
	"gui.mtr.next_station_light_rail_announcement": "Volgende halte: %s.",
	"gui.mtr.next_station_light_rail_announcement_cjk": "下一站：%s。",
	"gui.mtr.no_lift_tracks_floor_found": "Geen Liftvloerspoor Gevonden",
	"gui.mtr.offset_x": "X-offset: %s",
	"gui.mtr.offset_y": "Y-offset: %s",
	"gui.mtr.offset_z": "Z-offset: %s",
	"gui.mtr.part_blacklisted_cars": "Uitgesloten Wagens",
	"gui.mtr.part_display_cjk_size_ratio": "CJK-grootte: %s",
	"gui.mtr.part_display_force_single_line": "Forceer Enkele Lijn",
	"gui.mtr.part_display_force_upper_case": "Forceer Hoofdletters",
	"gui.mtr.part_display_should_scroll": "Lopende Tekst",
	"gui.mtr.part_display_text_color": "Kleur",
	"gui.mtr.part_display_text_color_cjk": "CJK-/Niet-CJK-kleur",
	"gui.mtr.part_display_type_destination": "Type: Bestemming",
	"gui.mtr.part_display_type_next_station_kcr": "Type: Volgend Station (KCR)",
	"gui.mtr.part_display_type_next_station_mtr": "Type: Volgend Station (MTR)",
	"gui.mtr.part_display_type_next_station_plain": "Type: Volgend Station",
	"gui.mtr.part_display_type_next_station_uk": "Type: Volgend Station (VK)",
	"gui.mtr.part_display_type_route_number": "Type: Routenummer",
	"gui.mtr.part_display_x_padding": "X-padding: %s",
	"gui.mtr.part_display_y_padding": "Y-padding: %s",
	"gui.mtr.part_door_offset_left_negative": "Deuroffset: -Links",
	"gui.mtr.part_door_offset_left_positive": "Deuroffset: +Links",
	"gui.mtr.part_door_offset_none": "Deuroffset: Geen",
	"gui.mtr.part_door_offset_right_negative": "Deuroffset: -Rechts",
	"gui.mtr.part_door_offset_right_positive": "Deuroffset: +Rechts",
	"gui.mtr.part_is_display": "Is Display",
	"gui.mtr.part_mirror": "Gespiegeld",
	"gui.mtr.part_positions": "Posities",
	"gui.mtr.part_render_condition_all": "Render: Altijd",
	"gui.mtr.part_render_condition_door_left_closed": "Render: Linker Deuren Gesloten",
	"gui.mtr.part_render_condition_door_left_open": "Render: Linker Deuren Open",
	"gui.mtr.part_render_condition_door_right_closed": "Render: Rechter Deuren Gesloten",
	"gui.mtr.part_render_condition_door_right_open": "Render: Rechter Deuren Open",
	"gui.mtr.part_render_condition_doors_closed": "Render: Deuren Gesloten",
	"gui.mtr.part_render_condition_doors_open": "Render: Deuren Open",
	"gui.mtr.part_render_condition_moving_backwards": "Render: Achteruit Bewegend",
	"gui.mtr.part_render_condition_moving_forwards": "Render: Voorwaarts Bewegend",
	"gui.mtr.part_skip_rendering_if_too_far": "Verberg als het te ver is",
	"gui.mtr.part_stage_always_on_lights": "Lichten (Altijd Aan)",
	"gui.mtr.part_stage_exterior": "Exterieur",
	"gui.mtr.part_stage_interior": "Interieur",
	"gui.mtr.part_stage_interior_translucent": "Interieur (Doorschijnend)",
	"gui.mtr.part_stage_lights": "Lichten",
	"gui.mtr.part_whitelisted_cars": "Vertrouwde Rijtuigen",
	"gui.mtr.path_found": "Pad succesvol aangemaakt",
	"gui.mtr.path_not_found_between": "Pad niet gevonden op|> %s|tussen|> %s|en|> %s|",
	"gui.mtr.path_not_generated": "Pad niet gegenereerd",
	"gui.mtr.percentage_complete_bridge": "Brug aan het bouwen (%s%%)",
	"gui.mtr.percentage_complete_tunnel": "Tunnel aan het bouwen (%s%%)",
	"gui.mtr.percentage_complete_tunnel_wall": "Tunnelmuur aan het bouwen (%s%%)",
	"gui.mtr.pids_message": "Aangepast PIDS-bericht",
	"gui.mtr.platform": "Perron %s",
	"gui.mtr.platform_number": "Perronnummer",
	"gui.mtr.platform_or_siding_exists": "Elk spoorverbindingsstuk kan maar aan één perron of opstel worden verbonden",
	"gui.mtr.press_to_select_floor": "Druk op %s om verdieping te kiezen",
	"gui.mtr.psd_apg_door_locked": "Deur vergrendeld",
	"gui.mtr.psd_apg_door_unlocked": "Deur ontgrendeld",
	"gui.mtr.radius_too_small": "Kon spoor niet verbinden; radius moet ten minste 2 zijn",
	"gui.mtr.rail_action_bridge": "Brug door %s (%s blokken lang, %s)",
	"gui.mtr.rail_action_tunnel": "Tunnel door %s (%s blokken lang)",
	"gui.mtr.rail_action_tunnel_wall": "Tunnel door %s (%s blokken lang, %s)",
	"gui.mtr.rail_actions": "Huidige bouwverrichtingen",
	"gui.mtr.rail_actions_button": "Verrichtingen...",
	"gui.mtr.rail_not_found": "Kon geen signaal maken; spoor niet gevonden",
	"gui.mtr.rail_not_found_action": "Kon actie niet uitvoeren; spoor niet gevonden",
	"gui.mtr.refresh_path": "Pad vernieuwen",
	"gui.mtr.repeat_indefinitely": "Instructies voor altijd herhalen",
	"gui.mtr.reset_sign": "Resetten",
	"gui.mtr.right": "Rechts",
	"gui.mtr.rotate_anticlockwise": "Roteer Linksom",
	"gui.mtr.rotate_clockwise": "Roteer Rechtsom",
	"gui.mtr.route_color": "Routekleur",
	"gui.mtr.route_name": "Routenaam",
	"gui.mtr.route_type_boat_high_speed": "Type: Snelle Ferry",
	"gui.mtr.route_type_boat_light_rail": "Type: Cruise",
	"gui.mtr.route_type_boat_normal": "Type: Ferry",
	"gui.mtr.route_type_train_high_speed": "Type: Hogesnelheidslijn",
	"gui.mtr.route_type_train_light_rail": "Type: Lightrail",
	"gui.mtr.route_type_train_normal": "Type: Normaal",
	"gui.mtr.routes": "Routes",
	"gui.mtr.s": "s",
	"gui.mtr.schedule_mode_real_time_off": "Dienstregeling: Minecraft-tijd",
	"gui.mtr.schedule_mode_real_time_on": "Dienstregeling: Realtime",
	"gui.mtr.search": "Zoeken",
	"gui.mtr.select_all_platforms": "Toon aankomsten van alle perrons",
	"gui.mtr.selected": "Geselecteerd",
	"gui.mtr.selected_vehicle": "Geselecteerd voertuig",
	"gui.mtr.separator": "/",
	"gui.mtr.separator_cjk": "/",
	"gui.mtr.settings": "Instellingen",
	"gui.mtr.siding_number": "Opstelnummer",
	"gui.mtr.sidings_in_depot": "Opstellen in dit depot: %s",
	"gui.mtr.sound_file": "Geluidsbestand",
	"gui.mtr.station": "%s Station",
	"gui.mtr.station_cjk": "%s站",
	"gui.mtr.station_color": "Stationskleur",
	"gui.mtr.station_name": "Stationsnaam",
	"gui.mtr.stations": "Stations",
	"gui.mtr.stopped_only": "Uitsluitend gestopte voertuigen",
	"gui.mtr.support": "Ondersteuning",
	"gui.mtr.this_station": "Dit station is %s",
	"gui.mtr.this_station_cjk": "本站是%s",
	"gui.mtr.to": "naar %s",
	"gui.mtr.to_cjk": "往%s",
	"gui.mtr.tph": "/u",
	"gui.mtr.train_schedule_sensor": "Aankomstoffset (seconden)",
	"gui.mtr.transport_mode_airplane": "Type: Vliegtuig",
	"gui.mtr.transport_mode_boat": "Type: Boot",
	"gui.mtr.transport_mode_cable_car": "Type: Kabelbaan",
	"gui.mtr.transport_mode_train": "Type: Trein",
	"gui.mtr.unlimited": "Onbeperkt",
	"gui.mtr.unlimited_vehicles": "Onbeperkt aantal voertuigen",
	"gui.mtr.untitled": "Naamloos",
	"gui.mtr.use_time_and_wind_sync": "Synchroniseer de tijd automatisch met behulp van de Time & Wind-mod",
	"gui.mtr.used_model_parts": "Gebruikte modelonderdelen",
	"gui.mtr.vehicle_brightness": "Helderheid: %s%%",
	"gui.mtr.vehicle_cars": "Rijtuigen: %s",
	"gui.mtr.vehicle_direction_backwards": "Richting: Achteruit",
	"gui.mtr.vehicle_direction_forwards": "Richting: Vooruit",
	"gui.mtr.vehicle_door_max": "Deur: %s",
	"gui.mtr.vehicle_length": "Lengte: %s",
	"gui.mtr.vehicle_speed": "Snelheid: %s m/s (%s km/h)",
	"gui.mtr.vehicle_width": "Breedte: %s",
	"gui.mtr.vehicles_per_hour": "Voertuigen per uur",
	"gui.mtr.welcome_station": "Welkom bij het %s-station.",
	"gui.mtr.welcome_station_cjk": "歡迎光臨%s站。",
	"gui.mtr.zone": "Tariefzone",
	"gui.mtr.zone_number": "Zone %s",
	"item.mtr.apg_door": "Automatische Perrondeuren",
	"item.mtr.apg_glass": "Automatische Perrondeuren",
	"item.mtr.apg_glass_end": "Automatische Perrondeuren",
	"item.mtr.bridge_creator_3": "Bruggenmaker",
	"item.mtr.bridge_creator_5": "Bruggenmaker",
	"item.mtr.bridge_creator_7": "Bruggenmaker",
	"item.mtr.bridge_creator_9": "Bruggenmaker",
	"item.mtr.brush": "Kwast",
	"item.mtr.dashboard": "Spoordashboard",
	"item.mtr.dashboard_2": "Bootdashboard",
	"item.mtr.dashboard_3": "Kabelbaandashboard",
	"item.mtr.dashboard_4": "Vluchtdashboard",
	"item.mtr.driver_key": "Machinistsleutel",
	"item.mtr.escalator": "Roltrap",
	"item.mtr.lift_buttons_link_connector": "Liftknoppenverbinder",
	"item.mtr.lift_buttons_link_remover": "Liftknoppenverbindingsverwijderaar",
	"item.mtr.lift_door_1": "Liftdeuren",
	"item.mtr.lift_door_odd_1": "Liftdeuren",
	"item.mtr.lift_refresher": "Liftververser",
	"item.mtr.psd_door": "Perrondeuren",
	"item.mtr.psd_door_2": "Perrondeuren",
	"item.mtr.psd_glass": "Perrondeuren",
	"item.mtr.psd_glass_2": "Perrondeuren",
	"item.mtr.psd_glass_end": "Perrondeuren",
	"item.mtr.psd_glass_end_2": "Perrondeuren",
	"item.mtr.rail_connector_120": "Obsidianen Spoorverbinder",
	"item.mtr.rail_connector_120_one_way": "Obsidianen spoorverbinder (eenrichting)",
	"item.mtr.rail_connector_160": "Blazen Spoorverbinder",
	"item.mtr.rail_connector_160_one_way": "Blazen spoorverbinder (eenrichting)",
	"item.mtr.rail_connector_20": "Houten Spoorverbinder",
	"item.mtr.rail_connector_200": "Kwartsspoorverbinder",
	"item.mtr.rail_connector_200_one_way": "Kwartsspoorverbinder (eenrichting)",
	"item.mtr.rail_connector_20_one_way": "Houten Spoorverbinder (eenrichting)",
	"item.mtr.rail_connector_300": "Diamanten Spoorverbinder",
	"item.mtr.rail_connector_300_one_way": "Diamanten Spoorverbinder (eenrichting)",
	"item.mtr.rail_connector_40": "Stenen Spoorverbinder",
	"item.mtr.rail_connector_40_one_way": "Stenen Spoorverbinder (eenrichting)",
	"item.mtr.rail_connector_60": "Smaragden Spoorverbinder",
	"item.mtr.rail_connector_60_one_way": "Smaragden Spoorverbinder (eenrichting)",
	"item.mtr.rail_connector_80": "IJzeren Spoorverbinder",
	"item.mtr.rail_connector_80_one_way": "IJzeren Spoorverbinder (eenrichting)",
	"item.mtr.rail_connector_cable_car": "Kabel en/of Koppelingen",
	"item.mtr.rail_connector_platform": "Perronspoorverbinder",
	"item.mtr.rail_connector_runway": "Startbaanverbinder",
	"item.mtr.rail_connector_siding": "Opstelspoorverbinder",
	"item.mtr.rail_connector_turn_back": "Terugkeer-spoorverbinder",
	"item.mtr.rail_remover": "Spoorverwijderaar",
	"item.mtr.resource_pack_creator": "Grondstoffen Pakket Maker",
	"item.mtr.signal_connector_black": "Zwartsignaalverbinder",
	"item.mtr.signal_connector_blue": "Blauwsignaalverbinder",
	"item.mtr.signal_connector_brown": "Bruinsignaalverbinder",
	"item.mtr.signal_connector_cyan": "Cyaansignaalverbinder",
	"item.mtr.signal_connector_gray": "Grijssignaalverbinder",
	"item.mtr.signal_connector_green": "Groensignaalverbinder",
	"item.mtr.signal_connector_light_blue": "Lichtblauwsignaalverbinder",
	"item.mtr.signal_connector_light_gray": "Lichtgrijssingnaalverbinder",
	"item.mtr.signal_connector_lime": "Limoengroensignaalverbinder",
	"item.mtr.signal_connector_magenta": "Magentasignaalverbinder",
	"item.mtr.signal_connector_orange": "Oranjesignaalverbinder",
	"item.mtr.signal_connector_pink": "Rozesignaalverbinder",
	"item.mtr.signal_connector_purple": "Paarssignaalverbinder",
	"item.mtr.signal_connector_red": "Roodsignaalverbinder",
	"item.mtr.signal_connector_white": "Witsignaalverbinder",
	"item.mtr.signal_connector_yellow": "Geelsignaalverbinder",
	"item.mtr.signal_remover_black": "Zwartsignaalverwijderaar",
	"item.mtr.signal_remover_blue": "Blauwsignaalverwijderaar",
	"item.mtr.signal_remover_brown": "Bruinsignaalverwijderaar",
	"item.mtr.signal_remover_cyan": "Cyaansignaalverwijderaar",
	"item.mtr.signal_remover_gray": "Grijssignaalverwijderaar",
	"item.mtr.signal_remover_green": "Groensignaalverwijderaar",
	"item.mtr.signal_remover_light_blue": "Lichtblauwsignaalverwijderaar",
	"item.mtr.signal_remover_light_gray": "Lichtgrijssignaalverwijderaar",
	"item.mtr.signal_remover_lime": "Limoengroensignaalverwijderaar",
	"item.mtr.signal_remover_magenta": "Magentasignaalverwijderaar",
	"item.mtr.signal_remover_orange": "Oranjesignaalverwijderaar",
	"item.mtr.signal_remover_pink": "Rozesignaalverwijderaar",
	"item.mtr.signal_remover_purple": "Paarssignaalverwijderaar",
	"item.mtr.signal_remover_red": "Roodsignaalverwijderaar",
	"item.mtr.signal_remover_white": "Witsignaalverwijderaar",
	"item.mtr.signal_remover_yellow": "Geelsignaalverwijderaar",
	"item.mtr.tunnel_creator_4_3": "Tunnelmaker",
	"item.mtr.tunnel_creator_4_5": "Tunnelmaker",
	"item.mtr.tunnel_creator_4_7": "Tunnelmaker",
	"item.mtr.tunnel_creator_4_9": "Tunnelmaker",
	"item.mtr.tunnel_creator_5_3": "Tunnelmaker",
	"item.mtr.tunnel_creator_5_5": "Tunnelmaker",
	"item.mtr.tunnel_creator_5_7": "Tunnelmaker",
	"item.mtr.tunnel_creator_5_9": "Tunnelmaker",
	"item.mtr.tunnel_creator_6_3": "Tunnelmaker",
	"item.mtr.tunnel_creator_6_5": "Tunnelmaker",
	"item.mtr.tunnel_creator_6_7": "Tunnelmaker",
	"item.mtr.tunnel_creator_6_9": "Tunnelmaker",
	"item.mtr.tunnel_wall_creator_4_3": "Tunnelmuurmaker",
	"item.mtr.tunnel_wall_creator_4_5": "Tunnelmuurmaker",
	"item.mtr.tunnel_wall_creator_4_7": "Tunnelmuurmaker",
	"item.mtr.tunnel_wall_creator_4_9": "Tunnelmuurmaker",
	"item.mtr.tunnel_wall_creator_5_3": "Tunnelmuurmaker",
	"item.mtr.tunnel_wall_creator_5_5": "Tunnelmuurmaker",
	"item.mtr.tunnel_wall_creator_5_7": "Tunnelmuurmaker",
	"item.mtr.tunnel_wall_creator_5_9": "Tunnelmuurmaker",
	"item.mtr.tunnel_wall_creator_6_3": "Tunnelmuurmaker",
	"item.mtr.tunnel_wall_creator_6_5": "Tunnelmuurmaker",
	"item.mtr.tunnel_wall_creator_6_7": "Tunnelmuurmaker",
	"item.mtr.tunnel_wall_creator_6_9": "Tunnelmuurmaker",
	"itemGroup.mtr.core": "Minecraft Transit Railway-kern",
	"itemGroup.mtr.escalators_lifts": "Roltrappen en Liften",
	"itemGroup.mtr.railway_facilities": "Spoorwegfaciliteiten",
	"itemGroup.mtr.station_building_blocks": "Stationsbouwblokken",
	"key.mtr.debug_1_negative": "Debug Veld 1 (Aftrekken)",
	"key.mtr.debug_1_positive": "Debug Veld 1 (Toevoegen)",
	"key.mtr.debug_2_negative": "Debug Veld 2 (Aftrekken)",
	"key.mtr.debug_2_positive": "Debug Veld 2 (Toevoegen)",
	"key.mtr.debug_3_negative": "Debug Veld 3 (Aftrekken)",
	"key.mtr.debug_3_positive": "Debug Veld 3 (Toevoegen)",
	"key.mtr.debug_cycle_negative": "Cyclusdebugcategorie (Achterwaarts)",
	"key.mtr.debug_cycle_positive": "Cyclusdebugcategorie (Voorwaarts)",
	"key.mtr.lift_menu": "Open Verdiepingsselectie",
	"key.mtr.train_accelerate": "Versnel voertuig",
	"key.mtr.train_brake": "Rem voertuig af",
	"key.mtr.train_toggle_doors": "Deuren in-/uitschakelen",
	"options.mtr.anonymous": "Anoniem",
	"options.mtr.dynamic_texture_resolution": "Dynamische textuurresolutie (hogere waarden kunnen crashen!)",
	"options.mtr.hide_special_rail_colors": "Verberg speciale spoorwegkleuren",
	"options.mtr.hide_translucent_parts": "Verberg transparante onderdelen op treinen",
	"options.mtr.language_options": "Taalweergave op borden",
	"options.mtr.language_options_0": "Standaard",
	"options.mtr.language_options_1": "Alleen CJK",
	"options.mtr.language_options_2": "Non-CJK",
	"options.mtr.off": "Uit",
	"options.mtr.on": "Aan",
	"options.mtr.shift_to_toggle_sitting": "Gebruik %s om te schakelen tussen zitten in voertuigen",
	"options.mtr.show_announcement_messages": "Toon \"volgend station\"-berichten in chat",
	"options.mtr.support_patreon": "Ondersteun de mod op Patreon!",
	"options.mtr.track_texture_offset": "Traceer textureverschuiving",
	"options.mtr.use_dynamic_fps": "Boost FPS dynamisch",
	"options.mtr.use_mtr_font": "Gebruik aangepaste MTR-lettertypen (werkt mogelijk niet op alle computers)",
	"options.mtr.use_tts_announcements": "Schakel \"volgende station\"-tekst-naar-spraakaankondigingen in",
	"options.mtr.vehicle_render_distance_ratio": "Voertuigrendering in verhouding met Minecraft renderafstand",
	"sign.mtr.airport": "Vliegveld",
	"sign.mtr.airport_arrivals": "Aankomst",
	"sign.mtr.airport_arrivals_cjk": "抵港",
	"sign.mtr.airport_cjk": "機場",
	"sign.mtr.airport_departures": "Vertrekken",
	"sign.mtr.airport_departures_cjk": "離港",
	"sign.mtr.airport_express": "Treinen naar luchthaven",
	"sign.mtr.airport_express_city": "Treinen naar stad",
	"sign.mtr.airport_express_city_cjk": "往市區列車",
	"sign.mtr.airport_express_cjk": "往機場列車",
	"sign.mtr.airport_transfer": "Stap over",
	"sign.mtr.airport_transfer_cjk": "轉機",
	"sign.mtr.baggage_claim": "Bagageophaling",
	"sign.mtr.baggage_claim_cjk": "提取行李",
	"sign.mtr.boat": "Veerboten",
	"sign.mtr.boat_cjk": "渡輪",
	"sign.mtr.cable_car": "Kabelbaan",
	"sign.mtr.cable_car_cjk": "纜車",
	"sign.mtr.check_in_passengers": "Check-in reizigers",
	"sign.mtr.check_in_passengers_cjk": "登機乘客",
	"sign.mtr.cross": "Geen toegang",
	"sign.mtr.cross_cjk": "不准進入",
	"sign.mtr.customer_service_centre": "Klantenservice",
	"sign.mtr.customer_service_centre_cjk": "客務中心",
	"sign.mtr.emergency_exit": "Nooduitgang",
	"sign.mtr.emergency_exit_cjk": "緊急出口",
	"sign.mtr.escalator_to_concourse_down": "Alleen voor Concourse",
	"sign.mtr.escalator_to_concourse_down_cjk": "直落大堂",
	"sign.mtr.escalator_to_concourse_up": "Alleen voor Concourse",
	"sign.mtr.escalator_to_concourse_up_cjk": "直上大堂",
	"sign.mtr.female": "Vrouwentoilet",
	"sign.mtr.female_cjk": "女洗手間",
	"sign.mtr.in_town_check_in": "In-stadcheck-in",
	"sign.mtr.in_town_check_in_cjk": "市區預辦登機",
	"sign.mtr.lift_1": "Lift",
	"sign.mtr.lift_1_cjk": "升降機",
	"sign.mtr.lift_2": "Lift",
	"sign.mtr.lift_2_cjk": "升降機",
	"sign.mtr.light_rail_1": "Lightrail",
	"sign.mtr.light_rail_1_cjk": "輕鐵",
	"sign.mtr.light_rail_2": "Lightrail",
	"sign.mtr.light_rail_2_cjk": "輕鐵",
	"sign.mtr.light_rail_3": "Lightrail",
	"sign.mtr.light_rail_3_cjk": "輕鐵",
	"sign.mtr.light_rail_4": "Lightrail",
	"sign.mtr.light_rail_4_cjk": "輕鐵",
	"sign.mtr.logo": "Minecraft Transit Railway",
	"sign.mtr.logo_cjk": "我的世界鐵路",
	"sign.mtr.male": "Mannentoilet",
	"sign.mtr.male_cjk": "男洗手間",
	"sign.mtr.platform": "Perron",
	"sign.mtr.platform_cjk": "月台",
	"sign.mtr.sp1900": "Treinen",
	"sign.mtr.sp1900_cjk": "列車",
	"sign.mtr.station": "Station",
	"sign.mtr.station_cjk": "車站",
	"sign.mtr.tickets": "Tickets",
	"sign.mtr.tickets_cjk": "車票",
	"sign.mtr.toilets": "Toiletten",
	"sign.mtr.toilets_cjk": "洗手間",
	"sign.mtr.train": "Treinen",
	"sign.mtr.train_cjk": "列車",
	"sign.mtr.train_old": "Treinen",
	"sign.mtr.train_old_cjk": "列車",
	"sign.mtr.wheelchair": "Toiletten",
	"sign.mtr.wheelchair_cjk": "洗手間",
	"sign.mtr.wifi": "Gratis wifihotspot",
	"sign.mtr.wifi_cjk": "免費Wi-Fi熱點",
	"sign.mtr.xrl_1": "Hogesnelheidslijn",
	"sign.mtr.xrl_1_cjk": "高速鐵路",
	"sign.mtr.xrl_2": "Hogesnelheidslijn",
	"sign.mtr.xrl_2_cjk": "高速鐵路",
	"sign.mtr.yellow_head_1": "Treinen",
	"sign.mtr.yellow_head_1_cjk": "火車",
	"sign.mtr.yellow_head_2": "Treinen",
	"sign.mtr.yellow_head_2_cjk": "火車",
	"tooltip.block.mtr.glass_fence_cio": "Stad 1",
	"tooltip.block.mtr.glass_fence_ckt": "Che Kung-tempel",
	"tooltip.block.mtr.glass_fence_heo": "Heng aan",
	"tooltip.block.mtr.glass_fence_mos": "Ma On Shan",
	"tooltip.block.mtr.glass_fence_plain": "Glazen ruit",
	"tooltip.block.mtr.glass_fence_shm": "Shek Mun",
	"tooltip.block.mtr.glass_fence_stained": "Gekleurde glazen ruit",
	"tooltip.block.mtr.glass_fence_stw": "Sha Tin Wai",
	"tooltip.block.mtr.glass_fence_tsh": "Tai Shui Hang",
	"tooltip.block.mtr.glass_fence_wks": "Wu Kai Sha",
	"tooltip.mtr.cable_car_node": "Geen platform en zijwaarden\nAlleen rechte verbindingen",
	"tooltip.mtr.cable_car_node_station": "Platforms en zijkanten kunnen worden gemaakt\nCurves kunnen worden gemaakt",
	"tooltip.mtr.pole_placement": "Moet bovenop een bestaande\n%s geplaatst worden",
	"tooltip.mtr.psd_apg_door": "Deurensectie",
	"tooltip.mtr.psd_apg_door_2": "Deurensectie",
	"tooltip.mtr.psd_apg_glass": "Glazen sectie",
	"tooltip.mtr.psd_apg_glass_2": "Glazen sectie",
	"tooltip.mtr.psd_apg_glass_end": "Glazen Eindsectie",
	"tooltip.mtr.rail_action_depth": "Diepte %s",
	"tooltip.mtr.rail_action_height": "Hoogte: %s",
	"tooltip.mtr.rail_action_width": "Breedte: %s",
	"tooltip.mtr.rail_speed_limit": "Snelheidslimiet: %s",
	"tooltip.mtr.railway_sign_even": "Oriëntatie: Even",
	"tooltip.mtr.railway_sign_length": "Lengte: %s",
	"tooltip.mtr.railway_sign_odd": "Oriëntatie: Oneven",
	"tooltip.mtr.selected_block": "Geselecteerd blok: %s",
	"tooltip.mtr.selected_material": "Geselecteerd materiaal: %s",
	"tooltip.mtr.shift_right_click_to_clear": "Houd %s ingedrukt en gebruik op|een %s om te resetten",
	"tooltip.mtr.shift_right_click_to_select_material": "Houd %s ingedrukt en gebruik op|een blok om materiaal te selecteren",
	"tooltip.mtr.station_color": "Kleur hangt af van het station",
	"tooltip.mtr.station_color_name": "Kleur en tekst zijn afhankelijk van het station",
	"train.mtr.a320": "Airbus A320",
	"train.mtr.a_train_ael": "CAF-luchthavenexpress",
	"train.mtr.a_train_ael_mini": "CAF-luchthavenexpress (mini)",
	"train.mtr.a_train_tcl": "CAF Tung Chung-lijn",
	"train.mtr.a_train_tcl_mini": "CAF Tung Chung-lijn (Mini)",
	"train.mtr.a_train_tcl_small": "CAF Tung Chung-lijn (klein)",
	"train.mtr.acacia_boat": "Acaciahouten boot",
	"train.mtr.birch_boat": "Berkenhouten boot",
	"train.mtr.br_423": "DB BR 423",
	"train.mtr.c1141a": "1141A / TML C-trein",
	"train.mtr.c1141a_mini": "1141A / TML C-trein (mini)",
	"train.mtr.c1141a_small": "1141A / TML C-trein (klein)",
	"train.mtr.c_train": "C-trein",
	"train.mtr.c_train_mini": "C-trein (mini)",
	"train.mtr.c_train_small": "C-trein (klein)",
	"train.mtr.class_377_southern": "British Rail Class 377 (Southern)",
	"train.mtr.class_802_gwr": "British Rail Class 802 (GWR)",
	"train.mtr.class_802_gwr_mini": "British Rail Class 802 (GWR, mini)",
	"train.mtr.class_802_tpe": "British Rail Class 802 (TPE)",
	"train.mtr.class_802_tpe_mini": "British Rail Class 802 (TPE, mini)",
	"train.mtr.cm_stock": "Metro-Cammelltrein (ongereviseerde M-trein)",
	"train.mtr.cm_stock_mini": "Metro-Cammelltrein (ongereviseerde M-trein, mini)",
	"train.mtr.cm_stock_small": "Metro-Cammelltrein (ongereviseerde M-trein, klein)",
	"train.mtr.dark_oak_boat": "Donkereikenhouten boot",
	"train.mtr.drl": "Disneyland Resortlijn-trein",
	"train.mtr.e44": "KCR E44 (geel hoofd)",
	"train.mtr.e44_mini": "KCR E44 (geel hoofd, mini)",
	"train.mtr.flying_minecart": "Vliegende mijnkar",
	"train.mtr.jungle_boat": "Junglehouten boot",
	"train.mtr.k_train": "K-trein",
	"train.mtr.k_train_ael": "K-trein Luchthavenexpress",
	"train.mtr.k_train_ael_mini": "K-trein Luchthavenexpress (mini)",
	"train.mtr.k_train_ael_small": "K-trein Luchthavenexpress (klein)",
	"train.mtr.k_train_mini": "K-trein (mini)",
	"train.mtr.k_train_small": "K-trein (klein)",
	"train.mtr.k_train_tcl": "K-trein Tung Chung-lijn",
	"train.mtr.k_train_tcl_mini": "K-trein Tung Chung-lijn (mini)",
	"train.mtr.k_train_tcl_small": "K-trein Tung Chung-lijn (klein)",
	"train.mtr.light_rail_1": "Lightrail (Fase 1)",
	"train.mtr.light_rail_1_orange": "Lightrail (Fase 1, oranje kleurstelling)",
	"train.mtr.light_rail_1_orange_rht": "Lightrail (Fase 1, oranje kleurstelling)",
	"train.mtr.light_rail_1_rht": "Lightrail (Fase 1)",
	"train.mtr.light_rail_1r": "Lightrail (Fase 1 Gereviseerd)",
	"train.mtr.light_rail_1r_old": "Lightrail (Fase 1 gereviseerd, blauwe kleurstelling)",
	"train.mtr.light_rail_1r_old_rht": "Lightrail (Fase 1 gereviseerd, blauwe kleurstelling)",
	"train.mtr.light_rail_1r_orange": "Lightrail (Fase 1 gereviseerd, blauwe kleurstelling)",
	"train.mtr.light_rail_1r_orange_rht": "Lightrail (Fase 1 gereviseerd, blauwe kleurstelling)",
	"train.mtr.light_rail_1r_rht": "Lightrail (Fase 1 Gereviseerd, RHT)",
	"train.mtr.light_rail_2": "Lightrail (Fase 2, LHT)",
	"train.mtr.light_rail_2r": "Lightrail (Fase 2, Gereviseerd, LHT)",
	"train.mtr.light_rail_2r_rht": "Lightrail (Fase 2 Gereviseerd, RHT)",
	"train.mtr.light_rail_2_orange": "Lightrail (Fase 2, oranje kleurstelling, LHT)",
	"train.mtr.light_rail_2_orange_rht": "Lightrail (Fase 2, oranje kleurstelling)",
	"train.mtr.light_rail_2_rht": "Lightrail (Fase 2)",
	"train.mtr.light_rail_3": "Lightrail (Fase 3)",
	"train.mtr.light_rail_3r": "Lightrail (Fase 3, Gereviseerd, LHT)",
	"train.mtr.light_rail_3r_rht": "Lightrail (Fase 3, Gereviseerd, RHT)",
	"train.mtr.light_rail_3_orange": "Lightrail (Fase 3, oranje kleurstelling)",
	"train.mtr.light_rail_3_orange_rht": "Lightrail (Fase 3, oranje kleurstelling)",
	"train.mtr.light_rail_3_rht": "Lightrail (Fase 3)",
	"train.mtr.light_rail_4": "Lightrail (Fase 4)",
	"train.mtr.light_rail_4_old": "Lightrail (Fase 4, oranje kleurstelling)",
	"train.mtr.light_rail_4_old_rht": "Lightrail (Fase 4, oranje kleurstelling)",
	"train.mtr.light_rail_4_orange": "Lightrail (Fase 4, oranje kleurstelling)",
	"train.mtr.light_rail_4_orange_rht": "Lightrail (Fase 4, oranje kleurstelling)",
	"train.mtr.light_rail_4_rht": "Lightrail (Fase 4)",
	"train.mtr.light_rail_5": "Lightrail (Fase 5)",
	"train.mtr.light_rail_5_old": "Lightrail (Fase 5, oranje kleurstelling)",
	"train.mtr.light_rail_5_old_rht": "Lightrail (Fase 5, oranje kleurstelling)",
	"train.mtr.light_rail_5_orange": "Lightrail (Fase 5, oranje kleurstelling)",
	"train.mtr.light_rail_5_orange_rht": "Lightrail (Fase 5, oranje kleurstelling)",
	"train.mtr.light_rail_5_rht": "Lichte Spoor (Phase 5, RHT)",
	"train.mtr.london_underground_1995": "Londen Underground type 1995",
	"train.mtr.london_underground_1996": "Londen Underground type 1996",
	"train.mtr.london_underground_d78": "Londen Underground type D78",
	"train.mtr.london_underground_d78_mini": "Londen Underground type D78 (mini)",
	"train.mtr.m_train": "M-trein",
	"train.mtr.m_train_mini": "M-trein (mini)",
	"train.mtr.m_train_small": "M-trein (klein)",
	"train.mtr.minecart": "Mijnkar",
	"train.mtr.mlr": "MLR-trein",
	"train.mtr.mlr_christmas": "MLR-trein Kersteditie",
	"train.mtr.mlr_christmas_mini": "MLR-trein Kersteditie (Mini)",
	"train.mtr.mlr_christmas_small": "MLR-trein Kersteditie (Klein)",
	"train.mtr.mlr_mini": "MLR-trein (mini)",
	"train.mtr.mlr_small": "MLR-trein (klein)",
	"train.mtr.mpl_85": "MPL 85",
	"train.mtr.ngong_ping_360_crystal": "Ngong Ping 360 Crystal Cabin (LHT)",
	"train.mtr.ngong_ping_360_crystal_rht": "Ngong Ping 360 Crystal Cabin (LHT)",
	"train.mtr.ngong_ping_360_crystal_plus": "Ngong Ping 360 Crystal+ Cabin (LHT)",
	"train.mtr.ngong_ping_360_crystal_plus_rht": "Ngong Ping 360 Crystal+ Cabin (RHT)",
	"train.mtr.ngong_ping_360_normal_light_blue": "Negen Ping 360 (Light Blue, LHT)",
	"train.mtr.ngong_ping_360_normal_light_blue_rht": "Negen Ping 360 (Light Blue, LHT)",
	"train.mtr.ngong_ping_360_normal_orange": "Negen Ping 360 (Light Blue, LHT)",
	"train.mtr.ngong_ping_360_normal_orange_rht": "Negen Ping 360 (Light Blue, LHT)",
	"train.mtr.ngong_ping_360_normal_red": "Negen Ping 360 (Light Blue, LHT)",
	"train.mtr.ngong_ping_360_normal_red_rht": "Negen Ping 360 (Light Blue, LHT)",
	"train.mtr.oak_boat": "Eikenhouten boot",
	"train.mtr.r179": "R179 (New Yorkse stadsmetro)",
	"train.mtr.r179_mini": "R179 (New Yorkse stadsmetro, mini)",
	"train.mtr.r211": "R211 (New Yorkse stadsmetro)",
	"train.mtr.r211_mini": "R211 (New Yorkse stadsmetro, mini)",
	"train.mtr.r211t": "R211T (New Yorkse stadsmetro)",
	"train.mtr.r211t_mini": "R211T (New Yorkse stadsmetro, mini)",
	"train.mtr.r_train": "R-trein",
	"train.mtr.r_train_mini": "R-trein (Mini)",
	"train.mtr.r_train_small": "R-Trein (Klein)",
	"train.mtr.s_train": "S-trein",
	"train.mtr.s_train_mini": "S-trein (mini)",
	"train.mtr.s_train_small": "S-trein (klein)",
	"train.mtr.sp1900": "SP1900",
	"train.mtr.sp1900_mini": "SP1900 (mini)",
	"train.mtr.sp1900_small": "SP1900 (klein)",
	"train.mtr.spruce_boat": "Sparrenhouten boot"
}
