{
	"block.minecraft.bedrock_slab": "Płyta z bedrocka",
	"block.minecraft.birch_wood_slab": "Brzozowa płyta",
	"block.minecraft.bone_block_slab": "Płyta z kości",
	"block.minecraft.chiseled_quartz_block_slab": "Rzeźbiony półblok kwarcu",
	"block.minecraft.chiseled_stone_bricks_slab": "Półblok rzeźbionych kamiennych cegieł",
	"block.minecraft.clay_slab": "Gliniana płyta",
	"block.minecraft.coal_ore_slab": "Półblok Rudy Węgla",
	"block.minecraft.concrete": "Beton",
	"block.minecraft.concrete_powder": "Cement",
	"block.minecraft.concrete_powder_slab": "Półblok cementu",
	"block.minecraft.concrete_slab": "Płyta betonowa",
	"block.minecraft.cracked_stone_bricks_slab": "Płyta z popękanej kamiennej cegły",
	"block.minecraft.gravel_slab": "Półblok żwiru",
	"block.minecraft.iron_block_slab": "Półblok żelaza",
	"block.minecraft.metal": "Blok metalu",
	"block.minecraft.metal_slab": "Metalowa Płyta",
	"block.minecraft.planks": "Drewniane deski",
	"block.minecraft.planks_slab": "Półblok desek",
	"block.minecraft.purpur_block_slab": "Płyta Bloku Purpura",
	"block.minecraft.purpur_pillar_slab": "Płyta z purpurowego filaru",
	"block.minecraft.quartz_block_slab": "Półblok kwarcu",
	"block.minecraft.quartz_bricks_slab": "Półblok kwarcowej cegły",
	"block.minecraft.quartz_pillar_slab": "Półblok kwarcowego filaru",
	"block.minecraft.snow_block_slab": "Półblok śniegu",
	"block.minecraft.stained_glass": "Barwione szkło",
	"block.minecraft.stained_glass_slab": "Półblok z barwionego szkła",
	"block.minecraft.stone_bricks_slab": "Półblok kamiennych cegieł",
	"block.minecraft.wool": "Wełna",
	"block.minecraft.wool_slab": "Półblok wełny",
	"block.mtr.airplane_node": "Węzeł (Samolot)",
	"block.mtr.apg_door": "Automatyczne drzwi peronowe",
	"block.mtr.apg_glass": "Automatyczne drzwi peronowe",
	"block.mtr.apg_glass_end": "Automatyczne drzwi peronowe",
	"block.mtr.arrival_projector_1_large": "Projektor przyjazdu (3x3)",
	"block.mtr.arrival_projector_1_medium": "Projektor przyjazdu (3x2)",
	"block.mtr.arrival_projector_1_small": "Projektor przyjazdu (1x1)",
	"block.mtr.boat_node": "Węzeł (Łódka)",
	"block.mtr.cable_car_node_lower": "Węzeł (Kolej linowa, Dolny)",
	"block.mtr.cable_car_node_station": "Węzeł stacji kolejki liniowej",
	"block.mtr.cable_car_node_upper": "Węzeł (Kolej linowa, Wysoki)",
	"block.mtr.ceiling": "Sufit",
	"block.mtr.ceiling_light": "Oświetlenie",
	"block.mtr.ceiling_no_light": "Sufit bez świata",
	"block.mtr.clock": "Zegar",
	"block.mtr.clock_pole": "Wydłużenie zegara",
	"block.mtr.escalator_side": "Ruchome schody",
	"block.mtr.escalator_step": "Ruchome schody",
	"block.mtr.glass_fence_cio": "Szklane ogrodzenie",
	"block.mtr.glass_fence_ckt": "Szklane ogrodzenie",
	"block.mtr.glass_fence_heo": "Szklane ogrodzenie",
	"block.mtr.glass_fence_mos": "Szklane ogrodzenie",
	"block.mtr.glass_fence_plain": "Szklane ogrodzenie",
	"block.mtr.glass_fence_shm": "Szklane ogrodzenie",
	"block.mtr.glass_fence_stained": "Szklane ogrodzenie",
	"block.mtr.glass_fence_stw": "Szklane ogrodzenie",
	"block.mtr.glass_fence_tsh": "Szklane ogrodzenie",
	"block.mtr.glass_fence_wks": "Szklane ogrodzenie",
	"block.mtr.lift_buttons_1": "Przyciski windy",
	"block.mtr.lift_door_1": "Drzwi windy",
	"block.mtr.lift_door_odd_1": "Drzwi windy",
	"block.mtr.lift_panel_even_1": "Wyświetlacz windy",
	"block.mtr.lift_panel_even_2": "Panel wyświetlacza windy",
	"block.mtr.lift_panel_odd_1": "Panel wyświetlacza windy",
	"block.mtr.lift_panel_odd_2": "Panel wyświetlacza windy",
	"block.mtr.lift_track_1": "Szyna windy",
	"block.mtr.lift_track_floor_1": "Szyna windy (piętro)",
	"block.mtr.logo": "Logo MTR",
	"block.mtr.marble_blue": "Niebieski Marmur",
	"block.mtr.marble_blue_slab": "Płyta z niebieskiego marmuru",
	"block.mtr.marble_sandy": "Piaszczysty Marmur",
	"block.mtr.marble_sandy_slab": "Płyta z piaszczystego marmuru",
	"block.mtr.metal": "Metal",
	"block.mtr.metal_slab": "Metalowa płyta",
	"block.mtr.pids_1": "System wyświetlania informacji dla pasażerów",
	"block.mtr.pids_2": "System wyświetlania informacji dla pasażerów",
	"block.mtr.pids_3": "System wyświetlania informacji dla pasażerów",
	"block.mtr.pids_pole": "Słup do PIDS",
	"block.mtr.platform": "Peron (Hong Kong)",
	"block.mtr.platform_indented": "Peron (Hong Kong)",
	"block.mtr.platform_na_1": "Peron (Ameryka Północna)",
	"block.mtr.platform_na_1_indented": "Peron (Ameryka Północna)",
	"block.mtr.platform_na_2": "Peron (Ameryka Północna)",
	"block.mtr.platform_na_2_indented": "Peron (Ameryka Północna)",
	"block.mtr.platform_uk_1": "Peron (Wielka Brytania)",
	"block.mtr.platform_uk_1_indented": "Peron (Wielka Brytania)",
	"block.mtr.psd_door": "Drzwi Ekranowe Peronu",
	"block.mtr.psd_door_2": "Drzwi Ekranowe Peronu",
	"block.mtr.psd_glass": "Drzwi Ekranowe Peronu",
	"block.mtr.psd_glass_2": "Drzwi Ekranowe Peronu",
	"block.mtr.psd_glass_end": "Drzwi Ekranowe Peronu",
	"block.mtr.psd_glass_end_2": "Drzwi Ekranowe Peronu",
	"block.mtr.psd_top": "Drzwi Ekranowe Peronu",
	"block.mtr.rail": "Węzeł (tory)",
	"block.mtr.railway_sign": "Znak kolejowy",
	"block.mtr.railway_sign_pole": "Słup znaku kolejowego",
	"block.mtr.route_sign_standing_light": "Znak Trasy (Światło stojące)",
	"block.mtr.route_sign_standing_metal": "Znak Trasy (Stojący Metal)",
	"block.mtr.route_sign_wall_light": "Znak Trasy (Światło Ścienne)",
	"block.mtr.route_sign_wall_metal": "Znak Trasy (Metal Ścienny)",
	"block.mtr.rubbish_bin_1": "Kosz na śmieci",
	"block.mtr.signal_light_1": "Sygnał świetlny (2 światła)",
	"block.mtr.signal_light_2": "Sygnał świetlny (2 światła, dwustronny)",
	"block.mtr.signal_light_3": "Sygnał świetlny (2 światła)",
	"block.mtr.signal_light_3_aspect_1": "Sygnał świetlny (3 światła)",
	"block.mtr.signal_light_3_aspect_2": "Sygnał świetlny (3 światła, dwustronny)",
	"block.mtr.signal_light_4": "Sygnał świetlny (2 światła, dwustronny)",
	"block.mtr.signal_light_4_aspect_1": "Sygnał świetlny (4 światła)",
	"block.mtr.signal_light_4_aspect_2": "Sygnał świetlny (4 światła, dwustronny)",
	"block.mtr.signal_pole": "Słup sygnałowy",
	"block.mtr.signal_semaphore_1": "Semafor",
	"block.mtr.signal_semaphore_2": "Sygnał semaforowy (dwustronny)",
	"block.mtr.station_name_entrance": "Nazwa Stacji (Wejście)",
	"block.mtr.station_name_tall_block": "Nazwa Stacji (Wysoki Blok)",
	"block.mtr.station_name_tall_block_double_sided": "Nazwa Stacji (Wysoki blok, dwustronny)",
	"block.mtr.station_name_tall_wall": "Nazwa Stacji (Wysoki tekst na ścianie)",
	"block.mtr.station_name_wall": "Nazwa Stacji (tekst ścienny, biały)",
	"block.mtr.station_name_wall_black": "Nazwa Stacji (tekst ścienny, czarny)",
	"block.mtr.station_name_wall_gray": "Nazwa Stacji (tekst ścienny, szary)",
	"block.mtr.station_pole": "Słup koloru stacji",
	"block.mtr.tactile_map": "Mapa dotykowa",
	"block.mtr.ticket_barrier_entrance_1": "Bramka Biletowa (Wejście)",
	"block.mtr.ticket_barrier_exit_1": "Bramka Biletowa (Wyjście)",
	"block.mtr.ticket_machine": "Automat biletowy",
	"block.mtr.ticket_processor": "Biletomat",
	"block.mtr.ticket_processor_enquiry": "Procesor balansu",
	"block.mtr.ticket_processor_entrance": "Biletomat (Wejście)",
	"block.mtr.ticket_processor_exit": "Biletomat (Wyjście)",
	"block.mtr.train_announcer": "Ogłaszacz",
	"block.mtr.train_cargo_loader": "Ładowarka ładunków",
	"block.mtr.train_cargo_unloader": "Wyładowarka ładunków",
	"block.mtr.train_schedule_sensor": "Czujnik rozkładu jazdy",
	"block.mtr.train_sensor": "Sensor pociągu na redstone",
	"category.mtr.keybinding": "Klawisze Minecraft Transit Railway",
	"entity.mtr.seat": "",
	"gui.mtr.acceleration": "Przyspieszenie pojazdu",
	"gui.mtr.add_balance_for_emeralds": "Dodaj $%s za %s szmaragd(y)",
	"gui.mtr.add_depot": "Dodaj zajezdnie",
	"gui.mtr.add_exit": "Dodaj wyjście ze stacji",
	"gui.mtr.add_exit_destination": "Dodaj cel wyjścia",
	"gui.mtr.add_route": "Dodaj Trasę",
	"gui.mtr.add_station": "Dodaj Stację",
	"gui.mtr.add_value": "Dodaj Wartość",
	"gui.mtr.already_entered": "Stacja została już wprowadzona",
	"gui.mtr.already_exited": "Nie znaleziono wpisów",
	"gui.mtr.announcement_message": "Wiadomość zapowiadająca",
	"gui.mtr.anticlockwise_to": "W kierunku przeciwnym do wskazówek zegara \ndo %s",
	"gui.mtr.anticlockwise_to_cjk": "W kierunku przeciwnym do wskazówek zegara do %s",
	"gui.mtr.anticlockwise_via": "W kierunku przeciwnym do wskazówek zegara przez %s",
	"gui.mtr.anticlockwise_via_cjk": "W kierunku przeciwnym do wskazówek zegara przez %s",
	"gui.mtr.arrival_car": "Zawiera %s wagonów",
	"gui.mtr.arrival_car_cjk": "Zawiera %s wagonów",
	"gui.mtr.arrival_min": "%s min",
	"gui.mtr.arrival_min_cjk": "Zawiera %s wagonów",
	"gui.mtr.arrival_sec": "%s s",
	"gui.mtr.arrival_sec_cjk": "%s 秒",
	"gui.mtr.automatically_detect_nearby_platform": "Automatycznie wykryj pobliski peron",
	"gui.mtr.available": "Dostępne",
	"gui.mtr.available_model_parts": "Dostępne części modelu",
	"gui.mtr.balance": "Saldo: $%s",
	"gui.mtr.cable_car_invalid_orientation": "Nieprawidłowe podłączenie kabla",
	"gui.mtr.cars_to_spawn": "Pojazdy do utworzenia: %s",
	"gui.mtr.clear_vehicles": "Wyczyść pojazdy",
	"gui.mtr.clockwise_to": "W kierunku wskazówek zegara do %s",
	"gui.mtr.clockwise_to_cjk": "W kierunku wskazówek zegara do %s",
	"gui.mtr.clockwise_via": "W kierunku wskazówek zegara przez %s",
	"gui.mtr.clockwise_via_cjk": "W kierunku wskazówek zegara przez %s",
	"gui.mtr.color": "Kolor",
	"gui.mtr.comma": ", ",
	"gui.mtr.comma_cjk": "、",
	"gui.mtr.comma_last": " i ",
	"gui.mtr.comma_last_cjk": "albo",
	"gui.mtr.connecting_station_interchange_announcement_part": "%1$s na stacji %2$s",
	"gui.mtr.connecting_station_interchange_announcement_part_cjk": "Możliwość przesiadki na stację%2$s przez stację%1$s",
	"gui.mtr.connecting_station_part": "Pasażerowie mogą przesiąść się do %s.",
	"gui.mtr.connecting_station_part_cjk": "乘客可在該站%s。",
	"gui.mtr.cruising_altitude": "Wysokość przelotowa",
	"gui.mtr.custom_destination_suggestion": "Miejsce docelowe (\\r resetuje)",
	"gui.mtr.custom_resources_export_resource_pack": "Eksportuj paczkę zasobów",
	"gui.mtr.custom_resources_gangway_connection_id": "ID Połączenia Trapowego",
	"gui.mtr.custom_resources_id": "ID",
	"gui.mtr.custom_resources_name": "Nazwa",
	"gui.mtr.custom_resources_rider_offset": "Przesunięcie Pasażera: %s",
	"gui.mtr.custom_resources_train_barrier_id": "ID Bariery Pociągu",
	"gui.mtr.delete_confirmation": "Na pewno chcesz usunąć %s?",
	"gui.mtr.depot_color": "Kolor zajezdni",
	"gui.mtr.depot_name": "Nazwa zajezdni",
	"gui.mtr.depots": "Zajezdnie",
	"gui.mtr.disable_next_station_announcements": "Wyłącz powiadomienia o następnej stacji",
	"gui.mtr.dismount_hold": "Przytrzymaj %s, żeby wymusić zejście: %s",
	"gui.mtr.display_page": "Numer strony",
	"gui.mtr.door_animation_type_bouncy_1": "Drzwi: sprężyste (1)",
	"gui.mtr.door_animation_type_bouncy_2": "Drzwi: sprężyste (2)",
	"gui.mtr.door_animation_type_constant": "Drzwi: stałe",
	"gui.mtr.door_animation_type_mlr": "Drzwi: MLR",
	"gui.mtr.door_animation_type_plug_fast": "Drzwi: Szybka wtyczka",
	"gui.mtr.door_animation_type_plug_slow": "Drzwi: Wolna wtyczka",
	"gui.mtr.door_animation_type_r179": "Drzwi: R179",
	"gui.mtr.door_animation_type_r211": "Drzwi: R211",
	"gui.mtr.door_animation_type_standard": "Drzwi: Standardowe",
	"gui.mtr.door_animation_type_standard_slow": "Drzwi: Wolne",
	"gui.mtr.drag_file_to_upload": "Przeciągnij plik do przesłania",
	"gui.mtr.dwell_time": "Czas postoju pojazdu",
	"gui.mtr.edit_area": "Kliknij i przeciągnij, aby narysować obszar.",
	"gui.mtr.edit_instructions": "Edytuj Instrukcje",
	"gui.mtr.edit_route": "Kliknij na stację, aby ją dodać do trasy.",
	"gui.mtr.editing_part": "Edytowanie: %s",
	"gui.mtr.emeralds": "Szmaragdy: %s",
	"gui.mtr.enter_barrier": "Wprowadzono %s - Saldo: $%s",
	"gui.mtr.exit_barrier": "Wyjście %s - Taryfa: $%s - Saldo: $%s",
	"gui.mtr.exit_destinations": "Cel Wyjścia",
	"gui.mtr.exit_parents": "Wyjścia stacji",
	"gui.mtr.file_model": "Plik Blockbench",
	"gui.mtr.file_properties": "Plik Properties (Opcjonalne)",
	"gui.mtr.file_texture": "Plik Tekstury",
	"gui.mtr.file_upload": "Prześlij...",
	"gui.mtr.filtered_platforms": "Filtrowane perony (%s)",
	"gui.mtr.filtered_routes": "Filtrowane trasy (%s)",
	"gui.mtr.filtered_routes_condition": "Tylko pojazdy kursujące na następujących trasach aktywują ten blok",
	"gui.mtr.filtered_routes_empty": "Wszystkie pojazdy aktywują ten blok",
	"gui.mtr.game_time": "Czas gry",
	"gui.mtr.generate_map": "Generuj Mapę Trasy",
	"gui.mtr.generating_path": "Generowanie ścieżki",
	"gui.mtr.hide_arrival": "Ukryj przyjazdy",
	"gui.mtr.insufficient_balance": "Niewystarczające saldo ($%s)",
	"gui.mtr.interchange_announcement": "Stacja przesiadkowa dla %s.",
	"gui.mtr.interchange_announcement_cjk": "乘客可以轉乘%s。",
	"gui.mtr.invalid_orientation": "Nie można połączyć szyny; nieprawidłowa orientacja",
	"gui.mtr.is_anticlockwise_route": "Jest trasą okrężną przeciwną do wskazówek zegara",
	"gui.mtr.is_clockwise_route": "Jest trasą okrężną w kierunku wskazówek zegara",
	"gui.mtr.is_light_rail_route": "Posiada numer trasy",
	"gui.mtr.is_manual": "Pojazd nadający się do kierowania",
	"gui.mtr.is_route_hidden": "Ukryj trasę",
	"gui.mtr.last_airplane_station": "Ten lot odbywa się do %s",
	"gui.mtr.last_airplane_station_cjk": "Ten samolot terminuje na lotnisku %s",
	"gui.mtr.last_boat_station": "Ten statek płynie do %s",
	"gui.mtr.last_boat_station_cjk": "Ten statek płynie do%s",
	"gui.mtr.last_cable_car_station": "Ta kolejka jedzie do %s",
	"gui.mtr.last_cable_car_station_cjk": "Ta kolejka jedzie do %s",
	"gui.mtr.last_train_station": "Ten pociąg jedzie do %s",
	"gui.mtr.last_train_station_cjk": "Ten pociąg jedzie do %s",
	"gui.mtr.left": "Lewo",
	"gui.mtr.lift_buttons_locked": "Przyciski zablokowane",
	"gui.mtr.lift_buttons_unlocked": "Przyciski odblokowane",
	"gui.mtr.lift_floor_description": "Opis",
	"gui.mtr.lift_floor_number": "Numer Piętra",
	"gui.mtr.lift_is_double_sided": "Dwustronne",
	"gui.mtr.lift_should_ding": "Odtwórz dźwięk \"Ding\"",
	"gui.mtr.lift_style": "Styl: %s",
	"gui.mtr.lift_style_opaque": "Nieprzezroczyste",
	"gui.mtr.lift_style_transparent": "Przezroczyste",
	"gui.mtr.lift_track_required": "Wymagany tor windy",
	"gui.mtr.light_rail_route_announcement": "To jest trasa %s do %s.",
	"gui.mtr.light_rail_route_announcement_cjk": "To jest linia %s do %s",
	"gui.mtr.light_rail_route_number": "Numer trasy",
	"gui.mtr.london_train_interchange_announcement": "Przesiądź się tutaj do %s.",
	"gui.mtr.london_train_interchange_announcement_cjk": "乘客可在該站轉乘%s。",
	"gui.mtr.london_train_next_station_announcement": "Następna stacja: %s.",
	"gui.mtr.london_train_next_station_announcement_cjk": "Następna stacja: %s。",
	"gui.mtr.london_train_route_announcement": "To jest pociąg %s kończący bieg na %s.",
	"gui.mtr.london_train_route_announcement_cjk": "本班為%s列車前往%s。",
	"gui.mtr.london_train_terminating_announcement": "Ten pociąg bieg.",
	"gui.mtr.london_train_terminating_announcement_cjk": "列車以本站為終點站。",
	"gui.mtr.london_train_this_station_announcement": "Stacja: %s.",
	"gui.mtr.london_train_this_station_announcement_cjk": "本站是%s。",
	"gui.mtr.manual_to_automatic_time": "Limit czasu jazdy",
	"gui.mtr.max_manual_speed": "Prędkość maksymalna",
	"gui.mtr.max_vehicles": "Maksymalna liczba pojazdów na bocznicę",
	"gui.mtr.mismatched_versions": "Zaktualizuj modyfikacje Minecraft Transit Railway i spróbuj ponownie.",
	"gui.mtr.mismatched_versions_server_version": "Wersja serwera: %s",
	"gui.mtr.mismatched_versions_your_version": "Twoja wersja: %s",
	"gui.mtr.moving_only": "Tylko pojazdy poruszające się",
	"gui.mtr.mtr_options": "Opcje modyfikacji Minecraft Transit Railway",
	"gui.mtr.name": "Nazwa",
	"gui.mtr.next_departure": "Szacowany następny odjazd: %s",
	"gui.mtr.next_departure_none": "Brak zaplanowanych odjazdów",
	"gui.mtr.next_route_airplane_announcement": "Ten lot zostanie zmieniony na lot linii %s do %s.",
	"gui.mtr.next_route_airplane_announcement_cjk": "本航班會改為%s前往%s。",
	"gui.mtr.next_route_boat_announcement": "Ten statek zostanie zmieniony na %s do %s.",
	"gui.mtr.next_route_boat_announcement_cjk": "Ten statek zostanie zmieniony na %s do %s",
	"gui.mtr.next_route_boat_light_rail_announcement": "Ta trasa zostanie zmieniona na trasę %s. Pasażerowie do %s, proszę wybierzcie ten statek.",
	"gui.mtr.next_route_boat_light_rail_announcement_cjk": "Ten prom zmieni trasę na %s. Pasażerowie udający się na stacje po drodze do %s mogą skorzystać z tego promu",
	"gui.mtr.next_route_cable_car_announcement": "Trasa kolejki zostanie zmieniona na %s do %s.",
	"gui.mtr.next_route_cable_car_announcement_cjk": "Ta kolejka pojedzie do %s zamiast %s",
	"gui.mtr.next_route_train_announcement": "Ten pociąg zostanie zmieniony na %s do %s.",
	"gui.mtr.next_route_train_announcement_cjk": "Ten pociąg zostanie zmieniony na %s do %s",
	"gui.mtr.next_route_train_light_rail_announcement": "Ta linia zostanie zmieniona na linie %s. Pasażerowie jadący do %s, prosze wybrać ten pociąg.",
	"gui.mtr.next_route_train_light_rail_announcement_cjk": "本班車會改為%s路綫。前往%s沿途各站之乘客，可乘本列車。",
	"gui.mtr.next_station": "Następna stacja to %s",
	"gui.mtr.next_station_announcement": "Następna stacja: %s.",
	"gui.mtr.next_station_announcement_cjk": "下一站：%s。",
	"gui.mtr.next_station_cjk": "Następna stacja to %s",
	"gui.mtr.next_station_light_rail_announcement": "Następny przystanek: %s.",
	"gui.mtr.next_station_light_rail_announcement_cjk": "下一站：%s。",
	"gui.mtr.no_lift_tracks_floor_found": "Nie znaleziono toru piętr windy",
	"gui.mtr.offset_x": "Przesunięcie X: %s",
	"gui.mtr.offset_y": "Przesunięcie Y: %s",
	"gui.mtr.offset_z": "Przesunięcie Z: %s",
	"gui.mtr.part_blacklisted_cars": "Zablokowane Wagony",
	"gui.mtr.part_display_cjk_size_ratio": "Rozmiar CJK: %s",
	"gui.mtr.part_display_force_single_line": "Wymuś pojedynczą linię",
	"gui.mtr.part_display_force_upper_case": "Wymuś wielkie litery",
	"gui.mtr.part_display_should_scroll": "Przewijany tekst",
	"gui.mtr.part_display_text_color": "Kolor",
	"gui.mtr.part_display_text_color_cjk": "Kolor CJK/nie CJK",
	"gui.mtr.part_display_type_destination": "Typ: Miejsce docelowe",
	"gui.mtr.part_display_type_next_station_kcr": "Typ: Następna stacja (KCR)",
	"gui.mtr.part_display_type_next_station_mtr": "Typ: Następna stacja (MTR)",
	"gui.mtr.part_display_type_next_station_plain": "Typ: Następna stacja",
	"gui.mtr.part_display_type_next_station_uk": "Typ: Następna stacja (UK)",
	"gui.mtr.part_display_type_route_number": "Typ: Numer trasy",
	"gui.mtr.part_display_x_padding": "Odchylenie X: %s",
	"gui.mtr.part_display_y_padding": "Odchylenie Y: %s",
	"gui.mtr.part_door_offset_left_negative": "Wyrównanie drzwi: -Lewo",
	"gui.mtr.part_door_offset_left_positive": "Wyrównanie drzwi: +Lewo",
	"gui.mtr.part_door_offset_none": "Wyrównanie drzwi: Brak",
	"gui.mtr.part_door_offset_right_negative": "Wyrównanie drzwi: -Prawo",
	"gui.mtr.part_door_offset_right_positive": "Wyrównanie drzwi: +Prawo",
	"gui.mtr.part_is_display": "Jest wyświetlany",
	"gui.mtr.part_mirror": "Lustrzane",
	"gui.mtr.part_positions": "Pozycje",
	"gui.mtr.part_render_condition_all": "Renderuj: Zawsze",
	"gui.mtr.part_render_condition_door_left_closed": "Renderuj: Lewe Drzwi Zamknięte",
	"gui.mtr.part_render_condition_door_left_open": "Renderuj: Lewe Drzwi Otwarte",
	"gui.mtr.part_render_condition_door_right_closed": "Renderuj: Prawe Drzwi Zamknięte",
	"gui.mtr.part_render_condition_door_right_open": "Renderuj: Prawe Drzwi Otwarte",
	"gui.mtr.part_render_condition_doors_closed": "Renderuj: Drzwi Zamknięte",
	"gui.mtr.part_render_condition_doors_open": "Renderuj: Drzwi Otwarte",
	"gui.mtr.part_render_condition_moving_backwards": "Renderuj: Ruch wstecz",
	"gui.mtr.part_render_condition_moving_forwards": "Renderuj: Ruch wprzód",
	"gui.mtr.part_skip_rendering_if_too_far": "Schowaj jeżeli daleko",
	"gui.mtr.part_stage_always_on_lights": "Światła (Zawsze Włączone)",
	"gui.mtr.part_stage_exterior": "Zewnętrze",
	"gui.mtr.part_stage_interior": "Wnętrze",
	"gui.mtr.part_stage_interior_translucent": "Wnętrze (półprzezroczysty)",
	"gui.mtr.part_stage_lights": "Światła",
	"gui.mtr.part_whitelisted_cars": "Dozwolone Wagony",
	"gui.mtr.path_found": "Pomyślnie utworzono droge",
	"gui.mtr.path_not_found_between": "Nie znaleziono drogi|>%s|pomiędzy|>%s|i|>%s|",
	"gui.mtr.path_not_generated": "Nie wygenerowano drogi",
	"gui.mtr.percentage_complete_bridge": "Budowanie mostu (%s%%)",
	"gui.mtr.percentage_complete_tunnel": "Budowanie tunelu (%s%%)",
	"gui.mtr.percentage_complete_tunnel_wall": "Budowanie ściany tunelu (%s%%)",
	"gui.mtr.pids_message": "Niestandardowa wiadomość PIDS",
	"gui.mtr.platform": "Peron %s",
	"gui.mtr.platform_number": "Peron Numer",
	"gui.mtr.platform_or_siding_exists": "Każdy węzeł kolejowy może być podłączony tylko do jedngo peronu lub bocznicy",
	"gui.mtr.press_to_select_floor": "Wciśnij %s żeby wybrać piętro",
	"gui.mtr.psd_apg_door_locked": "Drzwi zablokowane",
	"gui.mtr.psd_apg_door_unlocked": "Drzwi odblokowane",
	"gui.mtr.radius_too_small": "Nie można połączyć toru; odległość minimalna to 2",
	"gui.mtr.rail_action_bridge": "Most przez %s (%s bloków długo, %s)",
	"gui.mtr.rail_action_tunnel": "Tunel przez %s (%s bloków długo)",
	"gui.mtr.rail_action_tunnel_wall": "Ściana tunelu przez %s (%s bloków długo, %s)",
	"gui.mtr.rail_actions": "Bieżące operacje budowy",
	"gui.mtr.rail_actions_button": "Operacje...",
	"gui.mtr.rail_not_found": "Nie można utworzyć sygnału; nie znaleziono toru",
	"gui.mtr.rail_not_found_action": "Nie można wykonać działania; nie znaleziono torów",
	"gui.mtr.refresh_path": "Odśwież ścieżkę",
	"gui.mtr.repeat_indefinitely": "Zawsze Powtarzaj Instrukcje",
	"gui.mtr.reset_sign": "Wyczyść",
	"gui.mtr.right": "Prawy",
	"gui.mtr.rotate_anticlockwise": "Obróć przeciwnie do ruchu wskazówek zegara",
	"gui.mtr.rotate_clockwise": "Obróć zgodnie z ruchem wskazówek zegara",
	"gui.mtr.route_color": "Kolor trasy",
	"gui.mtr.route_name": "Nazwa linii",
	"gui.mtr.route_type_boat_high_speed": "Typ: Szybki prom",
	"gui.mtr.route_type_boat_light_rail": "Typ: Rejs",
	"gui.mtr.route_type_boat_normal": "Typ: Prom",
	"gui.mtr.route_type_train_high_speed": "Typ: Wysoka prędkość",
	"gui.mtr.route_type_train_light_rail": "Typ: Lekka kolej",
	"gui.mtr.route_type_train_normal": "Typ: Normalny",
	"gui.mtr.routes": "Trasy",
	"gui.mtr.s": "s",
	"gui.mtr.schedule_mode_real_time_off": "Zaplanowany: Czas Minecrafta",
	"gui.mtr.schedule_mode_real_time_on": "Zaplanowany: Czas realny",
	"gui.mtr.search": "Wyszukaj",
	"gui.mtr.select_all_platforms": "Pokaż przyjazdy ze wszystkich peronów",
	"gui.mtr.selected": "Wybrany",
	"gui.mtr.selected_vehicle": "Wybrany pojazd",
	"gui.mtr.separator": "/",
	"gui.mtr.separator_cjk": "/",
	"gui.mtr.settings": "Ustawienia",
	"gui.mtr.siding_number": "Numer bocznicy",
	"gui.mtr.sidings_in_depot": "Ilość bocznic w tej zajezdni: %s",
	"gui.mtr.sound_file": "Plik dźwiękowy",
	"gui.mtr.station": "%s stacja",
	"gui.mtr.station_cjk": "%s stacja",
	"gui.mtr.station_color": "Kolor stacji",
	"gui.mtr.station_name": "Nazwa stacji",
	"gui.mtr.stations": "Stacja",
	"gui.mtr.stopped_only": "Tylko zatrzymane pojazdy",
	"gui.mtr.support": "Wsparcie",
	"gui.mtr.this_station": "Ta stacja to %s",
	"gui.mtr.this_station_cjk": "本站是%s",
	"gui.mtr.to": "Do %s",
	"gui.mtr.to_cjk": "Do %s",
	"gui.mtr.tph": "/godz",
	"gui.mtr.train_schedule_sensor": "Opóźnienie po przyjeździe",
	"gui.mtr.transport_mode_airplane": "Typ: Samolot",
	"gui.mtr.transport_mode_boat": "Rodzaj: Łódź",
	"gui.mtr.transport_mode_cable_car": "Rodzaj: Kolejka Linowa",
	"gui.mtr.transport_mode_train": "Rodzaj: Pociąg",
	"gui.mtr.unlimited": "Nielimitowany",
	"gui.mtr.unlimited_vehicles": "Nielimitowane pojazdy",
	"gui.mtr.untitled": "Bez nazwy",
	"gui.mtr.use_time_and_wind_sync": "Automatycznie synchronizuj czas używając moda Time & Wind",
	"gui.mtr.used_model_parts": "Wykorzystane części modela",
	"gui.mtr.vehicle_brightness": "Jasność: %s%%",
	"gui.mtr.vehicle_cars": "Wagony: %s",
	"gui.mtr.vehicle_direction_backwards": "Kierunek: Wstecz",
	"gui.mtr.vehicle_direction_forwards": "Kierunek: Przód",
	"gui.mtr.vehicle_door_max": "Drzwi: %s",
	"gui.mtr.vehicle_length": "Długość: %s",
	"gui.mtr.vehicle_speed": "Prędkość: %s m/s (%s km/h)",
	"gui.mtr.vehicle_width": "Szerokość: %s",
	"gui.mtr.vehicles_per_hour": "Pojazdy na godzinę",
	"gui.mtr.welcome_station": "Witaj na %s Stacji.",
	"gui.mtr.welcome_station_cjk": "Witamy w stacji %s",
	"gui.mtr.zone": "Strefa taryfowa",
	"gui.mtr.zone_number": "Strefa %s",
	"item.mtr.apg_door": "Automatyczne bramy peronowe",
	"item.mtr.apg_glass": "Automatyczne bramy peronowe",
	"item.mtr.apg_glass_end": "Automatyczne bramy peronowe",
	"item.mtr.bridge_creator_3": "Kreator mostu",
	"item.mtr.bridge_creator_5": "Kreator mostu",
	"item.mtr.bridge_creator_7": "Kreator mostu",
	"item.mtr.bridge_creator_9": "Kreator mostu",
	"item.mtr.brush": "konfigurator",
	"item.mtr.dashboard": "Panel Kolejowy",
	"item.mtr.dashboard_2": "Panel Łodzi",
	"item.mtr.dashboard_3": "Panel Kolejki Linowej",
	"item.mtr.dashboard_4": "Pulpit lotu",
	"item.mtr.driver_key": "Klucz Kierowcy",
	"item.mtr.escalator": "Ruchome schody",
	"item.mtr.lift_buttons_link_connector": "Łącze guzików do windy",
	"item.mtr.lift_buttons_link_remover": "Usuwacz łącza do guzików do windy",
	"item.mtr.lift_door_1": "Drzwi od windy",
	"item.mtr.lift_door_odd_1": "Drzwi od windy",
	"item.mtr.lift_refresher": "Odświeżacz windy",
	"item.mtr.psd_door": "Drzwi Ekranowe Peronu",
	"item.mtr.psd_door_2": "Drzwi Ekranowe Peronu",
	"item.mtr.psd_glass": "Drzwi Ekranowe Peronu",
	"item.mtr.psd_glass_2": "Drzwi Ekranowe Peronu",
	"item.mtr.psd_glass_end": "Drzwi Ekranowe Peronu",
	"item.mtr.psd_glass_end_2": "Drzwi Ekranowe Peronu",
	"item.mtr.rail_connector_120": "Obsydianowe Złącze Szynowe",
	"item.mtr.rail_connector_120_one_way": "Złącze szyn obsydianowych (jedno kierunkowe)",
	"item.mtr.rail_connector_160": "Płomienne Złącze Szynowe",
	"item.mtr.rail_connector_160_one_way": "Złącze szyn płomiennych (jedno kierunkowe)",
	"item.mtr.rail_connector_20": "Drewniane złącze szynowe",
	"item.mtr.rail_connector_200": "Kwarcowe Złącze Szynowe",
	"item.mtr.rail_connector_200_one_way": "Złącze szyn kwarcowych (jedno kierunkowe)",
	"item.mtr.rail_connector_20_one_way": "Złącze szyn drewnianych (jedno kierunkowe)",
	"item.mtr.rail_connector_300": "Diamentowe Złącze Szynowe",
	"item.mtr.rail_connector_300_one_way": "Złącze szyn diamentowych (jedno kierunkowe)",
	"item.mtr.rail_connector_40": "Kamienne Złącze Szynowe",
	"item.mtr.rail_connector_40_one_way": "Złącze szyn kamiennych (jedno kierunkowe)",
	"item.mtr.rail_connector_60": "Szmaragdowe Złącze Szynowe",
	"item.mtr.rail_connector_60_one_way": "Złącze szyn szmaragdowych (jedno kierunkowe)",
	"item.mtr.rail_connector_80": "Żelazne Złącze Szynowe",
	"item.mtr.rail_connector_80_one_way": "Złącze szyn żelaznych (jedno kierunkowe)",
	"item.mtr.rail_connector_cable_car": "Złącze kolejki linowej",
	"item.mtr.rail_connector_platform": "Złącze Szyn z Peronem",
	"item.mtr.rail_connector_runway": "Łącznik szynowy pasa startowego",
	"item.mtr.rail_connector_siding": "Bocznicowe złączenie szynowe",
	"item.mtr.rail_connector_turn_back": "Złącze szynowe do przełączenia torów (do tyłu)",
	"item.mtr.rail_remover": "Demontowanie Szyn",
	"item.mtr.resource_pack_creator": "Paczka zasobów twórcy",
	"item.mtr.signal_connector_black": "Czarny Łącznik Sygnałowy",
	"item.mtr.signal_connector_blue": "Niebieski Łącznik Sygnałowy",
	"item.mtr.signal_connector_brown": "Brązowy Łącznik Sygnałowy",
	"item.mtr.signal_connector_cyan": "Błękitny Łącznik Sygnałowy",
	"item.mtr.signal_connector_gray": "Szary Łącznik Sygnałowy",
	"item.mtr.signal_connector_green": "Zielony Łącznik Sygnałowy",
	"item.mtr.signal_connector_light_blue": "Jasno-niebieski Łącznik Sygnałowy",
	"item.mtr.signal_connector_light_gray": "Jasnoszare łącze sygnałowe",
	"item.mtr.signal_connector_lime": "Limonkowy Łącznik Sygnałowy",
	"item.mtr.signal_connector_magenta": "Karmazynowy Łącznik Sygnałowy",
	"item.mtr.signal_connector_orange": "Pomarańczowy Łącznik Sygnałowy",
	"item.mtr.signal_connector_pink": "Różowy Łącznik Sygnałowy",
	"item.mtr.signal_connector_purple": "Fioletowy łącznik sygnałowy",
	"item.mtr.signal_connector_red": "Czerwony Łącznik Sygnałowy",
	"item.mtr.signal_connector_white": "Biały Łącznik Sygnałowy",
	"item.mtr.signal_connector_yellow": "Żółty Łącznik Sygnałowy",
	"item.mtr.signal_remover_black": "Usuwacz czarnego sygnału",
	"item.mtr.signal_remover_blue": "Usuwacz niebieskiego sygnału",
	"item.mtr.signal_remover_brown": "Usuwacz brązowego sygnału",
	"item.mtr.signal_remover_cyan": "Usuwacz błękitnego sygnału",
	"item.mtr.signal_remover_gray": "Szare łącze sygnałowe",
	"item.mtr.signal_remover_green": "Usuwacz zielonego sygnału",
	"item.mtr.signal_remover_light_blue": "Usuwacz jasnoniebieskiego sygnału",
	"item.mtr.signal_remover_light_gray": "Usuwacz jasnoszarego sygnału",
	"item.mtr.signal_remover_lime": "Usuwacz limonkowego sygnału",
	"item.mtr.signal_remover_magenta": "Usuwacz karmazynowego sygnału",
	"item.mtr.signal_remover_orange": "Usuwacz pomarańczowego sygnału",
	"item.mtr.signal_remover_pink": "Usuwacz różowego sygnału",
	"item.mtr.signal_remover_purple": "Usuwacz fioletowego sygnału",
	"item.mtr.signal_remover_red": "Usuwacz czerwonego sygnału",
	"item.mtr.signal_remover_white": "Usuwacz białego sygnału",
	"item.mtr.signal_remover_yellow": "Usuwacz żółtego sygnału",
	"item.mtr.tunnel_creator_4_3": "Kreator tunelu",
	"item.mtr.tunnel_creator_4_5": "Kreator tunelu",
	"item.mtr.tunnel_creator_4_7": "Kreator tunelu",
	"item.mtr.tunnel_creator_4_9": "Kreator tunelu",
	"item.mtr.tunnel_creator_5_3": "Kreator tunelu",
	"item.mtr.tunnel_creator_5_5": "Kreator tunelu",
	"item.mtr.tunnel_creator_5_7": "Kreator tunelu",
	"item.mtr.tunnel_creator_5_9": "Kreator tunelu",
	"item.mtr.tunnel_creator_6_3": "Kreator tunelu",
	"item.mtr.tunnel_creator_6_5": "Kreator tunelu",
	"item.mtr.tunnel_creator_6_7": "Kreator tunelu",
	"item.mtr.tunnel_creator_6_9": "Kreator tunelu",
	"item.mtr.tunnel_wall_creator_4_3": "Kreator ściany tunelu",
	"item.mtr.tunnel_wall_creator_4_5": "Kreator ściany tunelu",
	"item.mtr.tunnel_wall_creator_4_7": "Kreator ściany tunelu",
	"item.mtr.tunnel_wall_creator_4_9": "Kreator ściany tunelu",
	"item.mtr.tunnel_wall_creator_5_3": "Kreator ściany tunelu",
	"item.mtr.tunnel_wall_creator_5_5": "Kreator ściany tunelu",
	"item.mtr.tunnel_wall_creator_5_7": "Kreator ściany tunelu",
	"item.mtr.tunnel_wall_creator_5_9": "Kreator ściany tunelu",
	"item.mtr.tunnel_wall_creator_6_3": "Kreator ściany tunelu",
	"item.mtr.tunnel_wall_creator_6_5": "Kreator ściany tunelu",
	"item.mtr.tunnel_wall_creator_6_7": "Kreator ściany tunelu",
	"item.mtr.tunnel_wall_creator_6_9": "Kreator ściany tunelu",
	"itemGroup.mtr.core": "Minecraft Transit Railway Core",
	"itemGroup.mtr.escalators_lifts": "Schody ruchome i windy",
	"itemGroup.mtr.railway_facilities": "Obiekty kolejowe",
	"itemGroup.mtr.station_building_blocks": "Bloki do budowania stacji",
	"key.mtr.debug_1_negative": "Debuguj pole 1 (odejmij)",
	"key.mtr.debug_1_positive": "Debuguj pole 1 (dodaj)",
	"key.mtr.debug_2_negative": "Debuguj pole 2 (odejmij)",
	"key.mtr.debug_2_positive": "Debuguj pole 2 (dodaj)",
	"key.mtr.debug_3_negative": "Debuguj pole 3 (odejmij)",
	"key.mtr.debug_3_positive": "Debuguj pole 3 (dodaj)",
	"key.mtr.debug_cycle_negative": "Kategoria debugowania cyklu (wstecz)",
	"key.mtr.debug_cycle_positive": "Kategoria debugowania cyklu (do przodu)",
	"key.mtr.lift_menu": "Wybór piętra windy",
	"key.mtr.train_accelerate": "Przyspiesz pojazd",
	"key.mtr.train_brake": "Zahamuj pojazd",
	"key.mtr.train_toggle_doors": "Przełącz drzwi",
	"options.mtr.anonymous": "Anonimowy",
	"options.mtr.dynamic_texture_resolution": "Dynamiczna rozdzielczość tekstury (wyższe wartości mogą wywalić grę)",
	"options.mtr.hide_special_rail_colors": "Ukryj specjalne kolory torów",
	"options.mtr.hide_translucent_parts": "Ukryj przezroczyste części w pojazdach",
	"options.mtr.language_options": "Wyświetlanie języka na tabliczkach",
	"options.mtr.language_options_0": "Domyślne",
	"options.mtr.language_options_1": "Tylko CJK",
	"options.mtr.language_options_2": "Nie-CJK",
	"options.mtr.off": "Wyłączone",
	"options.mtr.on": "Włączone",
	"options.mtr.shift_to_toggle_sitting": "Użyj %s, aby przełączyć siedzenie wewnątrz pojazdów",
	"options.mtr.show_announcement_messages": "Pokaż wiadomości \"następna stacja\" na czacie",
	"options.mtr.support_patreon": "Wesprzyj mod na Patreon!",
	"options.mtr.track_texture_offset": "Przesunięcie tekstur toru",
	"options.mtr.use_dynamic_fps": "Dynamiczne podbij FPS",
	"options.mtr.use_mtr_font": "Użyj niestandardowych czcionek MTR (może nie działać na niektórych komputerach)",
	"options.mtr.use_tts_announcements": "Włącz powiadomienia zmiany tekstu-na-mowę \"następna stacja\"",
	"options.mtr.vehicle_render_distance_ratio": "Współczynnik odległości renderowania pojazdu do Minecraft",
	"sign.mtr.airport": "Lotnisko",
	"sign.mtr.airport_arrivals": "Przyloty",
	"sign.mtr.airport_arrivals_cjk": "Przyloty samolotów",
	"sign.mtr.airport_cjk": "Lotnisko",
	"sign.mtr.airport_departures": "Odloty",
	"sign.mtr.airport_departures_cjk": "Odloty samolotów",
	"sign.mtr.airport_express": "Pociągi do Portu Lotniczego",
	"sign.mtr.airport_express_city": "Pociągi do Miasta",
	"sign.mtr.airport_express_city_cjk": "往市區列車",
	"sign.mtr.airport_express_cjk": "往机场列车",
	"sign.mtr.airport_transfer": "Transfer",
	"sign.mtr.airport_transfer_cjk": "Przesiadka na lotnisko",
	"sign.mtr.baggage_claim": "Odbiór bagażu",
	"sign.mtr.baggage_claim_cjk": "Odbiór bagażu",
	"sign.mtr.boat": "Promy",
	"sign.mtr.boat_cjk": "prom",
	"sign.mtr.cable_car": "Kolejki Linowe",
	"sign.mtr.cable_car_cjk": "Kolejka linowa",
	"sign.mtr.check_in_passengers": "Odprawy pasażerów",
	"sign.mtr.check_in_passengers_cjk": "登機乘客",
	"sign.mtr.cross": "Brak Wejścia",
	"sign.mtr.cross_cjk": "不准进入",
	"sign.mtr.customer_service_centre": "Centrum Obsługi Klienta",
	"sign.mtr.customer_service_centre_cjk": "客務中心",
	"sign.mtr.emergency_exit": "Wyjście Ewakuacyjne",
	"sign.mtr.emergency_exit_cjk": "緊急出口",
	"sign.mtr.escalator_to_concourse_down": "Tylko do hali dworcowej",
	"sign.mtr.escalator_to_concourse_down_cjk": "Hol Teloka",
	"sign.mtr.escalator_to_concourse_up": "Tylko do hali dworcowej",
	"sign.mtr.escalator_to_concourse_up_cjk": "Idź do Lobby",
	"sign.mtr.female": "Damska Toaleta",
	"sign.mtr.female_cjk": "女洗手間",
	"sign.mtr.in_town_check_in": "Zameldowanie w Mieście",
	"sign.mtr.in_town_check_in_cjk": "市區預辦登機",
	"sign.mtr.lift_1": "Winda",
	"sign.mtr.lift_1_cjk": "升降機",
	"sign.mtr.lift_2": "Winda",
	"sign.mtr.lift_2_cjk": "升降機",
	"sign.mtr.light_rail_1": "Lekka Szyna",
	"sign.mtr.light_rail_1_cjk": "輕鐵",
	"sign.mtr.light_rail_2": "Lekka Szyna",
	"sign.mtr.light_rail_2_cjk": "輕鐵",
	"sign.mtr.light_rail_3": "Lekka Szyna",
	"sign.mtr.light_rail_3_cjk": "輕鐵",
	"sign.mtr.light_rail_4": "Lekka Szyna",
	"sign.mtr.light_rail_4_cjk": "輕鐵",
	"sign.mtr.logo": "Kolej Tranzytowa w Minecraft",
	"sign.mtr.logo_cjk": "我的世界鐵路",
	"sign.mtr.male": "Męska toaleta",
	"sign.mtr.male_cjk": "男洗手間",
	"sign.mtr.platform": "Peron",
	"sign.mtr.platform_cjk": "月台",
	"sign.mtr.sp1900": "Pociągi",
	"sign.mtr.sp1900_cjk": "列車",
	"sign.mtr.station": "Stacja",
	"sign.mtr.station_cjk": "Stacja",
	"sign.mtr.tickets": "Bilety",
	"sign.mtr.tickets_cjk": "車票",
	"sign.mtr.toilets": "Toalety",
	"sign.mtr.toilets_cjk": "洗手間",
	"sign.mtr.train": "Pociągi",
	"sign.mtr.train_cjk": "列車",
	"sign.mtr.train_old": "Pociągi",
	"sign.mtr.train_old_cjk": "列車",
	"sign.mtr.wheelchair": "Toalety",
	"sign.mtr.wheelchair_cjk": "洗手間",
	"sign.mtr.wifi": "Darmowy Hotspot Wi-Fi",
	"sign.mtr.wifi_cjk": "免費Wi-Fi熱點",
	"sign.mtr.xrl_1": "Szyny dużych prędkości",
	"sign.mtr.xrl_1_cjk": "高速鐵路",
	"sign.mtr.xrl_2": "Szyny dużych prędkości",
	"sign.mtr.xrl_2_cjk": "高速鐵路",
	"sign.mtr.yellow_head_1": "Pociągi",
	"sign.mtr.yellow_head_1_cjk": "火車",
	"sign.mtr.yellow_head_2": "Pociągi",
	"sign.mtr.yellow_head_2_cjk": "火車",
	"tooltip.block.mtr.glass_fence_cio": "Miasto 1",
	"tooltip.block.mtr.glass_fence_ckt": "Che Kung Temple",
	"tooltip.block.mtr.glass_fence_heo": "Heng On",
	"tooltip.block.mtr.glass_fence_mos": "Ma na Szan",
	"tooltip.block.mtr.glass_fence_plain": "Szyba",
	"tooltip.block.mtr.glass_fence_shm": "Shek Mun",
	"tooltip.block.mtr.glass_fence_stained": "Barwiona Szyba",
	"tooltip.block.mtr.glass_fence_stw": "Sha Tin Wai",
	"tooltip.block.mtr.glass_fence_tsh": "Tai Shui Hang",
	"tooltip.block.mtr.glass_fence_wks": "Wu Kai Sha",
	"tooltip.mtr.cable_car_node": "Brak platformy i bocznic\ntylko połączenia proste",
	"tooltip.mtr.cable_car_node_station": "Platformy i bocznice mogą być tworzone\nKrzywe mogą być tworzone",
	"tooltip.mtr.pole_placement": "Musi być umieszczone na górze istniejącego\n%s",
	"tooltip.mtr.psd_apg_door": "Sekcja Drzwi",
	"tooltip.mtr.psd_apg_door_2": "Sekcja Drzwi",
	"tooltip.mtr.psd_apg_glass": "Szklana Sekcja",
	"tooltip.mtr.psd_apg_glass_2": "Szklana Sekcja",
	"tooltip.mtr.psd_apg_glass_end": "Końcowa Sekcja Szkła",
	"tooltip.mtr.rail_action_depth": "Głębokość: %s",
	"tooltip.mtr.rail_action_height": "Wysokość: %s",
	"tooltip.mtr.rail_action_width": "Szerokość %s",
	"tooltip.mtr.rail_speed_limit": "Limit Prędkości: %s",
	"tooltip.mtr.railway_sign_even": "Orientacja: Parzysta",
	"tooltip.mtr.railway_sign_length": "Długość: %s",
	"tooltip.mtr.railway_sign_odd": "Orientacja: Nieparzysta",
	"tooltip.mtr.selected_block": "Wybrany Blok: %s",
	"tooltip.mtr.selected_material": "Wybrany materiał: %s",
	"tooltip.mtr.shift_right_click_to_clear": "Przytrzymaj %s i użyj na %s aby zresetować",
	"tooltip.mtr.shift_right_click_to_select_material": "Przytrzymaj %s i użyj na bloku, aby wybrać materiał",
	"tooltip.mtr.station_color": "Kolor zależy od stacji",
	"tooltip.mtr.station_color_name": "Kolor i tekst zależy od stacji",
	"train.mtr.a320": "Airbus A320",
	"train.mtr.a_train_ael": "Lotnisko Ekspresowe CAF",
	"train.mtr.a_train_ael_mini": "Lotnisko Ekspresowe CAF (Mini)",
	"train.mtr.a_train_tcl": "Linia Tung Chung CAF",
	"train.mtr.a_train_tcl_mini": "Linia Tung Chung CAF (mini)",
	"train.mtr.a_train_tcl_small": "Linia Tung Chung CAF (mała)",
	"train.mtr.acacia_boat": "Akacjowa łódka",
	"train.mtr.birch_boat": "Brzozowa łódka",
	"train.mtr.br_423": "DB BR 423",
	"train.mtr.c1141a": "1141A / TML C-Pociąg",
	"train.mtr.c1141a_mini": "1141A / TML C-Pociąg (Mini)",
	"train.mtr.c1141a_small": "1141A / TML C-Pociąg (Mały)",
	"train.mtr.c_train": "Pociąg C",
	"train.mtr.c_train_mini": "Pociąg C (Mini)",
	"train.mtr.c_train_small": "Pociąg C (Mały)",
	"train.mtr.class_377_southern": "Brytyjska klasa kolejowa 377 (Południowa)",
	"train.mtr.class_802_gwr": "Brytyjska klasa kolejowa 802 (GWR)",
	"train.mtr.class_802_gwr_mini": "Brytyjska klasa kolei 802 (GWR, Mini)",
	"train.mtr.class_802_tpe": "Brytyjska klasa kolejowa 802 (TPE)",
	"train.mtr.class_802_tpe_mini": "Brytyjska klasa kolei 802 (TPE, Mini)",
	"train.mtr.cm_stock": "Pociąg Metro-Cammell (Unrefurbished M-Train)",
	"train.mtr.cm_stock_mini": "Pociąg Metro-Cammell (Unrefurbished M-Train, Mini)",
	"train.mtr.cm_stock_small": "Pociąg Metro-Cammell (Unrefurbished M-Train, mały)",
	"train.mtr.dark_oak_boat": "Łódka z ciemnego dębu",
	"train.mtr.drl": "Pociąg Resort Disneyland",
	"train.mtr.e44": "KCR E44 (Żółte czoło)",
	"train.mtr.e44_mini": "KCR E44 (Żółte czoło, Mini)",
	"train.mtr.flying_minecart": "Latający wagonik",
	"train.mtr.jungle_boat": "Łódka z drewna tropikalnego",
	"train.mtr.k_train": "K-Pociąg",
	"train.mtr.k_train_ael": "K-Pociąg Ekspres Lotniskowy",
	"train.mtr.k_train_ael_mini": "K-Pociąg Ekspres Lotniskowy (Mini)",
	"train.mtr.k_train_ael_small": "K-Pociąg Ekspres Lotniskowy (Mały)",
	"train.mtr.k_train_mini": "K-Pociąg (Mini)",
	"train.mtr.k_train_small": "K-Pociąg (Mały)",
	"train.mtr.k_train_tcl": "K-Pociąg Linia Tung Chung",
	"train.mtr.k_train_tcl_mini": "K-Pociąg Linia Tung Chung (Mini)",
	"train.mtr.k_train_tcl_small": "K-Pociąg Linia Tung Chung (Mały)",
	"train.mtr.light_rail_1": "Lekka Szyna (Etap 1, LHT)",
	"train.mtr.light_rail_1_orange": "Lekka szyna (Etap 1, Pomarańczowa Liberia, LHT)",
	"train.mtr.light_rail_1_orange_rht": "Lekka szyna (Etap 1, Pomarańczowa Liberia, RHT)",
	"train.mtr.light_rail_1_rht": "Lekka Szyna (Etap 1, RHT)",
	"train.mtr.light_rail_1r": "Lekka szyna (Faza 1 Odnowiony, LHT)",
	"train.mtr.light_rail_1r_old": "Lekka kolej (Faza 1 Odnowiona, kolor niebieski, LHT)",
	"train.mtr.light_rail_1r_old_rht": "Lekka kolej (Faza 1 Odnowiona, kolor niebieski, RHT)",
	"train.mtr.light_rail_1r_orange": "Lekka kolej (Faza 1 Odnowiona, kolor pomarańczowy, LHT)",
	"train.mtr.light_rail_1r_orange_rht": "Lekka kolej (Faza 1 Odnowiona, kolor pomarańczowy, RHT)",
	"train.mtr.light_rail_1r_rht": "Lekka kolej (Faza 1 Odnowiona, RHT)",
	"train.mtr.light_rail_2": "Lekka kolej (Faza 2, LHT)",
	"train.mtr.light_rail_2r": "Lekka szyna (Faza 2 Odnowiony, LHT)",
	"train.mtr.light_rail_2r_rht": "Lekka szyna (Faza 2 Odnowiony, RHT)",
	"train.mtr.light_rail_2_orange": "Lekka kolej (Faza 2, kolor pomarańczowy, LHT)",
	"train.mtr.light_rail_2_orange_rht": "Lekka kolej (Faza 2, kolor pomarańczowy, RHT)",
	"train.mtr.light_rail_2_rht": "Lekka kolej (Faza 2, RHT)",
	"train.mtr.light_rail_3": "Lekka kolej (Faza 3, LHT)",
	"train.mtr.light_rail_3r": "Lekka szyna (Faza 3 Odnowiony, LHT)",
	"train.mtr.light_rail_3r_rht": "Lekka szyna (Faza 3 Odnowiony, RHT)",
	"train.mtr.light_rail_3_orange": "Lekka kolej (Faza 3, kolor pomarańczowy, LHT)",
	"train.mtr.light_rail_3_orange_rht": "Lekka kolej (Faza 3, kolor pomarańczowy, RHT)",
	"train.mtr.light_rail_3_rht": "Lekka kolej (Faza 3, RHT)",
	"train.mtr.light_rail_4": "Lekka kolej (Faza 4, LHT)",
	"train.mtr.light_rail_4_old": "Lekka kolej (Faza 4, kolor niebieski, LHT)",
	"train.mtr.light_rail_4_old_rht": "Lekka kolej (Faza 4, kolor niebieski, RHT)",
	"train.mtr.light_rail_4_orange": "Lekka kolej (Faza 4, kolor pomarańczowy, LHT)",
	"train.mtr.light_rail_4_orange_rht": "Lekka kolej (Faza 4, kolor pomarańczowy, RHT)",
	"train.mtr.light_rail_4_rht": "Lekka kolej (Faza 4, RHT)",
	"train.mtr.light_rail_5": "Lekka kolej (Faza 5, LHT)",
	"train.mtr.light_rail_5_old": "Lekka szyna (Faza 5, Niebieska, LHT)",
	"train.mtr.light_rail_5_old_rht": "Lekka szyna (Faza 5, Niebieska, RHT)",
	"train.mtr.light_rail_5_orange": "Lekka szyna (Faza 5, Pomarańczowa, LHT)",
	"train.mtr.light_rail_5_orange_rht": "Lekka szyna (Faza 5, Pomarańczowa, RHT)",
	"train.mtr.light_rail_5_rht": "Tramwaj faza 5 PW",
	"train.mtr.london_underground_1995": "Londynowe Metro 1995 Stock",
	"train.mtr.london_underground_1996": "Londynowe Metro 1996 Stock",
	"train.mtr.london_underground_d78": "Londyn Podziemny D78 Stock",
	"train.mtr.london_underground_d78_mini": "Londyn Podziemny D78 Stock (Mini)",
	"train.mtr.m_train": "Pociąg M",
	"train.mtr.m_train_mini": "Pociąg M (mini)",
	"train.mtr.m_train_small": "Mały pociąg M",
	"train.mtr.minecart": "Wagonik",
	"train.mtr.mlr": "Pociąg MLR",
	"train.mtr.mlr_christmas": "MLR Edycja Świąteczna",
	"train.mtr.mlr_christmas_mini": "MLR Edycja Świąteczna (Mini)",
	"train.mtr.mlr_christmas_small": "MLR Edycja Świąteczna (mała)",
	"train.mtr.mlr_mini": "Pociąg MLR (Mini)",
	"train.mtr.mlr_small": "Pociąg MLR (Mały)",
	"train.mtr.mpl_85": "Metro z Parisza",
	"train.mtr.ngong_ping_360_crystal": "Pociąg Ngong Ping 360 kryształową kabina LW",
	"train.mtr.ngong_ping_360_crystal_rht": "Pociąg Ngong Ping 360 kryształową kabina PW",
	"train.mtr.ngong_ping_360_crystal_plus": "Ngong Ping 360 Crystal+ Cabin (LHT)",
	"train.mtr.ngong_ping_360_crystal_plus_rht": "Ngong Ping 360 Crystal+ Cabin (RHT)",
	"train.mtr.ngong_ping_360_normal_light_blue": "Pociąg Ngong Ping 360 (jasny niebieski, LW)",
	"train.mtr.ngong_ping_360_normal_light_blue_rht": "Pociąg Ngong Ping 360 (jasny niebieski, PW)",
	"train.mtr.ngong_ping_360_normal_orange": "Pociąg Ngong Ping 360 (pomarańcz, LW)",
	"train.mtr.ngong_ping_360_normal_orange_rht": "Pociąg Ngong Ping 360 (pomarańcz, PW)",
	"train.mtr.ngong_ping_360_normal_red": "Pociąg Ngong Ping 360 (czerwony, LW)",
	"train.mtr.ngong_ping_360_normal_red_rht": "Pociąg Ngong Ping 360 (czerwony, PW)",
	"train.mtr.oak_boat": "Dębowa łódeszka",
	"train.mtr.r179": "R179 (Metro od Nowego Jorku)",
	"train.mtr.r179_mini": "R179 (Metro Nowego Jorku, Mini)",
	"train.mtr.r211": "R179 (Metro Nowego Jorku)",
	"train.mtr.r211_mini": "R179 (Metro Nowego Jorku, Mini)",
	"train.mtr.r211t": "R179 (Metro Nowego Jorku)",
	"train.mtr.r211t_mini": "R179 (Metro Nowego Jorku, Mini)",
	"train.mtr.r_train": "Pociąg R",
	"train.mtr.r_train_mini": "Pociąg R (Mini)",
	"train.mtr.r_train_small": "Pociąg R (Mały)",
	"train.mtr.s_train": "Pociąg S",
	"train.mtr.s_train_mini": "Pociąg S (Mini)",
	"train.mtr.s_train_small": "Pociąg S (Mały)",
	"train.mtr.sp1900": "SP1900",
	"train.mtr.sp1900_mini": "SP1900 (Mini)",
	"train.mtr.sp1900_small": "SP1900 (Mały)",
	"train.mtr.spruce_boat": "Świerkowa łódka"
}
