{
	"block.minecraft.bedrock_slab": "Laje de Rocha",
	"block.minecraft.birch_wood_slab": "Laje de Madeira de Eucalipto",
	"block.minecraft.bone_block_slab": "Laje de Osso",
	"block.minecraft.chiseled_quartz_block_slab": "Blocos de quartzo talhado",
	"block.minecraft.chiseled_stone_bricks_slab": "Tijolos de Pedra Cinzelado",
	"block.minecraft.clay_slab": "Laje de Argila",
	"block.minecraft.coal_ore_slab": "Laje de minério de Carvão",
	"block.minecraft.concrete": "Concreto",
	"block.minecraft.concrete_powder": "Pó de Concreto",
	"block.minecraft.concrete_powder_slab": "Pó de Concreto",
	"block.minecraft.concrete_slab": "Laje de Concreto",
	"block.minecraft.cracked_stone_bricks_slab": "Laje de Pedra Rachada",
	"block.minecraft.gravel_slab": "Laje de Cascalho",
	"block.minecraft.iron_block_slab": "Laje de Bloco de Ferro",
	"block.minecraft.metal": "Bloco de Metal",
	"block.minecraft.metal_slab": "Laje de Metal",
	"block.minecraft.planks": "Tábuas de Madeira",
	"block.minecraft.planks_slab": "Laje de Madeira",
	"block.minecraft.purpur_block_slab": "Laje de Bloco Purpur",
	"block.minecraft.purpur_pillar_slab": "Laje do Pilar Purpur",
	"block.minecraft.quartz_block_slab": "Laje de quartzo",
	"block.minecraft.quartz_bricks_slab": "Laje de blocos de quartzo",
	"block.minecraft.quartz_pillar_slab": "Laje de Quartzo",
	"block.minecraft.snow_block_slab": "Laje de Bloco de Neve",
	"block.minecraft.stained_glass": "Vidro",
	"block.minecraft.stained_glass_slab": "Laje de Vidro Tingido",
	"block.minecraft.stone_bricks_slab": "Laje de tijolos de pedra",
	"block.minecraft.wool": "Lã",
	"block.minecraft.wool_slab": "Laje de Lã",
	"block.mtr.airplane_node": "Nó de avião",
	"block.mtr.apg_door": "Portões de Plataforma Automáticos (Portas)",
	"block.mtr.apg_glass": "Portões de Plataforma Automáticos (Vidro)",
	"block.mtr.apg_glass_end": "Vidros de Final da Plataforma",
	"block.mtr.arrival_projector_1_large": "Projetor de Chegadas (3x3)",
	"block.mtr.arrival_projector_1_medium": "Projetor de Chegadas (3x2)",
	"block.mtr.arrival_projector_1_small": "Projetor de Chegadas (1x1)",
	"block.mtr.boat_node": "Nó de Barco",
	"block.mtr.cable_car_node_lower": "Nó de Teleférico",
	"block.mtr.cable_car_node_station": "Nó de Estação de Teleférico",
	"block.mtr.cable_car_node_upper": "Nó de Teleférico",
	"block.mtr.ceiling": "Teto",
	"block.mtr.ceiling_light": "Teto (Com Iluminação)",
	"block.mtr.ceiling_no_light": "Teto (Sem Iluminação)",
	"block.mtr.clock": "Relógio",
	"block.mtr.clock_pole": "Poste de Relógio",
	"block.mtr.escalator_side": "Escada Rolante",
	"block.mtr.escalator_step": "Escada Rolante",
	"block.mtr.glass_fence_cio": "Guarda corpo de vidro",
	"block.mtr.glass_fence_ckt": "Guarda corpo de vidro",
	"block.mtr.glass_fence_heo": "Guarda corpo de vidro",
	"block.mtr.glass_fence_mos": "Guarda corpo de vidro",
	"block.mtr.glass_fence_plain": "Cerca de vidro",
	"block.mtr.glass_fence_shm": "Cerca de vidro",
	"block.mtr.glass_fence_stained": "Cerca de vidro",
	"block.mtr.glass_fence_stw": "Cerca de vidro",
	"block.mtr.glass_fence_tsh": "Cerca de vidro",
	"block.mtr.glass_fence_wks": "Cerca de vidro",
	"block.mtr.lift_buttons_1": "Botões de Elevador",
	"block.mtr.lift_door_1": "Portas de Elevador",
	"block.mtr.lift_door_odd_1": "Portas de Elevador",
	"block.mtr.lift_panel_even_1": "Painel de Elevador",
	"block.mtr.lift_panel_even_2": "Painel de Elevador",
	"block.mtr.lift_panel_odd_1": "Painel de Elevador",
	"block.mtr.lift_panel_odd_2": "Painel de Elevador",
	"block.mtr.lift_track_1": "Elevador / Trilhos",
	"block.mtr.lift_track_floor_1": "Elevador / Trilho de Piso",
	"block.mtr.logo": "Logo do MTR",
	"block.mtr.marble_blue": "Mármore Azul",
	"block.mtr.marble_blue_slab": "Laje de Mármore Azul",
	"block.mtr.marble_sandy": "Mármore Arenoso",
	"block.mtr.marble_sandy_slab": "Laje de Mármore Arenoso",
	"block.mtr.metal": "Metal",
	"block.mtr.metal_slab": "Laje de Metal",
	"block.mtr.pids_1": "Sistema de Informações ao Passageiro",
	"block.mtr.pids_2": "Sistema de informações ao Passageiro",
	"block.mtr.pids_3": "Sistema de Informações ao Passageiro",
	"block.mtr.pids_pole": "Poste com Sistema de Informações ao Passageiro",
	"block.mtr.platform": "Plataforma (Hong Kong)",
	"block.mtr.platform_indented": "Plataforma (Hong Kong) - Recuada",
	"block.mtr.platform_na_1": "Plataforma (América do Norte)",
	"block.mtr.platform_na_1_indented": "Plataforma (América do Norte) Recuada",
	"block.mtr.platform_na_2": "Plataforma (América do Norte)",
	"block.mtr.platform_na_2_indented": "Plataforma (América do Norte) Recuada",
	"block.mtr.platform_uk_1": "Plataforma (Reino Unido)",
	"block.mtr.platform_uk_1_indented": "Plataforma (Reino Unido) Recuada",
	"block.mtr.psd_door": "Portas de Plataforma",
	"block.mtr.psd_door_2": "Portas de Plataforma (Tipo 2)",
	"block.mtr.psd_glass": "Portas de Plataforma (Vidro tipo 1)",
	"block.mtr.psd_glass_2": "Portas de Plataforma (Vidro tipo 2)",
	"block.mtr.psd_glass_end": "Fim das Portas de Plataforma (Vidro tipo 1)",
	"block.mtr.psd_glass_end_2": "Fim das Portas de plataforma (Vidro tipo 2)",
	"block.mtr.psd_top": "Portas de Plataforma",
	"block.mtr.rail": "Nó de Trilho",
	"block.mtr.railway_sign": "Placa de Ferrovia",
	"block.mtr.railway_sign_pole": "Poste de Placa de Ferrovia",
	"block.mtr.route_sign_standing_light": "Placa de Rota (Com Suporte e Luz)",
	"block.mtr.route_sign_standing_metal": "Placa de Rota (Com suporte, metal)",
	"block.mtr.route_sign_wall_light": "Placa de Rota (Parede Iluminada)",
	"block.mtr.route_sign_wall_metal": "Placa de Rota (Parede de Metal)",
	"block.mtr.rubbish_bin_1": "Lixeira",
	"block.mtr.signal_light_1": "Luz de Sinal (2 Aspectos)",
	"block.mtr.signal_light_2": "Luz de sinal (2 Aspectos, lado duplo)",
	"block.mtr.signal_light_3": "Luz de Sinal (2 Aspectos)",
	"block.mtr.signal_light_3_aspect_1": "Luz de Sinal (3 Aspectos)",
	"block.mtr.signal_light_3_aspect_2": "Luz de sinal (3 Aspectos, lado duplo)",
	"block.mtr.signal_light_4": "Luz de sinal (2 Aspectos, lado duplo)",
	"block.mtr.signal_light_4_aspect_1": "Luz de Sinal (4 Aspectos)",
	"block.mtr.signal_light_4_aspect_2": "Luz de sinal (4 Aspectos, lado duplo)",
	"block.mtr.signal_pole": "Poste com Sinalização",
	"block.mtr.signal_semaphore_1": "Sinalização de Semáforo",
	"block.mtr.signal_semaphore_2": "Sinal de semáforo (lado duplo)",
	"block.mtr.station_name_entrance": "Nome da Estação (Entrada)",
	"block.mtr.station_name_tall_block": "Nome da estação (bloco alto)",
	"block.mtr.station_name_tall_block_double_sided": "Nome da Estação (Bloco Alto, Dupla Face)",
	"block.mtr.station_name_tall_wall": "Nome da estação (Texto de Parede Alto)",
	"block.mtr.station_name_wall": "Nome da Estação (Texto de Parede, Branco)",
	"block.mtr.station_name_wall_black": "Nome da Estação (Texto de Parede, Preto)",
	"block.mtr.station_name_wall_gray": "Nome da Estação (Texto de Parede, Cinza)",
	"block.mtr.station_pole": "Poste Colorido de Estação",
	"block.mtr.tactile_map": "Mapa Tátil",
	"block.mtr.ticket_barrier_entrance_1": "Catraca (Entrada)",
	"block.mtr.ticket_barrier_exit_1": "Catraca (Saída)",
	"block.mtr.ticket_machine": "Máquina de Bilhetes",
	"block.mtr.ticket_processor": "Processador de Bilhetes",
	"block.mtr.ticket_processor_enquiry": "Processador de Questionamentos",
	"block.mtr.ticket_processor_entrance": "Validador de Bilhete (Entrada)",
	"block.mtr.ticket_processor_exit": "Validador de Bilhete (Saída)",
	"block.mtr.train_announcer": "Anunciador de chegada de Trem",
	"block.mtr.train_cargo_loader": "Carregador de Carga",
	"block.mtr.train_cargo_unloader": "Descarregador de Carga",
	"block.mtr.train_schedule_sensor": "Sensor de Cronograma",
	"block.mtr.train_sensor": "Sensor de Trem (Redstone)",
	"category.mtr.keybinding": "Tecla Minecraft Transit Railway",
	"entity.mtr.seat": "",
	"gui.mtr.acceleration": "Aceleração do Veículo",
	"gui.mtr.add_balance_for_emeralds": "Adicione $%s para %s esmeralda(s)",
	"gui.mtr.add_depot": "Adicionar Pátio de Trens",
	"gui.mtr.add_exit": "Adicionar Saída de Estação",
	"gui.mtr.add_exit_destination": "Adicionar Destino de Saída",
	"gui.mtr.add_route": "Adicionar Rota",
	"gui.mtr.add_station": "Adicionar Estação",
	"gui.mtr.add_value": "Adicionar Valor",
	"gui.mtr.already_entered": "Essa estação já foi adicionada",
	"gui.mtr.already_exited": "Nenhum registro encontrado",
	"gui.mtr.announcement_message": "Mensagem de Anúncio",
	"gui.mtr.anticlockwise_to": "No sentido anti-horário para %s",
	"gui.mtr.anticlockwise_to_cjk": "(ExplicitText=\"ereposica,&s%s",
	"gui.mtr.anticlockwise_via": "No sentido horário para %s",
	"gui.mtr.anticlockwise_via_cjk": "逆時針經%s",
	"gui.mtr.arrival_car": "%s- carro",
	"gui.mtr.arrival_car_cjk": "%s 卡",
	"gui.mtr.arrival_min": "%s minutos",
	"gui.mtr.arrival_min_cjk": "%s 分鐘",
	"gui.mtr.arrival_sec": "%s segundo(s)",
	"gui.mtr.arrival_sec_cjk": "%s 秒",
	"gui.mtr.automatically_detect_nearby_platform": "Detectar automaticamente plataforma próxima",
	"gui.mtr.available": "Disponível",
	"gui.mtr.available_model_parts": "Partes de Modelo Disponíveis",
	"gui.mtr.balance": "Saldo: %s",
	"gui.mtr.cable_car_invalid_orientation": "Conexão com o cabo inválida",
	"gui.mtr.cars_to_spawn": "Carros a serem gerados: %s",
	"gui.mtr.clear_vehicles": "Limpar Veículos Ativos",
	"gui.mtr.clockwise_to": "No sentido horário para %s",
	"gui.mtr.clockwise_to_cjk": "Sentido Horário para %s",
	"gui.mtr.clockwise_via": "No sentido horário via %s",
	"gui.mtr.clockwise_via_cjk": "Sentido Horário via %s",
	"gui.mtr.color": "Cor",
	"gui.mtr.comma": ", ",
	"gui.mtr.comma_cjk": "、",
	"gui.mtr.comma_last": " e ",
	"gui.mtr.comma_last_cjk": "ou",
	"gui.mtr.connecting_station_interchange_announcement_part": "o %1$s na estação %2$s",
	"gui.mtr.connecting_station_interchange_announcement_part_cjk": "Transferir para %1$s na estação %2$s",
	"gui.mtr.connecting_station_part": "Passageiros podem trocar para %s.",
	"gui.mtr.connecting_station_part_cjk": "乘客可在該站%s。",
	"gui.mtr.cruising_altitude": "Altitude de Cruzeiro",
	"gui.mtr.custom_destination_suggestion": "Destino (\\r para reiniciar)",
	"gui.mtr.custom_resources_export_resource_pack": "Exportar Pacote de Recursos",
	"gui.mtr.custom_resources_gangway_connection_id": "ID de Conexão Articulada",
	"gui.mtr.custom_resources_id": "ID",
	"gui.mtr.custom_resources_name": "Nome",
	"gui.mtr.custom_resources_rider_offset": "Offset do piloto: %s",
	"gui.mtr.custom_resources_train_barrier_id": "ID das Cancelas de Passagem",
	"gui.mtr.delete_confirmation": "Tem certeza de que deseja excluir %s?",
	"gui.mtr.depot_color": "Cor do Pátio",
	"gui.mtr.depot_name": "Nome do Pátio",
	"gui.mtr.depots": "Pátios",
	"gui.mtr.disable_next_station_announcements": "Desativar Anúncios da Próxima Estação",
	"gui.mtr.dismount_hold": "Segure %s para forçar a desmontagem: %s",
	"gui.mtr.display_page": "Número da Página",
	"gui.mtr.door_animation_type_bouncy_1": "Portas: Energético (1)",
	"gui.mtr.door_animation_type_bouncy_2": "Portas: Energético (2)",
	"gui.mtr.door_animation_type_constant": "Portas: Constante",
	"gui.mtr.door_animation_type_mlr": "Porta: MLR",
	"gui.mtr.door_animation_type_plug_fast": "Portas: Conector rápido",
	"gui.mtr.door_animation_type_plug_slow": "Plugue lento",
	"gui.mtr.door_animation_type_r179": "Portas: R179",
	"gui.mtr.door_animation_type_r211": "Portas: R211",
	"gui.mtr.door_animation_type_standard": "Portas: Padrão",
	"gui.mtr.door_animation_type_standard_slow": "Portas: Lento",
	"gui.mtr.drag_file_to_upload": "Arraste o Arquivo para Fazer Upload",
	"gui.mtr.dwell_time": "Tempo de permanência do veículo",
	"gui.mtr.edit_area": "Clique e arraste para determinar a área.",
	"gui.mtr.edit_instructions": "Editar Instruções",
	"gui.mtr.edit_route": "Clique em uma plataforma para adicioná-la à rota.",
	"gui.mtr.editing_part": "%s",
	"gui.mtr.emeralds": "Esmeraldas: %s",
	"gui.mtr.enter_barrier": "Adicionado %s - Saldo: $%s",
	"gui.mtr.exit_barrier": "Retirado %s - Tarifa: $%s - Saldo: $%s",
	"gui.mtr.exit_destinations": "Destinos de Saída",
	"gui.mtr.exit_parents": "Saídas da Estação",
	"gui.mtr.file_model": "Arquivo Blockbench",
	"gui.mtr.file_properties": "Arquivo de propriedades (opcional)",
	"gui.mtr.file_texture": "Arquivo de Textura",
	"gui.mtr.file_upload": "Carregar...",
	"gui.mtr.filtered_platforms": "Plataformas filtradas (%s)",
	"gui.mtr.filtered_routes": "Rotas filtradas (%s)",
	"gui.mtr.filtered_routes_condition": "Somente veículos rodando nas seguintes rotas irão ativar este bloco",
	"gui.mtr.filtered_routes_empty": "Todos os veículos ativarão este bloco",
	"gui.mtr.game_time": "Horário do Jogo",
	"gui.mtr.generate_map": "Gerar mapa de rota",
	"gui.mtr.generating_path": "Gerando rota",
	"gui.mtr.hide_arrival": "Ocultar Chegada",
	"gui.mtr.insufficient_balance": "Saldo insuficiente ($%s)",
	"gui.mtr.interchange_announcement": "Estação de Transferência para a %s.",
	"gui.mtr.interchange_announcement_cjk": "乘客可以轉乘%s。",
	"gui.mtr.invalid_orientation": "Não foi possível conectar o trilho; orientação inválida",
	"gui.mtr.is_anticlockwise_route": "É Rota Circular no sentido antihorário",
	"gui.mtr.is_clockwise_route": "É Rota Circular no sentido horário",
	"gui.mtr.is_light_rail_route": "Possui número de rota",
	"gui.mtr.is_manual": "Veículo pilotável",
	"gui.mtr.is_route_hidden": "Ocultar Rota",
	"gui.mtr.last_airplane_station": "Este voo está indo para %s",
	"gui.mtr.last_airplane_station_cjk": "Este voo vai para %s",
	"gui.mtr.last_boat_station": "Essa embarcação está indo para %s",
	"gui.mtr.last_boat_station_cjk": "本渡輪往%s",
	"gui.mtr.last_cable_car_station": "Este telefético está indo para %s",
	"gui.mtr.last_cable_car_station_cjk": "本纜車往%s",
	"gui.mtr.last_train_station": "Este trem está indo para %s",
	"gui.mtr.last_train_station_cjk": "本列車往%s",
	"gui.mtr.left": "Esquerda",
	"gui.mtr.lift_buttons_locked": "Botões Bloqueados",
	"gui.mtr.lift_buttons_unlocked": "Botões Bloqueados",
	"gui.mtr.lift_floor_description": "Descrição",
	"gui.mtr.lift_floor_number": "Número do Andar",
	"gui.mtr.lift_is_double_sided": "Dupla face",
	"gui.mtr.lift_should_ding": "Tocar som de \"Ding\"",
	"gui.mtr.lift_style": "Estilo: %s",
	"gui.mtr.lift_style_opaque": "Opaco",
	"gui.mtr.lift_style_transparent": "Transparente",
	"gui.mtr.lift_track_required": "Trilho do Elevador é necessário",
	"gui.mtr.light_rail_route_announcement": "Esta é a rota %s para %s.",
	"gui.mtr.light_rail_route_announcement_cjk": "本班為%s綫列車前往%s。",
	"gui.mtr.light_rail_route_number": "Número de Rota",
	"gui.mtr.london_train_interchange_announcement": "Saia aqui para %s.",
	"gui.mtr.london_train_interchange_announcement_cjk": "Os passageiros podem fazer baldeação na estação %s。",
	"gui.mtr.london_train_next_station_announcement": "A próxima estação é a estação %s.",
	"gui.mtr.london_train_next_station_announcement_cjk": "A próxima parada é em %s。",
	"gui.mtr.london_train_route_announcement": "Esta é a estação %s o trem está indo para %s.",
	"gui.mtr.london_train_route_announcement_cjk": "Esta é a estação %s o trem vai para %s。",
	"gui.mtr.london_train_terminating_announcement": "O trajeto termina aqui, tenham um bom dia.",
	"gui.mtr.london_train_terminating_announcement_cjk": "O trajeto termina aqui, tenham um bom dia",
	"gui.mtr.london_train_this_station_announcement": "Esta é a estação %s.",
	"gui.mtr.london_train_this_station_announcement_cjk": "Essa é a estação %s。",
	"gui.mtr.manual_to_automatic_time": "Tempo limite do motorista",
	"gui.mtr.max_manual_speed": "Velocidade Máxima da Composição",
	"gui.mtr.max_vehicles": "Máximo de Veículos para Desvio",
	"gui.mtr.mismatched_versions": "Por favor, atualize o mod Minecraft Transit Railway e tente novamente.",
	"gui.mtr.mismatched_versions_server_version": "Versão do servidor: %s",
	"gui.mtr.mismatched_versions_your_version": "Sua versão: %s",
	"gui.mtr.moving_only": "Somente Veículos em Movimento",
	"gui.mtr.mtr_options": "Opções do Minecraft Transit Railway",
	"gui.mtr.name": "Nome",
	"gui.mtr.next_departure": "Próxima partida estimada: %s",
	"gui.mtr.next_departure_none": "Nenhuma partida programada",
	"gui.mtr.next_route_airplane_announcement": "O destino dese voo foi alterado de %s para %s.",
	"gui.mtr.next_route_airplane_announcement_cjk": "O destino dese voo foi alterado de %s para %s。",
	"gui.mtr.next_route_boat_announcement": "Essa embarcação mudará para %s para %s.",
	"gui.mtr.next_route_boat_announcement_cjk": "本渡輪會改為%s前往%s。",
	"gui.mtr.next_route_boat_light_rail_announcement": "Esta rota será alterada para a rota %s. Passageiros para %s, por favor embarquem.",
	"gui.mtr.next_route_boat_light_rail_announcement_cjk": "本渡輪會改為%s路綫。前往%s沿途各站之乘客，可乘本渡輪。",
	"gui.mtr.next_route_cable_car_announcement": "Este teleférico será alterado para %s para %s.",
	"gui.mtr.next_route_cable_car_announcement_cjk": "本纜車會改為%s前往%s。",
	"gui.mtr.next_route_train_announcement": "Este trem será alterado para %s para %s.",
	"gui.mtr.next_route_train_announcement_cjk": "本班車會改為%s前往%s。",
	"gui.mtr.next_route_train_light_rail_announcement": "Esta rota será alterada para a rota %s. Passageiro com destino a %s, por favor embarque neste trem.",
	"gui.mtr.next_route_train_light_rail_announcement_cjk": "Este trem será alterado para a rota %s. Os passageiros que se dirigem à estação %s podem pegar este trem",
	"gui.mtr.next_station": "A próxima estação é %s",
	"gui.mtr.next_station_announcement": "Próxima Estação: %s.",
	"gui.mtr.next_station_announcement_cjk": "下一站：%s。",
	"gui.mtr.next_station_cjk": "下一站是%s",
	"gui.mtr.next_station_light_rail_announcement": "Próxima parada: %s.",
	"gui.mtr.next_station_light_rail_announcement_cjk": "下一站：%s。",
	"gui.mtr.no_lift_tracks_floor_found": "Não foram encontrados trilhos do piso do elevador",
	"gui.mtr.offset_x": "Deslocar X: %s",
	"gui.mtr.offset_y": "Deslocar Y: %s",
	"gui.mtr.offset_z": "Deslocar z: %s",
	"gui.mtr.part_blacklisted_cars": "Carros Bloqueados",
	"gui.mtr.part_display_cjk_size_ratio": "Tamanho da Curva: %s",
	"gui.mtr.part_display_force_single_line": "Forçar uma linha única",
	"gui.mtr.part_display_force_upper_case": "Forçar maiúsculo",
	"gui.mtr.part_display_should_scroll": "Rolando o texto",
	"gui.mtr.part_display_text_color": "Cor",
	"gui.mtr.part_display_text_color_cjk": "Cjk/não-cjk cor",
	"gui.mtr.part_display_type_destination": "Tipo: destino",
	"gui.mtr.part_display_type_next_station_kcr": "Tipo: próxima estação (kcr)",
	"gui.mtr.part_display_type_next_station_mtr": "Tipo: próxima estação (mtr)",
	"gui.mtr.part_display_type_next_station_plain": "Tipo: próxima estação",
	"gui.mtr.part_display_type_next_station_uk": "Tipo: próxima estação (Reino Unido)",
	"gui.mtr.part_display_type_route_number": "Tipo: numero da rota",
	"gui.mtr.part_display_x_padding": "X preenchimento: %s",
	"gui.mtr.part_display_y_padding": "Y preenchimento: %s",
	"gui.mtr.part_door_offset_left_negative": "Deslocamento de porta: -Esquerda",
	"gui.mtr.part_door_offset_left_positive": "Deslocamento de porta: +Esquerda",
	"gui.mtr.part_door_offset_none": "Deslocamento de porta: nenhuma",
	"gui.mtr.part_door_offset_right_negative": "Deslocamento de porta: -direita",
	"gui.mtr.part_door_offset_right_positive": "Deslocamento de porta: +Direita",
	"gui.mtr.part_is_display": "É exibição",
	"gui.mtr.part_mirror": "Espelhado",
	"gui.mtr.part_positions": "Posições",
	"gui.mtr.part_render_condition_all": "Renderização: Sempre",
	"gui.mtr.part_render_condition_door_left_closed": "Renderização: Portas da Esquerda Fechadas",
	"gui.mtr.part_render_condition_door_left_open": "Renderização: Portas da Esquerda Abertas",
	"gui.mtr.part_render_condition_door_right_closed": "Renderização: Portas da Direita Fechadas",
	"gui.mtr.part_render_condition_door_right_open": "Renderização: Portas da Direita Abertas",
	"gui.mtr.part_render_condition_doors_closed": "Renderização: Portas Fechadas",
	"gui.mtr.part_render_condition_doors_open": "Renderização: Portas Abertas",
	"gui.mtr.part_render_condition_moving_backwards": "Renderização: Movendo para trás",
	"gui.mtr.part_render_condition_moving_forwards": "Renderização: Movendo para frente",
	"gui.mtr.part_skip_rendering_if_too_far": "Esconder se Longe",
	"gui.mtr.part_stage_always_on_lights": "Luzes (Sempre Ligado)",
	"gui.mtr.part_stage_exterior": "Exterior",
	"gui.mtr.part_stage_interior": "Interior",
	"gui.mtr.part_stage_interior_translucent": "Interior (transparente)",
	"gui.mtr.part_stage_lights": "Luzes",
	"gui.mtr.part_whitelisted_cars": "Carros permitidos",
	"gui.mtr.path_found": "Caminho criado com sucesso",
	"gui.mtr.path_not_found_between": "Caminho não encontrado em> %s|entre|> %s|e|> %s|",
	"gui.mtr.path_not_generated": "Caminho não gerado",
	"gui.mtr.percentage_complete_bridge": "Construindo Ponte (%s%%)",
	"gui.mtr.percentage_complete_tunnel": "Construindo Túnel (%s%%)",
	"gui.mtr.percentage_complete_tunnel_wall": "Construindo Túnel Murado (%s%%)",
	"gui.mtr.pids_message": "Mensagem Personalizada do Sistema de Informação ao Passageiro",
	"gui.mtr.platform": "Plataforma %s",
	"gui.mtr.platform_number": "Número de plataforma",
	"gui.mtr.platform_or_siding_exists": "Cada nó de trilhos só pode ser conectado a uma plataforma ou desvio",
	"gui.mtr.press_to_select_floor": "Pressione %s para selecionar o andar",
	"gui.mtr.psd_apg_door_locked": "Porta Trancada",
	"gui.mtr.psd_apg_door_unlocked": "Porta desbloqueada",
	"gui.mtr.radius_too_small": "Não foi possível conectar o trilho; o raio deve ser pelo menos 2",
	"gui.mtr.rail_action_bridge": "Ponte por %s (%s blocos de comprimento, %s)",
	"gui.mtr.rail_action_tunnel": "Túnel por %s (%s blocos de comprimento)",
	"gui.mtr.rail_action_tunnel_wall": "Parede de Túnel por %s (%s blocos de comprimento, %s)",
	"gui.mtr.rail_actions": "Operações de construção atuais",
	"gui.mtr.rail_actions_button": "Operações...",
	"gui.mtr.rail_not_found": "Não foi possível criar sinalização; trilho não encontrado",
	"gui.mtr.rail_not_found_action": "Não foi possível executar a ação, trilho não encontrado",
	"gui.mtr.refresh_path": "Atualizar caminho",
	"gui.mtr.repeat_indefinitely": "Repetir Instruções para sempre",
	"gui.mtr.reset_sign": "Redefinir",
	"gui.mtr.right": "Direita",
	"gui.mtr.rotate_anticlockwise": "Girar no sentido anti horário",
	"gui.mtr.rotate_clockwise": "Girar no sentido horário",
	"gui.mtr.route_color": "Cor da Rota",
	"gui.mtr.route_name": "Nome da Rota",
	"gui.mtr.route_type_boat_high_speed": "Tipo: Balsa Rápida",
	"gui.mtr.route_type_boat_light_rail": "Tipo: Cruzeiro",
	"gui.mtr.route_type_boat_normal": "Tipo: Balsa",
	"gui.mtr.route_type_train_high_speed": "Tipo: Trem de Alta velocidade",
	"gui.mtr.route_type_train_light_rail": "Tipo: Veículo Leve sobre Trilhos",
	"gui.mtr.route_type_train_normal": "Tipo: Normal",
	"gui.mtr.routes": "Rotas",
	"gui.mtr.s": "s",
	"gui.mtr.schedule_mode_real_time_off": "Agenda: Hora do Jogo",
	"gui.mtr.schedule_mode_real_time_on": "Agenda: Tempo real",
	"gui.mtr.search": "Buscar",
	"gui.mtr.select_all_platforms": "Mostrar chegadas de todas as plataformas",
	"gui.mtr.selected": "Selecionado",
	"gui.mtr.selected_vehicle": "Veículo Selecionado",
	"gui.mtr.separator": "/",
	"gui.mtr.separator_cjk": "/",
	"gui.mtr.settings": "Configurações",
	"gui.mtr.siding_number": "Número de Desvio",
	"gui.mtr.sidings_in_depot": "Desvios neste Pátio: %s",
	"gui.mtr.sound_file": "Arquivos de som",
	"gui.mtr.station": "Estação %s",
	"gui.mtr.station_cjk": "%s站",
	"gui.mtr.station_color": "Cor da Estação",
	"gui.mtr.station_name": "Nome da Estação",
	"gui.mtr.stations": "Estações",
	"gui.mtr.stopped_only": "Apenas Veículos Parados",
	"gui.mtr.support": "Suporte",
	"gui.mtr.this_station": "Esta é a estação %s",
	"gui.mtr.this_station_cjk": "本站是%s",
	"gui.mtr.to": "para %s",
	"gui.mtr.to_cjk": "往%s",
	"gui.mtr.tph": "/hr",
	"gui.mtr.train_schedule_sensor": "Intervalo de chegada (Segundos)",
	"gui.mtr.transport_mode_airplane": "Tipo: avião",
	"gui.mtr.transport_mode_boat": "Tipo: Barco",
	"gui.mtr.transport_mode_cable_car": "Tipo: Teleférico",
	"gui.mtr.transport_mode_train": "Tipo: Trem",
	"gui.mtr.unlimited": "Ilimitado",
	"gui.mtr.unlimited_vehicles": "Veículos Ilimitados",
	"gui.mtr.untitled": "Sem título",
	"gui.mtr.use_time_and_wind_sync": "Sincronizar automaticamente usando o mod Time & Wind",
	"gui.mtr.used_model_parts": "Peças de Modelo utilizadas",
	"gui.mtr.vehicle_brightness": "Brilho: %s%%",
	"gui.mtr.vehicle_cars": "Carros: %s",
	"gui.mtr.vehicle_direction_backwards": "Direção: Para trás",
	"gui.mtr.vehicle_direction_forwards": "Direção: Para Frente",
	"gui.mtr.vehicle_door_max": "Porta: %s",
	"gui.mtr.vehicle_length": "Comprimento: %s",
	"gui.mtr.vehicle_speed": "Velocidade: %s m/s (%s km/h)",
	"gui.mtr.vehicle_width": "Largura: %s",
	"gui.mtr.vehicles_per_hour": "Veículos por Hora",
	"gui.mtr.welcome_station": "Bem-Vindo à Estação %s.",
	"gui.mtr.welcome_station_cjk": "歡迎光臨%s站。",
	"gui.mtr.zone": "Zona de Tarifação",
	"gui.mtr.zone_number": "Zona: %s",
	"item.mtr.apg_door": "Portas de Palataforma Automáticas",
	"item.mtr.apg_glass": "Portas de Plataforma Automáticas",
	"item.mtr.apg_glass_end": "Portas de Plataforma Automáticas",
	"item.mtr.bridge_creator_3": "Criador de Pontes",
	"item.mtr.bridge_creator_5": "Criador de Pontes",
	"item.mtr.bridge_creator_7": "Criador de Pontes",
	"item.mtr.bridge_creator_9": "Criador de Pontes",
	"item.mtr.brush": "Pincel",
	"item.mtr.dashboard": "Painel da Malha Ferroviária",
	"item.mtr.dashboard_2": "Painel da Malha Marítima",
	"item.mtr.dashboard_3": "Painel dos Teleféricos",
	"item.mtr.dashboard_4": "Painel de voos",
	"item.mtr.driver_key": "Chave do Operador",
	"item.mtr.escalator": "Escada Rolante",
	"item.mtr.lift_buttons_link_connector": "Vincular Botões de Elevador",
	"item.mtr.lift_buttons_link_remover": "Desvincular Botões de Elevador",
	"item.mtr.lift_door_1": "Portas do Elevador",
	"item.mtr.lift_door_odd_1": "Portas do Elevador",
	"item.mtr.lift_refresher": "Atualizador do elevador",
	"item.mtr.psd_door": "Portas de Plataforma",
	"item.mtr.psd_door_2": "Portas de Plataforma",
	"item.mtr.psd_glass": "Portas de Plataforma",
	"item.mtr.psd_glass_2": "Portas de Plataforma",
	"item.mtr.psd_glass_end": "Portas de plataforma",
	"item.mtr.psd_glass_end_2": "Portas de plataforma",
	"item.mtr.rail_connector_120": "Conector de Trilhos de Obsidiana",
	"item.mtr.rail_connector_120_one_way": "Conector de trilhos de Obsidiana (Uma Direção)",
	"item.mtr.rail_connector_160": "Conector de trilhoe de Blaze",
	"item.mtr.rail_connector_160_one_way": "Conector de trilhos de blaze (Uma Direção)",
	"item.mtr.rail_connector_20": "Conector de trilhos de madeira",
	"item.mtr.rail_connector_200": "Conector de trilhos de ferro",
	"item.mtr.rail_connector_200_one_way": "Conector de trilhos de quartzo (Uma Direção)",
	"item.mtr.rail_connector_20_one_way": "Conector de trilhos de madeira (Uma Direção)",
	"item.mtr.rail_connector_300": "Conector de trilhos de diamante",
	"item.mtr.rail_connector_300_one_way": "Conector de trilhos de diamante (Uma Direção)",
	"item.mtr.rail_connector_40": "Conector de trilhos de pedra",
	"item.mtr.rail_connector_40_one_way": "Conector de trilhos de pedra (Uma Direção)",
	"item.mtr.rail_connector_60": "Conector de trilhos de ferro",
	"item.mtr.rail_connector_60_one_way": "Conector de trilhos de esmeralda (Uma Direção)",
	"item.mtr.rail_connector_80": "Conector de trilhos de ferro",
	"item.mtr.rail_connector_80_one_way": "Conector de trilhos de ferro (Uma Direção)",
	"item.mtr.rail_connector_cable_car": "Conector de Teleférico",
	"item.mtr.rail_connector_platform": "Conector de trilhos de plataforma",
	"item.mtr.rail_connector_runway": "Conector do trilho da pista",
	"item.mtr.rail_connector_siding": "Conector de trilhos de desvio",
	"item.mtr.rail_connector_turn_back": "Virar conector de trilhos para trás",
	"item.mtr.rail_remover": "Removedor de Trilhos",
	"item.mtr.resource_pack_creator": "Criador do Pacote de Recursos",
	"item.mtr.signal_connector_black": "Conector de Sinzalização Preto",
	"item.mtr.signal_connector_blue": "Conector de Sinalização Azul",
	"item.mtr.signal_connector_brown": "Conector de Sinalização Marrom",
	"item.mtr.signal_connector_cyan": "Conector de Sinalização Ciano",
	"item.mtr.signal_connector_gray": "Conector de sinalização cinza",
	"item.mtr.signal_connector_green": "Conector de Sinalização Verde",
	"item.mtr.signal_connector_light_blue": "Conector de Sinalização Azul Claro",
	"item.mtr.signal_connector_light_gray": "Conector de Sinalização Cinza Claro",
	"item.mtr.signal_connector_lime": "Conector de sinalização limão",
	"item.mtr.signal_connector_magenta": "Conector de Sinalização Magenta",
	"item.mtr.signal_connector_orange": "Conector de Sinalização Laranja",
	"item.mtr.signal_connector_pink": "Conector de Sinalização Rosa",
	"item.mtr.signal_connector_purple": "Conector de Sinalização Roxo",
	"item.mtr.signal_connector_red": "Conector de Sinalização Vermelho",
	"item.mtr.signal_connector_white": "Conector de Sinalização Branco",
	"item.mtr.signal_connector_yellow": "Conector de Sinalização Amarelo",
	"item.mtr.signal_remover_black": "Remover Sinalização Preta",
	"item.mtr.signal_remover_blue": "Remover Sinalização Azul",
	"item.mtr.signal_remover_brown": "Remover Sinalização Marrom",
	"item.mtr.signal_remover_cyan": "Remover do Sinalização Ciano",
	"item.mtr.signal_remover_gray": "Remover Sinalização Cinza",
	"item.mtr.signal_remover_green": "Remover Sinalização Verde",
	"item.mtr.signal_remover_light_blue": "Removedor de Sinalização Azul Claro",
	"item.mtr.signal_remover_light_gray": "Removedor do Sinalização Cinza Claro",
	"item.mtr.signal_remover_lime": "Removedor de Sinalização Verde Lima",
	"item.mtr.signal_remover_magenta": "Removedor do Sinalização Magenta",
	"item.mtr.signal_remover_orange": "Removedor do Sinalização Laranja",
	"item.mtr.signal_remover_pink": "Removedor do Sinalização Rosa",
	"item.mtr.signal_remover_purple": "Removedor de Sinalização Roxa",
	"item.mtr.signal_remover_red": "Removedor do Sinalização Vermelha",
	"item.mtr.signal_remover_white": "Removedor do Sinalização Branca",
	"item.mtr.signal_remover_yellow": "Removedor de Sinalização Amarela",
	"item.mtr.tunnel_creator_4_3": "Criador de túneis",
	"item.mtr.tunnel_creator_4_5": "Criador de túneis",
	"item.mtr.tunnel_creator_4_7": "Criador de túneis",
	"item.mtr.tunnel_creator_4_9": "Criador de túneis",
	"item.mtr.tunnel_creator_5_3": "Criador de túneis",
	"item.mtr.tunnel_creator_5_5": "Criador de túneis",
	"item.mtr.tunnel_creator_5_7": "Criador de túneis",
	"item.mtr.tunnel_creator_5_9": "Criador de túneis",
	"item.mtr.tunnel_creator_6_3": "Criador de túneis",
	"item.mtr.tunnel_creator_6_5": "Criador de túneis",
	"item.mtr.tunnel_creator_6_7": "Criador de túneis",
	"item.mtr.tunnel_creator_6_9": "Criador de túneis",
	"item.mtr.tunnel_wall_creator_4_3": "Criador de Túnel Murado",
	"item.mtr.tunnel_wall_creator_4_5": "Criador de Túnel Murado",
	"item.mtr.tunnel_wall_creator_4_7": "Criador de Túnel Murado",
	"item.mtr.tunnel_wall_creator_4_9": "Criador de Túnel Murado",
	"item.mtr.tunnel_wall_creator_5_3": "Criador de Túnel Murado",
	"item.mtr.tunnel_wall_creator_5_5": "Criador de Túnel Murado",
	"item.mtr.tunnel_wall_creator_5_7": "Criador de Túnel Murado",
	"item.mtr.tunnel_wall_creator_5_9": "Criador de Túnel Murado",
	"item.mtr.tunnel_wall_creator_6_3": "Criador de Túnel Murado",
	"item.mtr.tunnel_wall_creator_6_5": "Criador de Túnel Murado",
	"item.mtr.tunnel_wall_creator_6_7": "Criador de Túnel Murado",
	"item.mtr.tunnel_wall_creator_6_9": "Criador de Túnel Murado",
	"itemGroup.mtr.core": "Núcleo do Minecraft Transit Railway",
	"itemGroup.mtr.escalators_lifts": "Escadas Rolantes e Elevadores / Elevadores",
	"itemGroup.mtr.railway_facilities": "Instalações Ferroviárias",
	"itemGroup.mtr.station_building_blocks": "Blocos de Construção de Estações",
	"key.mtr.debug_1_negative": "Campo de debug 1 (subtrai)",
	"key.mtr.debug_1_positive": "Campo de debug 1 (adicionar)",
	"key.mtr.debug_2_negative": "Campo de debug 2 (subtrai)",
	"key.mtr.debug_2_positive": "Campo de debug 2 (adicionar)",
	"key.mtr.debug_3_negative": "Campo de debug 3 (subtrai)",
	"key.mtr.debug_3_positive": "Campo de debug 3 (adicionar)",
	"key.mtr.debug_cycle_negative": "Categoria do ciclo de debug (anterior)",
	"key.mtr.debug_cycle_positive": "Categoria de ciclo de debug (avançar)",
	"key.mtr.lift_menu": "Abrir Elevador / Seleção de Andar",
	"key.mtr.train_accelerate": "Acelerar Veículo",
	"key.mtr.train_brake": "Frear Veículo",
	"key.mtr.train_toggle_doors": "Alternar Portas",
	"options.mtr.anonymous": "Anônimo",
	"options.mtr.dynamic_texture_resolution": "Resolução dinâmica de textura (valores mais altos podem fechar o jogo!)",
	"options.mtr.hide_special_rail_colors": "Esconder cores especiais de trilho",
	"options.mtr.hide_translucent_parts": "Ocultar partes translúcidas nos veículos",
	"options.mtr.language_options": "Exibição de idioma nas placas",
	"options.mtr.language_options_0": "Padrão",
	"options.mtr.language_options_1": "Apenas cjk",
	"options.mtr.language_options_2": "Sem cjk",
	"options.mtr.off": "Desligado",
	"options.mtr.on": "Ligado",
	"options.mtr.shift_to_toggle_sitting": "Use %s para alternar entre sentar em veículos",
	"options.mtr.show_announcement_messages": "Mostrar mensagens de \"próxima estação\" no bate-papo",
	"options.mtr.support_patreon": "Apoie o mod no Patreon!",
	"options.mtr.track_texture_offset": "Rastreio de texturas",
	"options.mtr.use_dynamic_fps": "Impulsionar FPS dinamicamente",
	"options.mtr.use_mtr_font": "Usar fontes MTR personalizadas (pode não funcionar em alguns computadores)",
	"options.mtr.use_tts_announcements": "Ativar avisos de \"próxima estação\" em texto-para-fala",
	"options.mtr.vehicle_render_distance_ratio": "Renderização do veículo na proporção de renderização do Minecraft",
	"sign.mtr.airport": "Aeroporto",
	"sign.mtr.airport_arrivals": "Chegada",
	"sign.mtr.airport_arrivals_cjk": "Chegada em Hong Kong",
	"sign.mtr.airport_cjk": "Aeroporto",
	"sign.mtr.airport_departures": "Saídas",
	"sign.mtr.airport_departures_cjk": "Saídas",
	"sign.mtr.airport_express": "Trens para o Aeroporto",
	"sign.mtr.airport_express_city": "Trens para a Cidade",
	"sign.mtr.airport_express_city_cjk": "往市區列車",
	"sign.mtr.airport_express_cjk": "往機場列車",
	"sign.mtr.airport_transfer": "Transporto interno do aeroporto",
	"sign.mtr.airport_transfer_cjk": "Ponto de Inflexão",
	"sign.mtr.baggage_claim": "Restituição de Bagagem",
	"sign.mtr.baggage_claim_cjk": "Restituição de Bagagem",
	"sign.mtr.boat": "Balsas",
	"sign.mtr.boat_cjk": "渡輪",
	"sign.mtr.cable_car": "Teleféricos",
	"sign.mtr.cable_car_cjk": "纜車",
	"sign.mtr.check_in_passengers": "Check-in de Passageiros",
	"sign.mtr.check_in_passengers_cjk": "登機乘客",
	"sign.mtr.cross": "Entrada Proibida",
	"sign.mtr.cross_cjk": "不准進入",
	"sign.mtr.customer_service_centre": "Centro de Atendimento ao Cliente",
	"sign.mtr.customer_service_centre_cjk": "客務中心",
	"sign.mtr.emergency_exit": "Saída de Emergência",
	"sign.mtr.emergency_exit_cjk": "緊急出口",
	"sign.mtr.escalator_to_concourse_down": "Apenas para o Saguão",
	"sign.mtr.escalator_to_concourse_down_cjk": "直落大堂",
	"sign.mtr.escalator_to_concourse_up": "Apenas para o Saguão",
	"sign.mtr.escalator_to_concourse_up_cjk": "直落大堂",
	"sign.mtr.female": "Banheiro Feminino",
	"sign.mtr.female_cjk": "男洗手間",
	"sign.mtr.in_town_check_in": "Check-In na Cidade",
	"sign.mtr.in_town_check_in_cjk": "市區預辦登機",
	"sign.mtr.lift_1": "Elevador",
	"sign.mtr.lift_1_cjk": "升降機",
	"sign.mtr.lift_2": "Elevador",
	"sign.mtr.lift_2_cjk": "升降機",
	"sign.mtr.light_rail_1": "Veículo Leve sobre Trilhos",
	"sign.mtr.light_rail_1_cjk": "輕鐵",
	"sign.mtr.light_rail_2": "Veículo Leve sobre Trilhos",
	"sign.mtr.light_rail_2_cjk": "輕鐵",
	"sign.mtr.light_rail_3": "Veículo Leve sobre Trilhos",
	"sign.mtr.light_rail_3_cjk": "輕鐵",
	"sign.mtr.light_rail_4": "Veículo Leve sobre Trilhos",
	"sign.mtr.light_rail_4_cjk": "輕鐵",
	"sign.mtr.logo": "Minecraft Transit Railway",
	"sign.mtr.logo_cjk": "我的世界鐵路",
	"sign.mtr.male": "Banheiro masculino",
	"sign.mtr.male_cjk": "男洗手間",
	"sign.mtr.platform": "Plataforma",
	"sign.mtr.platform_cjk": "月台",
	"sign.mtr.sp1900": "Trens",
	"sign.mtr.sp1900_cjk": "列車",
	"sign.mtr.station": "Estação",
	"sign.mtr.station_cjk": "Estação",
	"sign.mtr.tickets": "Bilhetes",
	"sign.mtr.tickets_cjk": "車票",
	"sign.mtr.toilets": "Banheiros",
	"sign.mtr.toilets_cjk": "男洗手間",
	"sign.mtr.train": "Trens",
	"sign.mtr.train_cjk": "列車",
	"sign.mtr.train_old": "Trens",
	"sign.mtr.train_old_cjk": "列車",
	"sign.mtr.wheelchair": "Banheiros",
	"sign.mtr.wheelchair_cjk": "男洗手間",
	"sign.mtr.wifi": "Wi-Fi Grátis",
	"sign.mtr.wifi_cjk": "免費Wi-Fi熱點",
	"sign.mtr.xrl_1": "Trem de Alta Velocidade",
	"sign.mtr.xrl_1_cjk": "高速鐵路",
	"sign.mtr.xrl_2": "Trem de Alta Velocidade",
	"sign.mtr.xrl_2_cjk": "高速鐵路",
	"sign.mtr.yellow_head_1": "Trens",
	"sign.mtr.yellow_head_1_cjk": "火車",
	"sign.mtr.yellow_head_2": "Trens",
	"sign.mtr.yellow_head_2_cjk": "火車",
	"tooltip.block.mtr.glass_fence_cio": "Cidade Um",
	"tooltip.block.mtr.glass_fence_ckt": "Templo Che Kung",
	"tooltip.block.mtr.glass_fence_heo": "Heng On",
	"tooltip.block.mtr.glass_fence_mos": "Ma On Shan",
	"tooltip.block.mtr.glass_fence_plain": "Placa de Vidro",
	"tooltip.block.mtr.glass_fence_shm": "Shek Mun",
	"tooltip.block.mtr.glass_fence_stained": "Vidraça Tingida",
	"tooltip.block.mtr.glass_fence_stw": "Sha Tin Wai",
	"tooltip.block.mtr.glass_fence_tsh": "Tai Shui Hang",
	"tooltip.block.mtr.glass_fence_wks": "Wu Kai Sha",
	"tooltip.mtr.cable_car_node": "Nenhuma plataforma ou desvios\nApenas conexões diretas",
	"tooltip.mtr.cable_car_node_station": "Podem ser criadas plataformas e desvios\nCurvas podem ser criadas",
	"tooltip.mtr.pole_placement": "Deve ser colocado em cima de um %s existente",
	"tooltip.mtr.psd_apg_door": "Seção de Porta",
	"tooltip.mtr.psd_apg_door_2": "Seção de Porta",
	"tooltip.mtr.psd_apg_glass": "Seção de vidro",
	"tooltip.mtr.psd_apg_glass_2": "Seção de vidro",
	"tooltip.mtr.psd_apg_glass_end": "Seção Final de Vidro",
	"tooltip.mtr.rail_action_depth": "Profundidade: %s",
	"tooltip.mtr.rail_action_height": "Altura: %s",
	"tooltip.mtr.rail_action_width": "Largura: %s",
	"tooltip.mtr.rail_speed_limit": "Limite de velocidade: %s",
	"tooltip.mtr.railway_sign_even": "Orientação: Par",
	"tooltip.mtr.railway_sign_length": "Comprimento: %s",
	"tooltip.mtr.railway_sign_odd": "Orientação: Ímpar",
	"tooltip.mtr.selected_block": "Bloco selecionado: %s",
	"tooltip.mtr.selected_material": "Material Selecionado: %s",
	"tooltip.mtr.shift_right_click_to_clear": "Mantenha %s pressionado e use em %s para redefinir",
	"tooltip.mtr.shift_right_click_to_select_material": "Segure %s em um bloco para selecionar o material",
	"tooltip.mtr.station_color": "A cor depende da estação",
	"tooltip.mtr.station_color_name": "A cor e o texto dependem da estação",
	"train.mtr.a320": "Airbus A320",
	"train.mtr.a_train_ael": "CAF Airport Express",
	"train.mtr.a_train_ael_mini": "CAF Airport Express (Mini)",
	"train.mtr.a_train_tcl": "CAF Tung Chung Line",
	"train.mtr.a_train_tcl_mini": "CAF Tung Chung Line (Mini)",
	"train.mtr.a_train_tcl_small": "CAF Tung Chung Line (Pequeno)",
	"train.mtr.acacia_boat": "Barco de Acácia",
	"train.mtr.birch_boat": "Barco de Bétula",
	"train.mtr.br_423": "DB BR 423",
	"train.mtr.c1141a": "1141A / TML C-Train",
	"train.mtr.c1141a_mini": "1141A / TML C-Train (Mini)",
	"train.mtr.c1141a_small": "1141A / TML C-Train (Pequeno)",
	"train.mtr.c_train": "C-Trem",
	"train.mtr.c_train_mini": "C-Trem (Mini)",
	"train.mtr.c_train_small": "C-Trem (Pequeno)",
	"train.mtr.class_377_southern": "Trilho Britânico Classe 377 (Sul)",
	"train.mtr.class_802_gwr": "British Rail Class 802 (GWR)",
	"train.mtr.class_802_gwr_mini": "British Rail Class 802 (GWR, Mini)",
	"train.mtr.class_802_tpe": "Classe do Trilho Britânico 802 (TPE)",
	"train.mtr.class_802_tpe_mini": "British Rail Class 802 (TPE, Mini)",
	"train.mtr.cm_stock": "Metro-Cammell Train (Unrefurbished M-Train)",
	"train.mtr.cm_stock_mini": "Metro-Cammell Train (Unrefurbished M-Train, Mini)",
	"train.mtr.cm_stock_small": "Metro-Cammell Train (Unrefurbished M-Train, Small)",
	"train.mtr.dark_oak_boat": "Barco de Carvalho Escuro",
	"train.mtr.drl": "Disneyland Resort Line Train",
	"train.mtr.e44": "KCR E44 (Yellow Head)",
	"train.mtr.e44_mini": "KCR E44 (Yellow Head, Mini)",
	"train.mtr.flying_minecart": "Minecraft Voador",
	"train.mtr.jungle_boat": "Barco de Madeira da Selva",
	"train.mtr.k_train": "K-Train",
	"train.mtr.k_train_ael": "K-Train Airport Express",
	"train.mtr.k_train_ael_mini": "K-Train Airport Express (Mini)",
	"train.mtr.k_train_ael_small": "K-Train Airport Express (Small)",
	"train.mtr.k_train_mini": "K-Treino (Mini)",
	"train.mtr.k_train_small": "K-Train (Small)",
	"train.mtr.k_train_tcl": "K-Train Tung Chung Line",
	"train.mtr.k_train_tcl_mini": "K-Train Tung Chung Line (Mini)",
	"train.mtr.k_train_tcl_small": "K-Train Tung Chung Line (pequeno)",
	"train.mtr.light_rail_1": "Light Rail (Phase 1, LHT)",
	"train.mtr.light_rail_1_orange": "Light Rail (Phase 1, Orange Livery, LHT)",
	"train.mtr.light_rail_1_orange_rht": "Light Rail (Phase 1, Orange Livery, RHT)",
	"train.mtr.light_rail_1_rht": "Light Rail (Phase 1, RHT)",
	"train.mtr.light_rail_1r": "Light Rail (Phase 1 Refurbished, LHT)",
	"train.mtr.light_rail_1r_old": "Light Rail (Phase 1 Refurbished, Blue Livery, LHT)",
	"train.mtr.light_rail_1r_old_rht": "Light Rail (Phase 1 Refurbished, Blue Livery, RHT)",
	"train.mtr.light_rail_1r_orange": "Light Rail (Phase 1 Refurbished, Orange Livery, LHT)",
	"train.mtr.light_rail_1r_orange_rht": "Light Rail (Phase 1 Refurbished, Orange Livery, RHT)",
	"train.mtr.light_rail_1r_rht": "Light Rail (Phase 1 Refurbished, RHT)",
	"train.mtr.light_rail_2": "Light Rail (Phase 2, LHT)",
	"train.mtr.light_rail_2r": "Trilho Leve (Fase 2 Recuperado, LHT)",
	"train.mtr.light_rail_2r_rht": "Trilho Leve (Fase 2 Recuperado, RHT)",
	"train.mtr.light_rail_2_orange": "Light Rail (Phase 2, Orange Livery, LHT)",
	"train.mtr.light_rail_2_orange_rht": "Light Rail (Phase 2, Orange Livery, RHT)",
	"train.mtr.light_rail_2_rht": "Light Rail (Phase 2, RHT)",
	"train.mtr.light_rail_3": "Light Rail (Phase 3, LHT)",
	"train.mtr.light_rail_3r": "Trilho Leve (Fase 3 Recuperado, LHT)",
	"train.mtr.light_rail_3r_rht": "Trilho Leve (Fase 3 Recuperado, RHT)",
	"train.mtr.light_rail_3_orange": "Light Rail (Phase 3, Orange Livery, LHT)",
	"train.mtr.light_rail_3_orange_rht": "Light Rail (Phase 3, Orange Livery, RHT)",
	"train.mtr.light_rail_3_rht": "Light Rail (Phase 3, RHT)",
	"train.mtr.light_rail_4": "Light Rail (Phase 4, LHT)",
	"train.mtr.light_rail_4_old": "Light Rail (Phase 4, Blue Livery, LHT)",
	"train.mtr.light_rail_4_old_rht": "Light Rail (Phase 4, Blue Livery, RHT)",
	"train.mtr.light_rail_4_orange": "Light Rail (Phase 4, Orange Livery, LHT)",
	"train.mtr.light_rail_4_orange_rht": "Light Rail (Phase 4, Orange Livery, RHT)",
	"train.mtr.light_rail_4_rht": "Light Rail (Phase 4, RHT)",
	"train.mtr.light_rail_5": "Light Rail (Phase 5, LHT)",
	"train.mtr.light_rail_5_old": "Light Rail (Phase 5, Blue Livery, LHT)",
	"train.mtr.light_rail_5_old_rht": "Light Rail (Phase 5, Blue Livery, RHT)",
	"train.mtr.light_rail_5_orange": "Light Rail (Phase 5, Orange Livery, LHT)",
	"train.mtr.light_rail_5_orange_rht": "Light Rail (Phase 5, Orange Livery, RHT)",
	"train.mtr.light_rail_5_rht": "Light Rail (Phase 5, RHT)",
	"train.mtr.london_underground_1995": "London Underground 1995 Stock",
	"train.mtr.london_underground_1996": "London Underground 1996 Stock",
	"train.mtr.london_underground_d78": "London Underground D78 Stock",
	"train.mtr.london_underground_d78_mini": "Londres Underground D78 Stock (Mini)",
	"train.mtr.m_train": "M-Train",
	"train.mtr.m_train_mini": "M-Train (Mini)",
	"train.mtr.m_train_small": "M-Train (Small)",
	"train.mtr.minecart": "Minecart",
	"train.mtr.mlr": "MLR Train",
	"train.mtr.mlr_christmas": "Trem versão natal",
	"train.mtr.mlr_christmas_mini": "Mini trem versão natal",
	"train.mtr.mlr_christmas_small": "Pequeno trem versão natal",
	"train.mtr.mlr_mini": "MLR Train (Mini)",
	"train.mtr.mlr_small": "MLR Train (Small)",
	"train.mtr.mpl_85": "MPL 85",
	"train.mtr.ngong_ping_360_crystal": "Ngong Ping 360 Crystal Cabin (LHT)",
	"train.mtr.ngong_ping_360_crystal_rht": "Ngong Ping 360 Crystal Cabin (RHT)",
	"train.mtr.ngong_ping_360_crystal_plus": "Ngong Ping 360 Crystal+ Cabin (LHT)",
	"train.mtr.ngong_ping_360_crystal_plus_rht": "Ngong Ping 360 Crystal+ Cabin (RHT)",
	"train.mtr.ngong_ping_360_normal_light_blue": "Ngong Ping 360 (Light Blue, LHT)",
	"train.mtr.ngong_ping_360_normal_light_blue_rht": "Ngong Ping 360 (Light Blue, RHT)",
	"train.mtr.ngong_ping_360_normal_orange": "Ngong Ping 360 (Orange, LHT)",
	"train.mtr.ngong_ping_360_normal_orange_rht": "Ngong Ping 360 (Orange, RHT)",
	"train.mtr.ngong_ping_360_normal_red": "Ngong Ping 360 (Red, LHT)",
	"train.mtr.ngong_ping_360_normal_red_rht": "Ngong Ping 360 (Red, RHT)",
	"train.mtr.oak_boat": "Barco de Carvalho",
	"train.mtr.r179": "R179 (New York City Subway)",
	"train.mtr.r179_mini": "R179 (New York City Subway, Mini)",
	"train.mtr.r211": "R211 (New York City Subway)",
	"train.mtr.r211_mini": "R211 (New York City Subway, Mini)",
	"train.mtr.r211t": "R211T (New York City Subway)",
	"train.mtr.r211t_mini": "R211T (New York City Subway, Mini)",
	"train.mtr.r_train": "R-Train",
	"train.mtr.r_train_mini": "R-Train (Mini)",
	"train.mtr.r_train_small": "R-Train (Small)",
	"train.mtr.s_train": "S-Train",
	"train.mtr.s_train_mini": "S-Train (Mini)",
	"train.mtr.s_train_small": "S-Train (Small)",
	"train.mtr.sp1900": "SP1900",
	"train.mtr.sp1900_mini": "SP1900 (Mini)",
	"train.mtr.sp1900_small": "SP1900 (Small)",
	"train.mtr.spruce_boat": "Barco de Pinheiro"
}
