{
	"block.minecraft.bedrock_slab": "Degrau de Rocha-Mãe",
	"block.minecraft.birch_wood_slab": "Laje de Madeira de Bétula",
	"block.minecraft.bone_block_slab": "Laje de Osso",
	"block.minecraft.chiseled_quartz_block_slab": "Laje de Bloco de Quartzo Esculpido",
	"block.minecraft.chiseled_stone_bricks_slab": "Laje de Tijolo de Pedra Esculpido",
	"block.minecraft.clay_slab": "Laje de Argila",
	"block.minecraft.coal_ore_slab": "Laje de Minério de Carvão",
	"block.minecraft.concrete": "Betão",
	"block.minecraft.concrete_powder": "Pó de Betão",
	"block.minecraft.concrete_powder_slab": "Laje de Cimento",
	"block.minecraft.concrete_slab": "Laje de Concreto",
	"block.minecraft.cracked_stone_bricks_slab": "Laje de Tijolo de Pedra Rachado",
	"block.minecraft.gravel_slab": "Laje de Cascalho",
	"block.minecraft.iron_block_slab": "Laje de Bloco de Ferro",
	"block.minecraft.metal": "Bloco de Metal",
	"block.minecraft.metal_slab": "Laje de Metal",
	"block.minecraft.planks": "Tábuas de Madeira",
	"block.minecraft.planks_slab": "Laje de Tábuas de Madeira",
	"block.minecraft.purpur_block_slab": "Laje de Bloco de Púrpura",
	"block.minecraft.purpur_pillar_slab": "Laje de Pilar de Púrpura",
	"block.minecraft.quartz_block_slab": "Laje de Bloco de Quartzo",
	"block.minecraft.quartz_bricks_slab": "Laje de Tijolo de Quartzo",
	"block.minecraft.quartz_pillar_slab": "Laje de Pilar de Quartzo",
	"block.minecraft.snow_block_slab": "Laje de Bloco de Neve",
	"block.minecraft.stained_glass": "Vidro Tingido",
	"block.minecraft.stained_glass_slab": "Laje de Vidro Tingido",
	"block.minecraft.stone_bricks_slab": "Laje de Tijolo de Pedra",
	"block.minecraft.wool": "Lã",
	"block.minecraft.wool_slab": "Laje de Lã",
	"block.mtr.airplane_node": "Nódulo de Avião",
	"block.mtr.apg_door": "Portões de plataforma automáticos",
	"block.mtr.apg_glass": "Portões de plataforma automáticos",
	"block.mtr.apg_glass_end": "Portões de plataforma automáticos",
	"block.mtr.arrival_projector_1_large": "Projetor de Chegada (3x3)",
	"block.mtr.arrival_projector_1_medium": "Projetor de Chegada (3x2)",
	"block.mtr.arrival_projector_1_small": "Projetor de Chegada (1x1)",
	"block.mtr.boat_node": "Nódulo de Barco",
	"block.mtr.cable_car_node_lower": "Nódulo de Teleférico",
	"block.mtr.cable_car_node_station": "Nódulo de Estação de Teleférico",
	"block.mtr.cable_car_node_upper": "Nódulo de Teleférico",
	"block.mtr.ceiling": "Teto",
	"block.mtr.ceiling_light": "Teto (Luz)",
	"block.mtr.ceiling_no_light": "Teto (Sem Luz)",
	"block.mtr.clock": "Relógio",
	"block.mtr.clock_pole": "Poste do Relógio",
	"block.mtr.escalator_side": "Escada rolante",
	"block.mtr.escalator_step": "Escada rolante",
	"block.mtr.glass_fence_cio": "Cerca de vidro",
	"block.mtr.glass_fence_ckt": "Cerca de vidro",
	"block.mtr.glass_fence_heo": "Cerca de vidro",
	"block.mtr.glass_fence_mos": "Cerca de vidro",
	"block.mtr.glass_fence_plain": "Cerca de vidro",
	"block.mtr.glass_fence_shm": "Cerca de vidro",
	"block.mtr.glass_fence_stained": "Cerca de vidro",
	"block.mtr.glass_fence_stw": "Cerca de vidro",
	"block.mtr.glass_fence_tsh": "Cerca de vidro",
	"block.mtr.glass_fence_wks": "Cerca de vidro",
	"block.mtr.lift_buttons_1": "Elevador / Botões de Elevador",
	"block.mtr.lift_door_1": "Elevador / Portas de Elevador",
	"block.mtr.lift_door_odd_1": "Elevador / Portas de Elevador",
	"block.mtr.lift_panel_even_1": "Painel de Exibição de Elevador",
	"block.mtr.lift_panel_even_2": "Painel de Exibição de Elevador",
	"block.mtr.lift_panel_odd_1": "Painel de Exibição de Elevador",
	"block.mtr.lift_panel_odd_2": "Painel de Exibição de Elevador",
	"block.mtr.lift_track_1": "Elevador / Pista de Elevador",
	"block.mtr.lift_track_floor_1": "Elevador / Chão da Pista de Elevador",
	"block.mtr.logo": "Logotipo MTR",
	"block.mtr.marble_blue": "Mármore Azul",
	"block.mtr.marble_blue_slab": "Laje de Mármore Azul",
	"block.mtr.marble_sandy": "Mármore Arenoso",
	"block.mtr.marble_sandy_slab": "Laje de Mármore Arenoso",
	"block.mtr.metal": "Metal",
	"block.mtr.metal_slab": "Laje de Metal",
	"block.mtr.pids_1": "Sistema de informação de passageiros",
	"block.mtr.pids_2": "Sistema de informação de passageiros",
	"block.mtr.pids_3": "Sistema de Exibição de Informações dos Passageiros",
	"block.mtr.pids_pole": "Poste de PIDS",
	"block.mtr.platform": "Plataforma (Hong Kong)",
	"block.mtr.platform_indented": "Plataforma (Hong Kong)",
	"block.mtr.platform_na_1": "Plataforma (América do Norte)",
	"block.mtr.platform_na_1_indented": "Plataforma (América do Norte)",
	"block.mtr.platform_na_2": "Plataforma (América do Norte)",
	"block.mtr.platform_na_2_indented": "Plataforma (América do Norte)",
	"block.mtr.platform_uk_1": "plataforma（UK）",
	"block.mtr.platform_uk_1_indented": "Plataforma (Reino Unido)",
	"block.mtr.psd_door": "Portas de tela de plataforma",
	"block.mtr.psd_door_2": "Portas de tela de plataforma",
	"block.mtr.psd_glass": "Portas de tela de plataforma",
	"block.mtr.psd_glass_2": "Portas de tela de plataforma",
	"block.mtr.psd_glass_end": "Portas de tela de plataforma",
	"block.mtr.psd_glass_end_2": "Portas de tela de plataforma",
	"block.mtr.psd_top": "Portas de tela de plataforma",
	"block.mtr.rail": "Nó Ferroviário",
	"block.mtr.railway_sign": "Placa de Ferrovia",
	"block.mtr.railway_sign_pole": "Placa de Sinal Ferroviário",
	"block.mtr.route_sign_standing_light": "Placa de Rota (Luz de Pé)",
	"block.mtr.route_sign_standing_metal": "Placa de Rota (Metal de pé)",
	"block.mtr.route_sign_wall_light": "Placa de Rota (Luz de Parede)",
	"block.mtr.route_sign_wall_metal": "Placa de Rota (Metal de Parede)",
	"block.mtr.rubbish_bin_1": "Caixote do Lixo",
	"block.mtr.signal_light_1": "Sinal de Luz (2 Aspectos)",
	"block.mtr.signal_light_2": "Sinal de Luz (2 Aspectos, Duplo-Lado)",
	"block.mtr.signal_light_3": "Sinal de Luz (2 Aspectos)",
	"block.mtr.signal_light_3_aspect_1": "Sinal de Luz (3 Aspectos)",
	"block.mtr.signal_light_3_aspect_2": "Sinal de Luz (3 Aspectos, Duplo-Lado)",
	"block.mtr.signal_light_4": "Sinal de Luz (2 Aspectos, Duplo-Lado)",
	"block.mtr.signal_light_4_aspect_1": "Sinal de Luz (4 Aspectos)",
	"block.mtr.signal_light_4_aspect_2": "Sinal de Luz (4 Aspectos, Duplo-Lado)",
	"block.mtr.signal_pole": "Polo de Sinal",
	"block.mtr.signal_semaphore_1": "Sinal de semáforo",
	"block.mtr.signal_semaphore_2": "Sinal de semáforo (Ambos os Lados)",
	"block.mtr.station_name_entrance": "Nome da Estação (Entrada)",
	"block.mtr.station_name_tall_block": "Nome da Estação (Bloco Alto)",
	"block.mtr.station_name_tall_block_double_sided": "Nome da Estação (Bloco Alto, Ambos os Lados)",
	"block.mtr.station_name_tall_wall": "Nome da Estação (Texto de Parede Alto)",
	"block.mtr.station_name_wall": "Nome da Estação (Texto da Parede, Branco)",
	"block.mtr.station_name_wall_black": "Nome da Estação (Texto da Parede, Preto)",
	"block.mtr.station_name_wall_gray": "Nome da Estação (Texto da Parede, Cinzento)",
	"block.mtr.station_pole": "Poste da Cor da Estação",
	"block.mtr.tactile_map": "Mapa Tátil",
	"block.mtr.ticket_barrier_entrance_1": "Barreira de Bilhete (Entrada)",
	"block.mtr.ticket_barrier_exit_1": "Barreira de Bilhete (Saida)",
	"block.mtr.ticket_machine": "Máquina do bilhetes",
	"block.mtr.ticket_processor": "Validador de Bilhete",
	"block.mtr.ticket_processor_enquiry": "Processador de Consultas",
	"block.mtr.ticket_processor_entrance": "Validador de Bilhete (Entrada)",
	"block.mtr.ticket_processor_exit": "Validador de Bilhete (Saída)",
	"block.mtr.train_announcer": "Anunciante",
	"block.mtr.train_cargo_loader": "Carregador de Carga",
	"block.mtr.train_cargo_unloader": "Descarregador de Carga",
	"block.mtr.train_schedule_sensor": "Sensor de Horário",
	"block.mtr.train_sensor": "Sensor de Redstone",
	"category.mtr.keybinding": "Teclado de Minecraft Transit Railway",
	"entity.mtr.seat": "",
	"gui.mtr.acceleration": "Aceleração do veículo",
	"gui.mtr.add_balance_for_emeralds": "Adicione %s € para %s esmeralda(s)",
	"gui.mtr.add_depot": "Adicionar Depósito",
	"gui.mtr.add_exit": "Adicionar saída da estação",
	"gui.mtr.add_exit_destination": "Adicione um Destino de Saída",
	"gui.mtr.add_route": "Adicionar rota",
	"gui.mtr.add_station": "Adicionar estação",
	"gui.mtr.add_value": "Acrescentar Valor",
	"gui.mtr.already_entered": "Estação já Ingressada",
	"gui.mtr.already_exited": "Não foi encontrado nenhum registo",
	"gui.mtr.announcement_message": "Mensagem de Anúncio",
	"gui.mtr.anticlockwise_to": "Sentido Anti-Horário para %s",
	"gui.mtr.anticlockwise_to_cjk": "(ExplicitText=\"ereposica,&s%s",
	"gui.mtr.anticlockwise_via": "Sentido Anti-Horário via %s",
	"gui.mtr.anticlockwise_via_cjk": "(ExplicitText=\"ereposica,&s%s",
	"gui.mtr.arrival_car": "%s- carruagem",
	"gui.mtr.arrival_car_cjk": "%s 卡",
	"gui.mtr.arrival_min": "%s min",
	"gui.mtr.arrival_min_cjk": "%s 分鐘",
	"gui.mtr.arrival_sec": "%s segundos",
	"gui.mtr.arrival_sec_cjk": "%s 秒",
	"gui.mtr.automatically_detect_nearby_platform": "Detectar automaticamente plataforma nas proximidades",
	"gui.mtr.available": "Disponível",
	"gui.mtr.available_model_parts": "Partes de Modelo Disponíveis",
	"gui.mtr.balance": "Saldo: %s €",
	"gui.mtr.cable_car_invalid_orientation": "Conexão de Cabo Inválida",
	"gui.mtr.cars_to_spawn": "Carruagens a serem geradas: %s",
	"gui.mtr.clear_vehicles": "Resetar Veículos",
	"gui.mtr.clockwise_to": "Sentido Horário para %s",
	"gui.mtr.clockwise_to_cjk": "順時針往%s",
	"gui.mtr.clockwise_via": "Sentido Horário via %s",
	"gui.mtr.clockwise_via_cjk": "順時針經%s",
	"gui.mtr.color": "Cor",
	"gui.mtr.comma": ", ",
	"gui.mtr.comma_cjk": "、",
	"gui.mtr.comma_last": " e ",
	"gui.mtr.comma_last_cjk": "或",
	"gui.mtr.connecting_station_interchange_announcement_part": "%1$s na estação %2$s",
	"gui.mtr.connecting_station_interchange_announcement_part_cjk": "往%2$s站轉乘%1$s",
	"gui.mtr.connecting_station_part": "Passageiros podem mudar para %s.",
	"gui.mtr.connecting_station_part_cjk": "乘客可在該站%s。",
	"gui.mtr.cruising_altitude": "Altitude Cruzada",
	"gui.mtr.custom_destination_suggestion": "Destino (\\r para redefinir)",
	"gui.mtr.custom_resources_export_resource_pack": "Exportar Pacote de Recursos",
	"gui.mtr.custom_resources_gangway_connection_id": "ID de Conexão Gangway",
	"gui.mtr.custom_resources_id": "ID",
	"gui.mtr.custom_resources_name": "Nome",
	"gui.mtr.custom_resources_rider_offset": "Offset de Passageiro: %s",
	"gui.mtr.custom_resources_train_barrier_id": "ID de Barreira do Comboio",
	"gui.mtr.delete_confirmation": "Tens a certeza que queres apagar %s?",
	"gui.mtr.depot_color": "Cor do Depósito",
	"gui.mtr.depot_name": "Nome do Depósito",
	"gui.mtr.depots": "Depósitos",
	"gui.mtr.disable_next_station_announcements": "Desativar Anúncios da Próxima Estação",
	"gui.mtr.dismount_hold": "Pressiona %s para forçar a desmontagem: %s",
	"gui.mtr.display_page": "Número de Página",
	"gui.mtr.door_animation_type_bouncy_1": "Portas: Saltitante (1)",
	"gui.mtr.door_animation_type_bouncy_2": "Portas: Saltitante (2)",
	"gui.mtr.door_animation_type_constant": "Portas: Constante",
	"gui.mtr.door_animation_type_mlr": "Portas: MLR",
	"gui.mtr.door_animation_type_plug_fast": "Portas: Plug Rápido",
	"gui.mtr.door_animation_type_plug_slow": "Portas: Plug Lento",
	"gui.mtr.door_animation_type_r179": "Portas: R179",
	"gui.mtr.door_animation_type_r211": "Portas: R211",
	"gui.mtr.door_animation_type_standard": "Portas: Padrão",
	"gui.mtr.door_animation_type_standard_slow": "Portas: Devagar",
	"gui.mtr.drag_file_to_upload": "Arraste o Arquivo para Fazer Upload",
	"gui.mtr.dwell_time": "Tempo de Permanência do Veículo",
	"gui.mtr.edit_area": "Clique e arraste para desenhar a área.",
	"gui.mtr.edit_instructions": "Editar Instruções",
	"gui.mtr.edit_route": "Clique numa plataforma para adicioná-la à rota.",
	"gui.mtr.editing_part": "Editando: %s",
	"gui.mtr.emeralds": "Esmeraldas: %s",
	"gui.mtr.enter_barrier": "Inserido %s - Saldo: $%s",
	"gui.mtr.exit_barrier": "Saída %s - Tarifa: $%s - Saldo: $%s",
	"gui.mtr.exit_destinations": "Destinos de Saída",
	"gui.mtr.exit_parents": "Saídas da Estação",
	"gui.mtr.file_model": "Ficheiro Blockbench",
	"gui.mtr.file_properties": "Propriedades do Ficheiro (Opcional)",
	"gui.mtr.file_texture": "Ficheiro de Textura",
	"gui.mtr.file_upload": "Upload...",
	"gui.mtr.filtered_platforms": "Plataformas filtradas (%s)",
	"gui.mtr.filtered_routes": "Rotas filtradas (%s)",
	"gui.mtr.filtered_routes_condition": "Apenas veículos rodando nas seguintes rotas ativarão este bloco",
	"gui.mtr.filtered_routes_empty": "Todos os veículos ativarão este bloco",
	"gui.mtr.game_time": "Tempo de Jogo",
	"gui.mtr.generate_map": "Gerar mapa de rota",
	"gui.mtr.generating_path": "A Gerar o Caminho",
	"gui.mtr.hide_arrival": "Ocultar Chegada",
	"gui.mtr.insufficient_balance": "Saldo insuficiente ($%s)",
	"gui.mtr.interchange_announcement": "Passageiros podem trocar para %s.",
	"gui.mtr.interchange_announcement_cjk": "乘客可以轉乘%s。",
	"gui.mtr.invalid_orientation": "Impossível conectar trilho; orientação inválida",
	"gui.mtr.is_anticlockwise_route": "É Rota Circular no Sentido Anti-horário",
	"gui.mtr.is_clockwise_route": "É Rota no Sentido Horário",
	"gui.mtr.is_light_rail_route": "Tem Número de Rota",
	"gui.mtr.is_manual": "Veículo Conduzível",
	"gui.mtr.is_route_hidden": "Ocultar Rota",
	"gui.mtr.last_airplane_station": "Este vôo vai para %s",
	"gui.mtr.last_airplane_station_cjk": "本航班往%s",
	"gui.mtr.last_boat_station": "Este navio vai para %s",
	"gui.mtr.last_boat_station_cjk": "本渡輪往%s",
	"gui.mtr.last_cable_car_station": "Este teleférico vai para %s",
	"gui.mtr.last_cable_car_station_cjk": "本纜車往%s",
	"gui.mtr.last_train_station": "Este Comboio vai para %s",
	"gui.mtr.last_train_station_cjk": "本列車往%s",
	"gui.mtr.left": "Esquerda",
	"gui.mtr.lift_buttons_locked": "Botões Bloqueados",
	"gui.mtr.lift_buttons_unlocked": "Botões Desbloqueados",
	"gui.mtr.lift_floor_description": "Descrição",
	"gui.mtr.lift_floor_number": "Número do Andar",
	"gui.mtr.lift_is_double_sided": "Ambos os Lados",
	"gui.mtr.lift_should_ding": "Tocar som de \"Ding\"",
	"gui.mtr.lift_style": "Style: %s",
	"gui.mtr.lift_style_opaque": "Opaco",
	"gui.mtr.lift_style_transparent": "Transparente",
	"gui.mtr.lift_track_required": "Trilho de Elevador Necessário",
	"gui.mtr.light_rail_route_announcement": "Esta é a rota %s para %s.",
	"gui.mtr.light_rail_route_announcement_cjk": "本班為%s綫列車前往%s。",
	"gui.mtr.light_rail_route_number": "Número de Rota",
	"gui.mtr.london_train_interchange_announcement": "Mude aqui para %s.",
	"gui.mtr.london_train_interchange_announcement_cjk": "乘客可在該站轉乘%s。",
	"gui.mtr.london_train_next_station_announcement": "A Próxima Estação é %s.",
	"gui.mtr.london_train_next_station_announcement_cjk": "下一站是%s。",
	"gui.mtr.london_train_route_announcement": "Isto é um comboio %s com destino a %s.",
	"gui.mtr.london_train_route_announcement_cjk": "本班為%s列車前往%s。",
	"gui.mtr.london_train_terminating_announcement": "Este comboio termina aqui.",
	"gui.mtr.london_train_terminating_announcement_cjk": "列車以本站為終點站。",
	"gui.mtr.london_train_this_station_announcement": "Esta estação é %s.",
	"gui.mtr.london_train_this_station_announcement_cjk": "本站是%s。",
	"gui.mtr.manual_to_automatic_time": "Tempo limite de condução",
	"gui.mtr.max_manual_speed": "Velocidade Máxima da Unidade",
	"gui.mtr.max_vehicles": "Máximo de Veículos por Depósito",
	"gui.mtr.mismatched_versions": "Por favor, atualize o mod do Minecraft Transit Railway e tente novamente.",
	"gui.mtr.mismatched_versions_server_version": "Versão do servidor: %s",
	"gui.mtr.mismatched_versions_your_version": "Sua versão: %s",
	"gui.mtr.moving_only": "Apenas Veículos em Movimento",
	"gui.mtr.mtr_options": "Opções do Minecraft Transit Railway",
	"gui.mtr.name": "Nome",
	"gui.mtr.next_departure": "Tempo estimado da próxima partida: %s",
	"gui.mtr.next_departure_none": "Sem partida agendadas",
	"gui.mtr.next_route_airplane_announcement": "Este vôo será alterado para %s com destino a %s.",
	"gui.mtr.next_route_airplane_announcement_cjk": "本航班會改為%s前往%s。",
	"gui.mtr.next_route_boat_announcement": "Este navio será alterado para %s para %s.",
	"gui.mtr.next_route_boat_announcement_cjk": "本渡輪會改為%s前往%s。",
	"gui.mtr.next_route_boat_light_rail_announcement": "Esta rota será alterada para a rota %s. Passageiros para %s, por favor permaneça nesta embarcação.",
	"gui.mtr.next_route_boat_light_rail_announcement_cjk": "本渡輪會改為%s路綫。前往%s沿途各站之乘客, 可乘本渡輪。",
	"gui.mtr.next_route_cable_car_announcement": "Este teleférico será alterado para %s para %s.",
	"gui.mtr.next_route_cable_car_announcement_cjk": "本纜車會改為%s前往%s。",
	"gui.mtr.next_route_train_announcement": "Este comboio será alterado para %s com destino a %s.",
	"gui.mtr.next_route_train_announcement_cjk": "本班車會改為%s前往%s。",
	"gui.mtr.next_route_train_light_rail_announcement": "Esta rota será alterada para a rota %s. Passageiros para %s, por favor permaneça nesta comboio.",
	"gui.mtr.next_route_train_light_rail_announcement_cjk": "本班車會改為%s路綫。前往%s沿途各站之乘客, 可乘本列車。",
	"gui.mtr.next_station": "A Próxima Estação é %s",
	"gui.mtr.next_station_announcement": "Próxima estação: %s.",
	"gui.mtr.next_station_announcement_cjk": "下一站：%s。",
	"gui.mtr.next_station_cjk": "下一站是%s",
	"gui.mtr.next_station_light_rail_announcement": "Próxima Paragem: %s.",
	"gui.mtr.next_station_light_rail_announcement_cjk": "下一站：%s。",
	"gui.mtr.no_lift_tracks_floor_found": "Nenhum caminho de Elevador Encontrado",
	"gui.mtr.offset_x": "Offset X: %s",
	"gui.mtr.offset_y": "Offset Y: %s",
	"gui.mtr.offset_z": "Offset Z: %s",
	"gui.mtr.part_blacklisted_cars": "Carruagens Bloqueadas",
	"gui.mtr.part_display_cjk_size_ratio": "Tamanho do CJK: %s",
	"gui.mtr.part_display_force_single_line": "Forçar linha única",
	"gui.mtr.part_display_force_upper_case": "Forçar Maiúsculas",
	"gui.mtr.part_display_should_scroll": "Deslizar de Texto",
	"gui.mtr.part_display_text_color": "Cor",
	"gui.mtr.part_display_text_color_cjk": "Cor CJK/Não-CJK",
	"gui.mtr.part_display_type_destination": "Tipo: Destino",
	"gui.mtr.part_display_type_next_station_kcr": "Tipo: Próxima Estação (KCR)",
	"gui.mtr.part_display_type_next_station_mtr": "Tipo: Próxima Estação (MTR)",
	"gui.mtr.part_display_type_next_station_plain": "Tipo: Próxima Estação",
	"gui.mtr.part_display_type_next_station_uk": "Tipo: Próxima Estação (Reino Unido)",
	"gui.mtr.part_display_type_route_number": "Tipo: Número da Rota",
	"gui.mtr.part_display_x_padding": "Espaçamento X: %s",
	"gui.mtr.part_display_y_padding": "Espaçamento Y: %s",
	"gui.mtr.part_door_offset_left_negative": "Deslocamento de porta: -Esquerda",
	"gui.mtr.part_door_offset_left_positive": "Deslocamento de porta: +Esquerda",
	"gui.mtr.part_door_offset_none": "Deslocamento de porta: Nenhum",
	"gui.mtr.part_door_offset_right_negative": "Deslocamento de porta: -Direita",
	"gui.mtr.part_door_offset_right_positive": "Deslocamento de porta: +Direita",
	"gui.mtr.part_is_display": "É Tela",
	"gui.mtr.part_mirror": "Espelhado",
	"gui.mtr.part_positions": "Posições",
	"gui.mtr.part_render_condition_all": "Renderização: Sempre",
	"gui.mtr.part_render_condition_door_left_closed": "Renderizar: Portas Esquerdas Fechadas",
	"gui.mtr.part_render_condition_door_left_open": "Renderizar: Portas Esquerdas Abertas",
	"gui.mtr.part_render_condition_door_right_closed": "Renderizar: Portas Direitas Fechadas",
	"gui.mtr.part_render_condition_door_right_open": "Renderizar: Portas Direitas Abertas",
	"gui.mtr.part_render_condition_doors_closed": "Renderizar: Portas Fechadas",
	"gui.mtr.part_render_condition_doors_open": "Renderizar: Portas Abertas",
	"gui.mtr.part_render_condition_moving_backwards": "Renderizar: Movimento para Trás",
	"gui.mtr.part_render_condition_moving_forwards": "Renderizar: Movimento para a Frente",
	"gui.mtr.part_skip_rendering_if_too_far": "Ocultar quando Longe",
	"gui.mtr.part_stage_always_on_lights": "Luzes (Sempre Ligadas)",
	"gui.mtr.part_stage_exterior": "Exterior",
	"gui.mtr.part_stage_interior": "Interior",
	"gui.mtr.part_stage_interior_translucent": "Interior (Translúcido)",
	"gui.mtr.part_stage_lights": "Luzes",
	"gui.mtr.part_whitelisted_cars": "Carros Permitidos",
	"gui.mtr.path_found": "Caminho criado com sucesso",
	"gui.mtr.path_not_found_between": "Caminho não encontrado em|> %s|entre|> %s|e|> %s|",
	"gui.mtr.path_not_generated": "Caminho não gerado",
	"gui.mtr.percentage_complete_bridge": "Construindo Ponte (%s%%)",
	"gui.mtr.percentage_complete_tunnel": "Construindo Túnel (%s%%)",
	"gui.mtr.percentage_complete_tunnel_wall": "Construindo Parede do Túnel (%s%%)",
	"gui.mtr.pids_message": "Mensagem PIDS Customizada",
	"gui.mtr.platform": "Plataforma %s",
	"gui.mtr.platform_number": "Número da Plataforma",
	"gui.mtr.platform_or_siding_exists": "Cada nódulo ferroviário só pode ser conectado a uma plataforma ou lado",
	"gui.mtr.press_to_select_floor": "Pressione %s para selecionar piso",
	"gui.mtr.psd_apg_door_locked": "Porta Trancada",
	"gui.mtr.psd_apg_door_unlocked": "Porta Destrancada",
	"gui.mtr.radius_too_small": "Não foi possível conectar o trilho; o raio deve ser de pelo menos 2",
	"gui.mtr.rail_action_bridge": "Ponte em %s (%s blocos de comprimento, %s)",
	"gui.mtr.rail_action_tunnel": "Túnel em %s (%s blocos de comprimento)",
	"gui.mtr.rail_action_tunnel_wall": "Parede do Túnel em %s (%s blocos de comprimento, %s)",
	"gui.mtr.rail_actions": "Operações de Construção Atuais",
	"gui.mtr.rail_actions_button": "Operações...",
	"gui.mtr.rail_not_found": "Não foi possível criar sinal; trilho não encontrado",
	"gui.mtr.rail_not_found_action": "Não foi possível executar a ação, trilho não encontrado",
	"gui.mtr.refresh_path": "Atualizar Caminho",
	"gui.mtr.repeat_indefinitely": "Repetir Intruções para Sempre",
	"gui.mtr.reset_sign": "Resetar",
	"gui.mtr.right": "Direita",
	"gui.mtr.rotate_anticlockwise": "Rodar no sentido inverso dos ponteiros do relógio",
	"gui.mtr.rotate_clockwise": "Girar no sentido horário",
	"gui.mtr.route_color": "Cor da Rota",
	"gui.mtr.route_name": "Nome da Rota",
	"gui.mtr.route_type_boat_high_speed": "Tipo: Ferry Rápido",
	"gui.mtr.route_type_boat_light_rail": "Tipo: Cruzeiro",
	"gui.mtr.route_type_boat_normal": "Tipo: Ferry",
	"gui.mtr.route_type_train_high_speed": "Tipo: Alta Velocidade",
	"gui.mtr.route_type_train_light_rail": "Tipo: Trilho Leve",
	"gui.mtr.route_type_train_normal": "Tipo: Normal",
	"gui.mtr.routes": "Rotas",
	"gui.mtr.s": "s",
	"gui.mtr.schedule_mode_real_time_off": "Horário: Tempo do Minecraft",
	"gui.mtr.schedule_mode_real_time_on": "Horário: Tempo Real",
	"gui.mtr.search": "Pesquisar",
	"gui.mtr.select_all_platforms": "Mostrar chegadas de todas as plataformas",
	"gui.mtr.selected": "Selecionado",
	"gui.mtr.selected_vehicle": "Veículo Selecionado",
	"gui.mtr.separator": "/",
	"gui.mtr.separator_cjk": "/",
	"gui.mtr.settings": "Definições",
	"gui.mtr.siding_number": "Número de Desvio",
	"gui.mtr.sidings_in_depot": "Desvios neste Depósito: %s",
	"gui.mtr.sound_file": "Ficheiro de som",
	"gui.mtr.station": "Estação %s",
	"gui.mtr.station_cjk": "%s站",
	"gui.mtr.station_color": "Cor da Estação",
	"gui.mtr.station_name": "Nome da Estação",
	"gui.mtr.stations": "Estações",
	"gui.mtr.stopped_only": "Apenas Veículos Parados",
	"gui.mtr.support": "Suporte",
	"gui.mtr.this_station": "Esta estação é %s",
	"gui.mtr.this_station_cjk": "本站是%s",
	"gui.mtr.to": "destino %s",
	"gui.mtr.to_cjk": "往%s",
	"gui.mtr.tph": "/hr",
	"gui.mtr.train_schedule_sensor": "Compensação de chegada (em Segundos)",
	"gui.mtr.transport_mode_airplane": "Tipo: Avião",
	"gui.mtr.transport_mode_boat": "Tipo: Barco",
	"gui.mtr.transport_mode_cable_car": "Tipo: Teleférico",
	"gui.mtr.transport_mode_train": "Tipo: Comboio",
	"gui.mtr.unlimited": "Ilimitado",
	"gui.mtr.unlimited_vehicles": "Veículos Ilimitados",
	"gui.mtr.untitled": "Sem título",
	"gui.mtr.use_time_and_wind_sync": "Tempo de sincronização automaticamente usando o mod Time & Wind",
	"gui.mtr.used_model_parts": "Peças de Modelo utilizadas",
	"gui.mtr.vehicle_brightness": "Brilho: %s %%",
	"gui.mtr.vehicle_cars": "Carruagens: %s",
	"gui.mtr.vehicle_direction_backwards": "Direção: Para trás",
	"gui.mtr.vehicle_direction_forwards": "Direção: Para a frente",
	"gui.mtr.vehicle_door_max": "Porta: %s",
	"gui.mtr.vehicle_length": "Comprimento: %s",
	"gui.mtr.vehicle_speed": "Velocidade: %s m/s (%s km/h)",
	"gui.mtr.vehicle_width": "Largura: %s",
	"gui.mtr.vehicles_per_hour": "Veículos por Hora",
	"gui.mtr.welcome_station": "Bem-vindo às Estação de %s.",
	"gui.mtr.welcome_station_cjk": "歡迎光臨%s站。",
	"gui.mtr.zone": "Zona de Tarifa",
	"gui.mtr.zone_number": "Zona %s",
	"item.mtr.apg_door": "Portões de Plataforma Automáticos",
	"item.mtr.apg_glass": "Portões de Plataforma Automáticos",
	"item.mtr.apg_glass_end": "Portões de Plataforma Automáticos",
	"item.mtr.bridge_creator_3": "Criador de Pontes",
	"item.mtr.bridge_creator_5": "Criador de Pontes",
	"item.mtr.bridge_creator_7": "Criador de Pontes",
	"item.mtr.bridge_creator_9": "Criador de Pontes",
	"item.mtr.brush": "Pincel",
	"item.mtr.dashboard": "Painel Ferroviário",
	"item.mtr.dashboard_2": "Painel Fluvial",
	"item.mtr.dashboard_3": "Painel do Teleférico",
	"item.mtr.dashboard_4": "Painel de Vôo",
	"item.mtr.driver_key": "Chave do Condutor",
	"item.mtr.escalator": "Escada Rolante",
	"item.mtr.lift_buttons_link_connector": "Ligar o conector de Botões de Elevador",
	"item.mtr.lift_buttons_link_remover": "Remover o conector de Botões de Elevador",
	"item.mtr.lift_door_1": "Portas de Elevador",
	"item.mtr.lift_door_odd_1": "Portas de Elevador",
	"item.mtr.lift_refresher": "Atualizador de Elevador",
	"item.mtr.psd_door": "Portas de tela de plataforma",
	"item.mtr.psd_door_2": "Portas de tela de plataforma",
	"item.mtr.psd_glass": "Portas de tela de plataforma",
	"item.mtr.psd_glass_2": "Portas de tela de plataforma",
	"item.mtr.psd_glass_end": "Portas de tela de plataforma",
	"item.mtr.psd_glass_end_2": "Portas de tela de plataforma",
	"item.mtr.rail_connector_120": "Conector de Trilho de Obsidiana",
	"item.mtr.rail_connector_120_one_way": "Conector ferroviário de Obsidiana (via única)",
	"item.mtr.rail_connector_160": "Conector ferroviário de Blaze",
	"item.mtr.rail_connector_160_one_way": "Conector ferroviário de Blaze (via única)",
	"item.mtr.rail_connector_20": "Conector de Trilho de Madeira",
	"item.mtr.rail_connector_200": "Conector ferroviário de quartzo",
	"item.mtr.rail_connector_200_one_way": "Conector ferroviário de quartzo (via única)",
	"item.mtr.rail_connector_20_one_way": "Conector ferroviário de madeira (via única)",
	"item.mtr.rail_connector_300": "Conector ferroviário de diamante",
	"item.mtr.rail_connector_300_one_way": "Conector ferroviário de Diamante (via única)",
	"item.mtr.rail_connector_40": "Conector ferroviário de pedra",
	"item.mtr.rail_connector_40_one_way": "Conector ferroviário de pedra (via única)",
	"item.mtr.rail_connector_60": "Conector ferroviário de Esmeralda",
	"item.mtr.rail_connector_60_one_way": "Conector ferroviário de Esmeralda (via única)",
	"item.mtr.rail_connector_80": "Conector ferroviário de Ferro",
	"item.mtr.rail_connector_80_one_way": "Conector ferroviário de Ferro (via única)",
	"item.mtr.rail_connector_cable_car": "Conector de Teleférico",
	"item.mtr.rail_connector_platform": "Conector de Trilho de plataforma",
	"item.mtr.rail_connector_runway": "Conector de Pista de Decolagem",
	"item.mtr.rail_connector_siding": "Conector ferroviário de Depósito",
	"item.mtr.rail_connector_turn_back": "Conector de Trilho Reversor",
	"item.mtr.rail_remover": "Trilho de remoção",
	"item.mtr.resource_pack_creator": "Criador de Pacotes de Recursos",
	"item.mtr.signal_connector_black": "Conector de Sinal Preto",
	"item.mtr.signal_connector_blue": "Conector de Sinal Azul",
	"item.mtr.signal_connector_brown": "Conector de Sinal Castanho",
	"item.mtr.signal_connector_cyan": "Conector de Sinal Ciano",
	"item.mtr.signal_connector_gray": "Conector de Sinal Cinza",
	"item.mtr.signal_connector_green": "Conector de Sinal Verde",
	"item.mtr.signal_connector_light_blue": "Conector de Sinal Azul-claro",
	"item.mtr.signal_connector_light_gray": "Conector de Sinal Cinza-claro",
	"item.mtr.signal_connector_lime": "Conector de Sinal Verde-limão",
	"item.mtr.signal_connector_magenta": "Conector de Sinal Magenta",
	"item.mtr.signal_connector_orange": "Conector de Sinal Laranja",
	"item.mtr.signal_connector_pink": "Conector de Sinal Rosa",
	"item.mtr.signal_connector_purple": "Conector de Sinal Roxo",
	"item.mtr.signal_connector_red": "Conector de Sinal Vermelho",
	"item.mtr.signal_connector_white": "Conector de Sinal Branco",
	"item.mtr.signal_connector_yellow": "Conector de Sinal Amarelo",
	"item.mtr.signal_remover_black": "Removedor de Sinal Preto",
	"item.mtr.signal_remover_blue": "Removedor de Sinal Azul",
	"item.mtr.signal_remover_brown": "Removedor de Sinal Castanho",
	"item.mtr.signal_remover_cyan": "Removedor do Sinal Ciano",
	"item.mtr.signal_remover_gray": "Removedor de Sinal Cinza",
	"item.mtr.signal_remover_green": "Removedor de Sinal Verde",
	"item.mtr.signal_remover_light_blue": "Eliminador de Sinal Azul-claro",
	"item.mtr.signal_remover_light_gray": "Removedor do Sinal Cinza-claro",
	"item.mtr.signal_remover_lime": "Removedor de Sinal Verde-limão",
	"item.mtr.signal_remover_magenta": "Removedor de Sinal Magenta",
	"item.mtr.signal_remover_orange": "Removedor de sinal laranja",
	"item.mtr.signal_remover_pink": "Removedor de Sinal Rosa",
	"item.mtr.signal_remover_purple": "Removedor de Sinal Roxo",
	"item.mtr.signal_remover_red": "Removedor de Sinal Vermelho",
	"item.mtr.signal_remover_white": "Removedor de Sinal Branco",
	"item.mtr.signal_remover_yellow": "Removedor de Sinal Amarelo",
	"item.mtr.tunnel_creator_4_3": "Criador de Túneis",
	"item.mtr.tunnel_creator_4_5": "Criador de Túneis",
	"item.mtr.tunnel_creator_4_7": "Criador de Túneis",
	"item.mtr.tunnel_creator_4_9": "Criador de Túneis",
	"item.mtr.tunnel_creator_5_3": "Criador de Túneis",
	"item.mtr.tunnel_creator_5_5": "Criador de Túneis",
	"item.mtr.tunnel_creator_5_7": "Criador de Túneis",
	"item.mtr.tunnel_creator_5_9": "Criador de Túneis",
	"item.mtr.tunnel_creator_6_3": "Criador de Túneis",
	"item.mtr.tunnel_creator_6_5": "Criador de Túneis",
	"item.mtr.tunnel_creator_6_7": "Criador de Túneis",
	"item.mtr.tunnel_creator_6_9": "Criador de Túneis",
	"item.mtr.tunnel_wall_creator_4_3": "Criador de Parede de Túneis",
	"item.mtr.tunnel_wall_creator_4_5": "Criador de Parede de Túneis",
	"item.mtr.tunnel_wall_creator_4_7": "Criador de Parede de Túneis",
	"item.mtr.tunnel_wall_creator_4_9": "Criador de Parede de Túneis",
	"item.mtr.tunnel_wall_creator_5_3": "Criador de Parede de Túneis",
	"item.mtr.tunnel_wall_creator_5_5": "Criador de Parede de Túneis",
	"item.mtr.tunnel_wall_creator_5_7": "Criador de Parede de Túneis",
	"item.mtr.tunnel_wall_creator_5_9": "Criador de Parede de Túneis",
	"item.mtr.tunnel_wall_creator_6_3": "Criador de Parede de Túneis",
	"item.mtr.tunnel_wall_creator_6_5": "Criador de Parede de Túneis",
	"item.mtr.tunnel_wall_creator_6_7": "Criador de Parede de Túneis",
	"item.mtr.tunnel_wall_creator_6_9": "Criador de Parede de Túneis",
	"itemGroup.mtr.core": "Núcleo do Minecraft Transit Railway",
	"itemGroup.mtr.escalators_lifts": "Escadas Rolantes e Elevadores",
	"itemGroup.mtr.railway_facilities": "Instalações Ferroviárias",
	"itemGroup.mtr.station_building_blocks": "Blocos de Construçãode Estação",
	"key.mtr.debug_1_negative": "Campo de Debug 1 (Subtrai)",
	"key.mtr.debug_1_positive": "Campo de Debug 1 (Adicionar)",
	"key.mtr.debug_2_negative": "Campo de Debug 2 (Subtrai)",
	"key.mtr.debug_2_positive": "Campo de Debug 2 (Adicionar)",
	"key.mtr.debug_3_negative": "Campo de Debug 3 (Subtrai)",
	"key.mtr.debug_3_positive": "Campo de Debug 3 (Adicionar)",
	"key.mtr.debug_cycle_negative": "Categoria de Depuração de Ciclo (Backwards)",
	"key.mtr.debug_cycle_positive": "Categoria de Depuração de Ciclo (Forwards)",
	"key.mtr.lift_menu": "Abrir Seleção de piso de Elevador",
	"key.mtr.train_accelerate": "Acelerar Veículo",
	"key.mtr.train_brake": "Freio de Veículo",
	"key.mtr.train_toggle_doors": "Alternar Portas",
	"options.mtr.anonymous": "Anónimo",
	"options.mtr.dynamic_texture_resolution": "Resolução dinâmica de textura (valores mais altos podem falhar!)",
	"options.mtr.hide_special_rail_colors": "Esconder cores especiais de trilhos",
	"options.mtr.hide_translucent_parts": "Esconder partes translúcidas nos veículos",
	"options.mtr.language_options": "Exibição de idioma nas placas",
	"options.mtr.language_options_0": "Padrão",
	"options.mtr.language_options_1": "Apenas CJK",
	"options.mtr.language_options_2": "Non-CJK",
	"options.mtr.off": "Desligado",
	"options.mtr.on": "Ligado",
	"options.mtr.shift_to_toggle_sitting": "Use %s para sentar dentro de veículos",
	"options.mtr.show_announcement_messages": "Mostrar mensagens da \"próxima estação\" no chat",
	"options.mtr.support_patreon": "Apoie o mod no Patreon!",
	"options.mtr.track_texture_offset": "Rastrear Offset de Textura",
	"options.mtr.use_dynamic_fps": "Impulsionar FPS Dinamicamente",
	"options.mtr.use_mtr_font": "Usar fontes MTR personalizadas (pode não funcionar em alguns computadores)",
	"options.mtr.use_tts_announcements": "Ativar avisos de texto-para-voz de \"próxima estação\"",
	"options.mtr.vehicle_render_distance_ratio": "Renderização do veículo na proporção de renderização do Minecraft",
	"sign.mtr.airport": "Aeroporto",
	"sign.mtr.airport_arrivals": "Chegadas",
	"sign.mtr.airport_arrivals_cjk": "抵港",
	"sign.mtr.airport_cjk": "機場",
	"sign.mtr.airport_departures": "Partidas",
	"sign.mtr.airport_departures_cjk": "離港",
	"sign.mtr.airport_express": "Comboios para o Aeroporto",
	"sign.mtr.airport_express_city": "Comboios para a Cidade",
	"sign.mtr.airport_express_city_cjk": "往市區列車",
	"sign.mtr.airport_express_cjk": "往機場列車",
	"sign.mtr.airport_transfer": "Transferência",
	"sign.mtr.airport_transfer_cjk": "轉機",
	"sign.mtr.baggage_claim": "Reivindicação de Bagagem",
	"sign.mtr.baggage_claim_cjk": "提取行李",
	"sign.mtr.boat": "Barcos",
	"sign.mtr.boat_cjk": "渡輪",
	"sign.mtr.cable_car": "Teleféricos",
	"sign.mtr.cable_car_cjk": "纜車",
	"sign.mtr.check_in_passengers": "Check-in de Passageiros",
	"sign.mtr.check_in_passengers_cjk": "登機乘客",
	"sign.mtr.cross": "Entrada Proíbida",
	"sign.mtr.cross_cjk": "不准進入",
	"sign.mtr.customer_service_centre": "Central de Atendimento ao Cliente",
	"sign.mtr.customer_service_centre_cjk": "客務中心",
	"sign.mtr.emergency_exit": "Saída de Emergência",
	"sign.mtr.emergency_exit_cjk": "緊急出口",
	"sign.mtr.escalator_to_concourse_down": "Apenas para Entrada",
	"sign.mtr.escalator_to_concourse_down_cjk": "直落大堂",
	"sign.mtr.escalator_to_concourse_up": "Apenas para Entrada",
	"sign.mtr.escalator_to_concourse_up_cjk": "直上大堂",
	"sign.mtr.female": "Casa de Banho Feminina",
	"sign.mtr.female_cjk": "女洗手間",
	"sign.mtr.in_town_check_in": "Check-in na cidade",
	"sign.mtr.in_town_check_in_cjk": "市區預辦登機",
	"sign.mtr.lift_1": "Elevador",
	"sign.mtr.lift_1_cjk": "升降機",
	"sign.mtr.lift_2": "Elevador",
	"sign.mtr.lift_2_cjk": "升降機",
	"sign.mtr.light_rail_1": "Metro Ligeiro de Superfície",
	"sign.mtr.light_rail_1_cjk": "輕鐵",
	"sign.mtr.light_rail_2": "Metro Ligeiro de Superfície",
	"sign.mtr.light_rail_2_cjk": "輕鐵",
	"sign.mtr.light_rail_3": "Metro Ligeiro de Superfície",
	"sign.mtr.light_rail_3_cjk": "輕鐵",
	"sign.mtr.light_rail_4": "Metro Ligeiro de Superfície",
	"sign.mtr.light_rail_4_cjk": "輕鐵",
	"sign.mtr.logo": "Minecraft Transit Railway",
	"sign.mtr.logo_cjk": "我的世界鐵路",
	"sign.mtr.male": "Casa de Banho Masculina",
	"sign.mtr.male_cjk": "男洗手間",
	"sign.mtr.platform": "Plataforma",
	"sign.mtr.platform_cjk": "月台",
	"sign.mtr.sp1900": "Comboios",
	"sign.mtr.sp1900_cjk": "列車",
	"sign.mtr.station": "Estação",
	"sign.mtr.station_cjk": "車站",
	"sign.mtr.tickets": "Bilhetes",
	"sign.mtr.tickets_cjk": "車票",
	"sign.mtr.toilets": "Casas de banho",
	"sign.mtr.toilets_cjk": "洗手間",
	"sign.mtr.train": "Comboios",
	"sign.mtr.train_cjk": "列車",
	"sign.mtr.train_old": "Comboios",
	"sign.mtr.train_old_cjk": "列車",
	"sign.mtr.wheelchair": "Casas de banho",
	"sign.mtr.wheelchair_cjk": "洗手間",
	"sign.mtr.wifi": "Hotspot de WI-FI Grátis",
	"sign.mtr.wifi_cjk": "免費Wi-Fi熱點",
	"sign.mtr.xrl_1": "Linha de Alta Velocidade",
	"sign.mtr.xrl_1_cjk": "高速鐵路",
	"sign.mtr.xrl_2": "Linha de Alta Velocidade",
	"sign.mtr.xrl_2_cjk": "高速鐵路",
	"sign.mtr.yellow_head_1": "Comboios",
	"sign.mtr.yellow_head_1_cjk": "火車",
	"sign.mtr.yellow_head_2": "Comboios",
	"sign.mtr.yellow_head_2_cjk": "火車",
	"tooltip.block.mtr.glass_fence_cio": "Cidade Um",
	"tooltip.block.mtr.glass_fence_ckt": "Templo de Che Kung",
	"tooltip.block.mtr.glass_fence_heo": "Heng On",
	"tooltip.block.mtr.glass_fence_mos": "Ma On Shan",
	"tooltip.block.mtr.glass_fence_plain": "Vidraça",
	"tooltip.block.mtr.glass_fence_shm": "Shek Mun",
	"tooltip.block.mtr.glass_fence_stained": "Vidraça",
	"tooltip.block.mtr.glass_fence_stw": "Sha Tin Wai",
	"tooltip.block.mtr.glass_fence_tsh": "Tai Shui Hang",
	"tooltip.block.mtr.glass_fence_wks": "Wu Kai Sha",
	"tooltip.mtr.cable_car_node": "Sem plataforma e depósitos\nSomente conexões retas",
	"tooltip.mtr.cable_car_node_station": "Podem ser criadas plataformas e Desvios\nCurvas podem ser criadas",
	"tooltip.mtr.pole_placement": "Deve ser colocado em cima de um\n%s existente",
	"tooltip.mtr.psd_apg_door": "Seção da Porta",
	"tooltip.mtr.psd_apg_door_2": "Seção da Porta",
	"tooltip.mtr.psd_apg_glass": "Seção de Vidro",
	"tooltip.mtr.psd_apg_glass_2": "Seção de Vidro",
	"tooltip.mtr.psd_apg_glass_end": "Seção Final de Vidro",
	"tooltip.mtr.rail_action_depth": "Profunditate: %s",
	"tooltip.mtr.rail_action_height": "Altura: %s",
	"tooltip.mtr.rail_action_width": "Largura: %s",
	"tooltip.mtr.rail_speed_limit": "Limite de Velocidade: %s",
	"tooltip.mtr.railway_sign_even": "Orientação: Uniforme",
	"tooltip.mtr.railway_sign_length": "Comprimento: %s",
	"tooltip.mtr.railway_sign_odd": "Orientação: Estranha",
	"tooltip.mtr.selected_block": "Bloco selecionado: %s",
	"tooltip.mtr.selected_material": "Material Selecionado: %s",
	"tooltip.mtr.shift_right_click_to_clear": "Mantenha %s pressionado e use em um(a) %s para redefinir",
	"tooltip.mtr.shift_right_click_to_select_material": "Mantenha %s pressionado e use em um bloco para selecionar o material",
	"tooltip.mtr.station_color": "A cor depende da estação",
	"tooltip.mtr.station_color_name": "A cor e o texto dependem da estação",
	"train.mtr.a320": "Airbus A320",
	"train.mtr.a_train_ael": "CAF Airport Express",
	"train.mtr.a_train_ael_mini": "CAF Airport Express (Mini)",
	"train.mtr.a_train_tcl": "CAF Tung Chung Line",
	"train.mtr.a_train_tcl_mini": "CAF Tung Chung Line (Mini)",
	"train.mtr.a_train_tcl_small": "CAF Tung Chung Line (Pequeno)",
	"train.mtr.acacia_boat": "Barco de Acácia",
	"train.mtr.birch_boat": "Barco de Bétula",
	"train.mtr.br_423": "DB BR 423",
	"train.mtr.c1141a": "1141A / TML C-Train",
	"train.mtr.c1141a_mini": "1141A / TML C-Train (Mini)",
	"train.mtr.c1141a_small": "1141A / TML C-Train (Pequeno)",
	"train.mtr.c_train": "C-Train",
	"train.mtr.c_train_mini": "C-Train (Mini)",
	"train.mtr.c_train_small": "C-Train (Small)",
	"train.mtr.class_377_southern": "British Rail Class 377 (Southern)",
	"train.mtr.class_802_gwr": "British Rail Class 802 (GWR)",
	"train.mtr.class_802_gwr_mini": "British Rail Class 802 (GWR, Mini)",
	"train.mtr.class_802_tpe": "British Rail Class 802 (TPE)",
	"train.mtr.class_802_tpe_mini": "British Rail Class 802 (TPE, Mini)",
	"train.mtr.cm_stock": "Comboio Metro-Cammell (M-Train Não Reformado)",
	"train.mtr.cm_stock_mini": "Comboio Metro-Cammell (M-Train Não Reformado, Mini)",
	"train.mtr.cm_stock_small": "Comboio Metro-Cammell (M-Train Não Reformado, Pequeno)",
	"train.mtr.dark_oak_boat": "Barco de Carvalho Escuro",
	"train.mtr.drl": "Comboio da Linha de Resort Disneylândia",
	"train.mtr.e44": "KCR E44 (Cabeça Amarela)",
	"train.mtr.e44_mini": "KCR E44 (Cabeça Amarela, Mini)",
	"train.mtr.flying_minecart": "Minecraft Voador",
	"train.mtr.jungle_boat": "Barco da Selva",
	"train.mtr.k_train": "K-Train",
	"train.mtr.k_train_ael": "K-Train Expresso do Aeroporto",
	"train.mtr.k_train_ael_mini": "K-Train Expresso do Aeroporto (Mini)",
	"train.mtr.k_train_ael_small": "K-Train Expresso do Aeroporto (Pequeno)",
	"train.mtr.k_train_mini": "K-Train (Mini)",
	"train.mtr.k_train_small": "K-Train (Pequeno)",
	"train.mtr.k_train_tcl": "K-Train Tung Chung Line",
	"train.mtr.k_train_tcl_mini": "K-Train Tung Chung Line (Mini)",
	"train.mtr.k_train_tcl_small": "K-Train Tung Chung Line (Pequeno)",
	"train.mtr.light_rail_1": "Metro Ligeiro (Fase 1, LHT)",
	"train.mtr.light_rail_1_orange": "Trilho Leve (Fase 1, Pintura Laranja, LHT)",
	"train.mtr.light_rail_1_orange_rht": "Trilho Leve (Fase 1, Pintura Laranja, RHT)",
	"train.mtr.light_rail_1_rht": "Metro Ligeiro (Fase 1, RHT)",
	"train.mtr.light_rail_1r": "Metro Ligeiro (Fase 1 Reformado, LHT)",
	"train.mtr.light_rail_1r_old": "Metro Ligeiro (Fase 1 Reformado, Pintura Azul, LHT)",
	"train.mtr.light_rail_1r_old_rht": "Metro Ligeiro (Fase 1 Reformado, Pintura Azul, RHT)",
	"train.mtr.light_rail_1r_orange": "Metro Ligeiro (Fase 1 Reformado, Pintura Laranja, LHT)",
	"train.mtr.light_rail_1r_orange_rht": "Metro Ligeiro (Fase 1 Reformado, Pintura Laranja, RHT)",
	"train.mtr.light_rail_1r_rht": "Metro Ligeiro (Fase 1 Reformado, RHT)",
	"train.mtr.light_rail_2": "Metro Ligeiro (Fase 2, LHT)",
	"train.mtr.light_rail_2r": "Metro Ligeiro (Fase 2 Reformado, LHT)",
	"train.mtr.light_rail_2r_rht": "Metro Ligeiro (Fase 2 Reformado, RHT)",
	"train.mtr.light_rail_2_orange": "Trilho Leve (Fase 2, Pintura Laranja, LHT)",
	"train.mtr.light_rail_2_orange_rht": "Trilho Leve (Fase 2, Pintura Laranja, RHT)",
	"train.mtr.light_rail_2_rht": "Metro Ligeiro (Fase 2, RHT)",
	"train.mtr.light_rail_3": "Metro Ligeiro (Fase 3, LHT)",
	"train.mtr.light_rail_3r": "Metro Ligeiro (Fase 3 Reformado, LHT)",
	"train.mtr.light_rail_3r_rht": "Metro Ligeiro (Fase 3 Reformado, RHT)",
	"train.mtr.light_rail_3_orange": "Trilho Leve (Fase 3, Pintura Laranja, LHT)",
	"train.mtr.light_rail_3_orange_rht": "Metro Ligeiro (Fase 3, Pintura Laranja, RHT)",
	"train.mtr.light_rail_3_rht": "Metro Ligeiro (Fase 3, RHT)",
	"train.mtr.light_rail_4": "Metro Ligeiro (Fase 4, LHT)",
	"train.mtr.light_rail_4_old": "Metro Ligeiro (Fase 4, Pintura Azul, LHT)",
	"train.mtr.light_rail_4_old_rht": "Metro Ligeiro (Fase 4, Pintura Azul, RHT)",
	"train.mtr.light_rail_4_orange": "Metro Ligeiro (Fase 4, Pintura Laranja, LHT)",
	"train.mtr.light_rail_4_orange_rht": "Metro Ligeiro (Fase 4, Pintura Laranja, RHT)",
	"train.mtr.light_rail_4_rht": "Metro Ligeiro (Fase 4, RHT)",
	"train.mtr.light_rail_5": "Metro Ligeiro (Fase 5, LHT)",
	"train.mtr.light_rail_5_old": "Metro Ligeiro (Fase 5, Pintura Azul, LHT)",
	"train.mtr.light_rail_5_old_rht": "Metro Ligeiro (Fase 5, Pintura Azul, RHT)",
	"train.mtr.light_rail_5_orange": "Metro Ligeiro (Fase 5, Pintura Laranja, LHT)",
	"train.mtr.light_rail_5_orange_rht": "Light Rail (Phase 5, Orange Livery, RHT)",
	"train.mtr.light_rail_5_rht": "Light Rail (Phase 5, RHT)",
	"train.mtr.london_underground_1995": "London Underground 1995 Stock",
	"train.mtr.london_underground_1996": "London Underground 1996 Stock",
	"train.mtr.london_underground_d78": "Londres Underground D78 Stock",
	"train.mtr.london_underground_d78_mini": "Londres Underground D78 Stock (Mini)",
	"train.mtr.m_train": "M-Train",
	"train.mtr.m_train_mini": "M-Train (Mini)",
	"train.mtr.m_train_small": "M-Train (Pequeno)",
	"train.mtr.minecart": "Vagoneta",
	"train.mtr.mlr": "MLR Train",
	"train.mtr.mlr_christmas": "Comboio MLR Edição de Natal",
	"train.mtr.mlr_christmas_mini": "MLR edição de Natal (Mini)",
	"train.mtr.mlr_christmas_small": "MLR edição de Natal (Pequeno)",
	"train.mtr.mlr_mini": "MLR Train (Mini)",
	"train.mtr.mlr_small": "MLR Train (Pequeno)",
	"train.mtr.mpl_85": "MPL 85",
	"train.mtr.ngong_ping_360_crystal": "Ngong Ping 360 Crystal Cabin (LHT)",
	"train.mtr.ngong_ping_360_crystal_rht": "Ngong Ping 360 Crystal Cabin (RHT)",
	"train.mtr.ngong_ping_360_crystal_plus": "Ngong Ping 360 Crystal+ Cabin (LHT)",
	"train.mtr.ngong_ping_360_crystal_plus_rht": "Ngong Ping 360 Crystal+ Cabin (RHT)",
	"train.mtr.ngong_ping_360_normal_light_blue": "Ping de Ngong 360 (Azul-claro, LHT)",
	"train.mtr.ngong_ping_360_normal_light_blue_rht": "Ping de Ngong 360 (Azul-claro, RHT)",
	"train.mtr.ngong_ping_360_normal_orange": "Ngong Ping 360 (Laranja, LHT)",
	"train.mtr.ngong_ping_360_normal_orange_rht": "Ngong Ping 360 (Laranja, RHT)",
	"train.mtr.ngong_ping_360_normal_red": "Ngong Ping 360 (Vermelho, LHT)",
	"train.mtr.ngong_ping_360_normal_red_rht": "Ngong Ping 360 (Vermelho, RHT)",
	"train.mtr.oak_boat": "Barco de Carvalho",
	"train.mtr.r179": "R179 (metrô da cidade de Nova Iorque)",
	"train.mtr.r179_mini": "R179 (metrô da cidade de Nova Iorque, Mini)",
	"train.mtr.r211": "R211 (metrô da cidade de Nova Iorque)",
	"train.mtr.r211_mini": "R211 (metrô da cidade de Nova Iorque, Mini)",
	"train.mtr.r211t": "R211T (metrô da cidade de Nova Iorque)",
	"train.mtr.r211t_mini": "R211T (metrô da cidade de Nova Iorque, Mini)",
	"train.mtr.r_train": "R-Train",
	"train.mtr.r_train_mini": "R-Train (Mini)",
	"train.mtr.r_train_small": "R-Train (Pequeno)",
	"train.mtr.s_train": "S-Train",
	"train.mtr.s_train_mini": "S-Train (Mini)",
	"train.mtr.s_train_small": "S-Train (Pequeno)",
	"train.mtr.sp1900": "SP1900",
	"train.mtr.sp1900_mini": "SP1900 (Mini)",
	"train.mtr.sp1900_small": "SP1900 (Pequeno)",
	"train.mtr.spruce_boat": "Barco de Abeto"
}
