{
	"block.minecraft.bedrock_slab": "N",
	"block.minecraft.birch_wood_slab": "Placă de lemn de mesteacăn",
	"block.minecraft.bone_block_slab": "Dală de oase",
	"block.minecraft.chiseled_quartz_block_slab": "Chiseled Quartz Block Slab",
	"block.minecraft.chiseled_stone_bricks_slab": "Chiseled Stone Bricks Slab",
	"block.minecraft.clay_slab": "Dală de lut",
	"block.minecraft.coal_ore_slab": "Dală de minereu de cărbune",
	"block.minecraft.concrete": "Beton",
	"block.minecraft.concrete_powder": "Pudră beton",
	"block.minecraft.concrete_powder_slab": "Concrete Powder Slab",
	"block.minecraft.concrete_slab": "Dală de beton",
	"block.minecraft.cracked_stone_bricks_slab": "Cracked Stone Bricks Slab",
	"block.minecraft.gravel_slab": "Gravel Slab",
	"block.minecraft.iron_block_slab": "Dală de fier",
	"block.minecraft.metal": "Bloc de metal",
	"block.minecraft.metal_slab": "Dală de metal",
	"block.minecraft.planks": "Scânduri de lemn",
	"block.minecraft.planks_slab": "Dală de scânduri de lemn",
	"block.minecraft.purpur_block_slab": "Purpur Block Slab",
	"block.minecraft.purpur_pillar_slab": "Purpur Pillar Slab",
	"block.minecraft.quartz_block_slab": "Quartz Block Slab",
	"block.minecraft.quartz_bricks_slab": "Quartz Bricks Slab",
	"block.minecraft.quartz_pillar_slab": "Quartz Pillar Slab",
	"block.minecraft.snow_block_slab": "Dală de bloc de zăpadă",
	"block.minecraft.stained_glass": "Sticlă colorată",
	"block.minecraft.stained_glass_slab": "Stained Glass Slab",
	"block.minecraft.stone_bricks_slab": "Stone Bricks Slab",
	"block.minecraft.wool": "Lână",
	"block.minecraft.wool_slab": "Dală de lână",
	"block.mtr.airplane_node": "Nod avion",
	"block.mtr.apg_door": "Porţi de platformă automată",
	"block.mtr.apg_glass": "Porţi de platformă automată",
	"block.mtr.apg_glass_end": "Porţi de platformă automată",
	"block.mtr.arrival_projector_1_large": "Proiector de sosire a trenurilor (3x3)",
	"block.mtr.arrival_projector_1_medium": "Proiector de sosire a trenurilor (3x2)",
	"block.mtr.arrival_projector_1_small": "Proiector de sosire a trenurilor (1x1)",
	"block.mtr.boat_node": "Boat Node",
	"block.mtr.cable_car_node_lower": "Cable Car Node",
	"block.mtr.cable_car_node_station": "Cable Car Station Node",
	"block.mtr.cable_car_node_upper": "Cable Car Node",
	"block.mtr.ceiling": "Acoperiş",
	"block.mtr.ceiling_light": "Plafon de lumina",
	"block.mtr.ceiling_no_light": "Tavan fara lumina",
	"block.mtr.clock": "Ceas",
	"block.mtr.clock_pole": "Coloana de ceas",
	"block.mtr.escalator_side": "Scară rulantă",
	"block.mtr.escalator_step": "Scară rulantă",
	"block.mtr.glass_fence_cio": "Gard de sticlă",
	"block.mtr.glass_fence_ckt": "Gard de sticlă",
	"block.mtr.glass_fence_heo": "Gard de sticlă",
	"block.mtr.glass_fence_mos": "Gard de sticlă",
	"block.mtr.glass_fence_plain": "Gard de sticlă",
	"block.mtr.glass_fence_shm": "Gard de sticlă",
	"block.mtr.glass_fence_stained": "Gard de sticlă",
	"block.mtr.glass_fence_stw": "Gard de sticlă",
	"block.mtr.glass_fence_tsh": "Gard de sticlă",
	"block.mtr.glass_fence_wks": "Gard de sticlă",
	"block.mtr.lift_buttons_1": "Butoanele liftului",
	"block.mtr.lift_door_1": "Ușile liftului",
	"block.mtr.lift_door_odd_1": "Ușile liftului",
	"block.mtr.lift_panel_even_1": "Panou de afișare lift",
	"block.mtr.lift_panel_even_2": "Panou de afișare lift",
	"block.mtr.lift_panel_odd_1": "Panou de afișare lift",
	"block.mtr.lift_panel_odd_2": "Panou de afișare lift",
	"block.mtr.lift_track_1": "Șina liftului",
	"block.mtr.lift_track_floor_1": "Lift / Elevator Floor Track",
	"block.mtr.logo": "Logo-ul MTR",
	"block.mtr.marble_blue": "Marmură Albastră",
	"block.mtr.marble_blue_slab": "Blue Marble Slab",
	"block.mtr.marble_sandy": "Marmură din nisip",
	"block.mtr.marble_sandy_slab": "Sandy Marble Slab",
	"block.mtr.metal": "Metal",
	"block.mtr.metal_slab": "Dală De Metal",
	"block.mtr.pids_1": "Sistem de afisare a informatilor pentru pasageri",
	"block.mtr.pids_2": "Sistem de afisare a informatilor pentru pasageri",
	"block.mtr.pids_3": "Sistemul de afisare a informatiilor pentru pasageri",
	"block.mtr.pids_pole": "Turn PIDS",
	"block.mtr.platform": "Platformă (Hong Kong)",
	"block.mtr.platform_indented": "Platformă (Hong Kong)",
	"block.mtr.platform_na_1": "Platformă (America de Nord)",
	"block.mtr.platform_na_1_indented": "Platformă (America de Nord)",
	"block.mtr.platform_na_2": "Platformă (America de Nord)",
	"block.mtr.platform_na_2_indented": "Platformă (America de Nord)",
	"block.mtr.platform_uk_1": "Platforma (UK)",
	"block.mtr.platform_uk_1_indented": "Platforma (UK)",
	"block.mtr.psd_door": "Uşi de ecran pentru platformă",
	"block.mtr.psd_door_2": "Uşi de ecran pentru platformă",
	"block.mtr.psd_glass": "Uşi de ecran pentru platformă",
	"block.mtr.psd_glass_2": "Uşi de ecran pentru platformă",
	"block.mtr.psd_glass_end": "Uşi de ecran pentru platformă",
	"block.mtr.psd_glass_end_2": "Uşi de ecran pentru platformă",
	"block.mtr.psd_top": "Uşi de ecran pentru platformă",
	"block.mtr.rail": "Nodul feroviar",
	"block.mtr.railway_sign": "Semn feroviar",
	"block.mtr.railway_sign_pole": "Stalp de semn feroviar",
	"block.mtr.route_sign_standing_light": "Semn de traseu (Luminea verticală)",
	"block.mtr.route_sign_standing_metal": "Semn de traseu (Metal verticală)",
	"block.mtr.route_sign_wall_light": "Semn de traseu (Luminozitate)",
	"block.mtr.route_sign_wall_metal": "Semn de traseu (Metal de perete)",
	"block.mtr.rubbish_bin_1": "Cos de gunoi",
	"block.mtr.signal_light_1": "Semnal (2 aspecte)",
	"block.mtr.signal_light_2": "Semnal (2 aspecte, cu latura dublă)",
	"block.mtr.signal_light_3": "Semnal (2 aspecte)",
	"block.mtr.signal_light_3_aspect_1": "Semnal (3 aspecte)",
	"block.mtr.signal_light_3_aspect_2": "Semnal (3 aspecte, cu latura dublă)",
	"block.mtr.signal_light_4": "Semnal (2 aspecte, cu latura dublă)",
	"block.mtr.signal_light_4_aspect_1": "Semnal (4 aspecte)",
	"block.mtr.signal_light_4_aspect_2": "Semnal (4 aspecte, cu latura dublă)",
	"block.mtr.signal_pole": "Coloana Semafor",
	"block.mtr.signal_semaphore_1": "Semafor cu Bariera",
	"block.mtr.signal_semaphore_2": "Semaphore Signal (Double-sided)",
	"block.mtr.station_name_entrance": "Numele stației (Intrare)",
	"block.mtr.station_name_tall_block": "Numele stației (bloc înalt)",
	"block.mtr.station_name_tall_block_double_sided": "Numele stației (bloc înalt, latură dublă)",
	"block.mtr.station_name_tall_wall": "Numele stațiie (bloc înalt text)",
	"block.mtr.station_name_wall": "Station Name (Wall Text, White)",
	"block.mtr.station_name_wall_black": "Station Name (Wall Text, Black)",
	"block.mtr.station_name_wall_gray": "Station Name (Wall Text, Grey)",
	"block.mtr.station_pole": "Coloana de culoarea statiei",
	"block.mtr.tactile_map": "Hartă tactilă",
	"block.mtr.ticket_barrier_entrance_1": "Barieră de bilete (Intrare)",
	"block.mtr.ticket_barrier_exit_1": "Barieră de bilete (ieşire)",
	"block.mtr.ticket_machine": "Mașină tichet",
	"block.mtr.ticket_processor": "Procesor de tichete",
	"block.mtr.ticket_processor_enquiry": "Cerere procesor",
	"block.mtr.ticket_processor_entrance": "Procesor tichet (Intrare)",
	"block.mtr.ticket_processor_exit": "Procesor tichet (Iesire)",
	"block.mtr.train_announcer": "Anunțuri",
	"block.mtr.train_cargo_loader": "Cargo Loader",
	"block.mtr.train_cargo_unloader": "Cargo Unloader",
	"block.mtr.train_schedule_sensor": "Senzor de program",
	"block.mtr.train_sensor": "Senzor de redstone",
	"category.mtr.keybinding": "Minecraft Transit Railway Keybinding",
	"entity.mtr.seat": "",
	"gui.mtr.acceleration": "Accelerația vehiculului",
	"gui.mtr.add_balance_for_emeralds": "Adaugă $%s pentru %s emarald(s)",
	"gui.mtr.add_depot": "Adaugă depou",
	"gui.mtr.add_exit": "Adaugă Ieşire Stație",
	"gui.mtr.add_exit_destination": "Adaugă destinație ieșire",
	"gui.mtr.add_route": "Adaugă Rută",
	"gui.mtr.add_station": "Adaugă stație",
	"gui.mtr.add_value": "Adaugă valoare",
	"gui.mtr.already_entered": "Staţia deja Intrat",
	"gui.mtr.already_exited": "Nici o înregistrare găsită",
	"gui.mtr.announcement_message": "Mesaj cu anunţ",
	"gui.mtr.anticlockwise_to": "Inversul acelor de ceasornic la %s",
	"gui.mtr.anticlockwise_to_cjk": "urmat(e)%s",
	"gui.mtr.anticlockwise_via": "Inversul acelor de ceasornic via. %s",
	"gui.mtr.anticlockwise_via_cjk": "Inversul acelor de ceasornic via. %s",
	"gui.mtr.arrival_car": "%s-vagon",
	"gui.mtr.arrival_car_cjk": "%s-vagon",
	"gui.mtr.arrival_min": "%s min",
	"gui.mtr.arrival_min_cjk": "%s 分鐘",
	"gui.mtr.arrival_sec": "%s sec",
	"gui.mtr.arrival_sec_cjk": "%s 秒",
	"gui.mtr.automatically_detect_nearby_platform": "Detectează automat platforma din apropiere",
	"gui.mtr.available": "Disponibil",
	"gui.mtr.available_model_parts": "Piese model disponibile",
	"gui.mtr.balance": "Balanță: $%s",
	"gui.mtr.cable_car_invalid_orientation": "Conexiune la cablu invalidă",
	"gui.mtr.cars_to_spawn": "Vagoane pentru spawn: %s",
	"gui.mtr.clear_vehicles": "Sterge toate vehiculele",
	"gui.mtr.clockwise_to": "In sensul acelor de ceasornic catre %s",
	"gui.mtr.clockwise_to_cjk": "In sensul acelor de ceasornic catre %s",
	"gui.mtr.clockwise_via": "In sensul acelor de ceasornic via. %s",
	"gui.mtr.clockwise_via_cjk": "In sensul acelor de ceasornic via. %s",
	"gui.mtr.color": "Culoare",
	"gui.mtr.comma": ", ",
	"gui.mtr.comma_cjk": "、",
	"gui.mtr.comma_last": " și ",
	"gui.mtr.comma_last_cjk": "或",
	"gui.mtr.connecting_station_interchange_announcement_part": "the %1$s at %2$s station",
	"gui.mtr.connecting_station_interchange_announcement_part_cjk": "往%2$s站轉乘%1$s",
	"gui.mtr.connecting_station_part": "Pasagerii pot schimba la %s.",
	"gui.mtr.connecting_station_part_cjk": "乘客可在該站%s。",
	"gui.mtr.cruising_altitude": "Altitudine de croazieră",
	"gui.mtr.custom_destination_suggestion": "Destinație (\\r pentru resetare)",
	"gui.mtr.custom_resources_export_resource_pack": "Exportă pachetul de resurse",
	"gui.mtr.custom_resources_gangway_connection_id": "Gangway Connection ID",
	"gui.mtr.custom_resources_id": "ID",
	"gui.mtr.custom_resources_name": "Nume",
	"gui.mtr.custom_resources_rider_offset": "Rider Offset: %s",
	"gui.mtr.custom_resources_train_barrier_id": "ID Barieră de tren",
	"gui.mtr.delete_confirmation": "Sunteți sigur că doriți să ștergeți %s?",
	"gui.mtr.depot_color": "Culoare Depoul",
	"gui.mtr.depot_name": "Numele Depoul",
	"gui.mtr.depots": "Depozite",
	"gui.mtr.disable_next_station_announcements": "Dezactivează anunțurile stației următoare",
	"gui.mtr.dismount_hold": "Țineți apăsat %s pentru a forța coborârea: %s",
	"gui.mtr.display_page": "Numărul paginii",
	"gui.mtr.door_animation_type_bouncy_1": "Doors: Bouncy (1)",
	"gui.mtr.door_animation_type_bouncy_2": "Doors: Bouncy (2)",
	"gui.mtr.door_animation_type_constant": "Uși: Constant",
	"gui.mtr.door_animation_type_mlr": "Uși: MLR",
	"gui.mtr.door_animation_type_plug_fast": "Doors: Fast Plug",
	"gui.mtr.door_animation_type_plug_slow": "Doors: Slow Plug",
	"gui.mtr.door_animation_type_r179": "Uși: R179",
	"gui.mtr.door_animation_type_r211": "Uși: R211",
	"gui.mtr.door_animation_type_standard": "Uși: Standard",
	"gui.mtr.door_animation_type_standard_slow": "Uși: încet",
	"gui.mtr.drag_file_to_upload": "Trage fișierul pentru a încărca",
	"gui.mtr.dwell_time": "Vehicle Dwell Time",
	"gui.mtr.edit_area": "Apasă și trage pentru a desena zona stației.",
	"gui.mtr.edit_instructions": "Editează instrucțiunile",
	"gui.mtr.edit_route": "Faceți clic pe o platformă pentru a o adăuga pe rută.",
	"gui.mtr.editing_part": "Editing: %s",
	"gui.mtr.emeralds": "Emeralds: %s",
	"gui.mtr.enter_barrier": "Adăugat %s - Balanţa: $%s",
	"gui.mtr.exit_barrier": "Ieşit %s - Tarif:%s - Balanţa: $%s",
	"gui.mtr.exit_destinations": "Adaugă destinație ieșire",
	"gui.mtr.exit_parents": "Ieşire staţie",
	"gui.mtr.file_model": "Fișier Blockbench",
	"gui.mtr.file_properties": "Properties File (Optional)",
	"gui.mtr.file_texture": "Fișier de textură",
	"gui.mtr.file_upload": "Încărcați...",
	"gui.mtr.filtered_platforms": "Platforme filtrate (%s)",
	"gui.mtr.filtered_routes": "Rute filtrate (%s)",
	"gui.mtr.filtered_routes_condition": "Doar vehiculele care rulează pe următoarele rute vor activa acest bloc",
	"gui.mtr.filtered_routes_empty": "Toate vehiculele vor activa acest bloc",
	"gui.mtr.game_time": "Timpul jocului",
	"gui.mtr.generate_map": "Generează harta",
	"gui.mtr.generating_path": "Se generează calea",
	"gui.mtr.hide_arrival": "Ascunde sosirea",
	"gui.mtr.insufficient_balance": "Balanță insuficientă ($%s)",
	"gui.mtr.interchange_announcement": "Corespondenta cu magistrala(magistralele) %s.",
	"gui.mtr.interchange_announcement_cjk": "Corespondenta cu magistrala(magistralele) %s",
	"gui.mtr.invalid_orientation": "Nu s-au putut conecta șinele; orientare invalidă",
	"gui.mtr.is_anticlockwise_route": "Este o ruta circulara, in sensul invers al acelor de ceasornic",
	"gui.mtr.is_clockwise_route": "Este o ruta circulara, in sensul acelor de ceasornic",
	"gui.mtr.is_light_rail_route": "Are număr de rută",
	"gui.mtr.is_manual": "Vehicul care se poate conduce",
	"gui.mtr.is_route_hidden": "Ascunde ruta",
	"gui.mtr.last_airplane_station": "Acest zbor merge la %s",
	"gui.mtr.last_airplane_station_cjk": "本航班往%s",
	"gui.mtr.last_boat_station": "Acest tren va merge la %s",
	"gui.mtr.last_boat_station_cjk": "本渡輪往%s",
	"gui.mtr.last_cable_car_station": "Această gondolă merge la %s",
	"gui.mtr.last_cable_car_station_cjk": "本纜車往%s",
	"gui.mtr.last_train_station": "Acest tren merge la %s",
	"gui.mtr.last_train_station_cjk": "本列車往%s",
	"gui.mtr.left": "Stânga",
	"gui.mtr.lift_buttons_locked": "Butoane blocate",
	"gui.mtr.lift_buttons_unlocked": "Butoane deblocate",
	"gui.mtr.lift_floor_description": "Descriere",
	"gui.mtr.lift_floor_number": "Numărul etajului",
	"gui.mtr.lift_is_double_sided": "Față-verso",
	"gui.mtr.lift_should_ding": "Redă sunetul \"Ding\"",
	"gui.mtr.lift_style": "Stil: %s",
	"gui.mtr.lift_style_opaque": "Opac",
	"gui.mtr.lift_style_transparent": "Transparent",
	"gui.mtr.lift_track_required": "Șine de lift necesare",
	"gui.mtr.light_rail_route_announcement": "Aceasta este linia %s catre %s.",
	"gui.mtr.light_rail_route_announcement_cjk": "Aceasta este linia %s catre %s",
	"gui.mtr.light_rail_route_number": "Număr traseu",
	"gui.mtr.london_train_interchange_announcement": "Schimbați aici pentru %s.",
	"gui.mtr.london_train_interchange_announcement_cjk": "乘客可在該站轉乘%s。",
	"gui.mtr.london_train_next_station_announcement": "Următoarea stație este %s.",
	"gui.mtr.london_train_next_station_announcement_cjk": "下一站是%s。",
	"gui.mtr.london_train_route_announcement": "Acesta este un tren %s care se termină la %s.",
	"gui.mtr.london_train_route_announcement_cjk": "本班為%s列車前往%s。",
	"gui.mtr.london_train_terminating_announcement": "Acest tren se termină aici.",
	"gui.mtr.london_train_terminating_announcement_cjk": "列車以本站為終點站。",
	"gui.mtr.london_train_this_station_announcement": "Această stație este %s.",
	"gui.mtr.london_train_this_station_announcement_cjk": "本站是%s。",
	"gui.mtr.manual_to_automatic_time": "Drivable Timeout",
	"gui.mtr.max_manual_speed": "Viteza maximă de conducere",
	"gui.mtr.max_vehicles": "Numărul maxim de vehicule pentru depou",
	"gui.mtr.mismatched_versions": "Te rugăm să actualizezi modul de tranzit Minecraft și să încerci din nou.",
	"gui.mtr.mismatched_versions_server_version": "Versiune server: %s",
	"gui.mtr.mismatched_versions_your_version": "Versiunea ta: %s",
	"gui.mtr.moving_only": "Numai vehicule în mișcare",
	"gui.mtr.mtr_options": "Opțiuni de tranzit feroviar Minecraft",
	"gui.mtr.name": "Nume",
	"gui.mtr.next_departure": "Următoarea plecare estimată: %s",
	"gui.mtr.next_departure_none": "Nu există plecări programate",
	"gui.mtr.next_route_airplane_announcement": "Acest zbor va fi schimbat la %s către %s.",
	"gui.mtr.next_route_airplane_announcement_cjk": "本航班會改為%s前往%s。",
	"gui.mtr.next_route_boat_announcement": "This vessel will be changed to the %s to %s.",
	"gui.mtr.next_route_boat_announcement_cjk": "本渡輪會改為%s前往%s。",
	"gui.mtr.next_route_boat_light_rail_announcement": "Această rută va fi schimbată la ruta %s. Pasagerii către %s, vă rugăm să iei această navă.",
	"gui.mtr.next_route_boat_light_rail_announcement_cjk": "本渡輪會改為%s路綫。前往%s沿途各站之乘客，可乘本渡輪。",
	"gui.mtr.next_route_cable_car_announcement": "Această gondolă va fi schimbată în %s către %s.",
	"gui.mtr.next_route_cable_car_announcement_cjk": "本纜車會改為%s前往%s。",
	"gui.mtr.next_route_train_announcement": "This train will be changed to the %s to %s.",
	"gui.mtr.next_route_train_announcement_cjk": "本班車會改為%s前往%s。",
	"gui.mtr.next_route_train_light_rail_announcement": "This route will be changed to route %s. Passengers to %s, please take this train.",
	"gui.mtr.next_route_train_light_rail_announcement_cjk": "本班車會改為%s路綫。前往%s沿途各站之乘客，可乘本列車。",
	"gui.mtr.next_station": "Următoarea stație este %s",
	"gui.mtr.next_station_announcement": "Urmează stația: %s.",
	"gui.mtr.next_station_announcement_cjk": "下一站：%s。",
	"gui.mtr.next_station_cjk": "下一站是%s",
	"gui.mtr.next_station_light_rail_announcement": "Urmează stația: %s.",
	"gui.mtr.next_station_light_rail_announcement_cjk": "下一站：%s。",
	"gui.mtr.no_lift_tracks_floor_found": "No Lift / Elevator Floor Tracks Found",
	"gui.mtr.offset_x": "Offset X: %s",
	"gui.mtr.offset_y": "Offset Y: %s",
	"gui.mtr.offset_z": "Offset Z: %s",
	"gui.mtr.part_blacklisted_cars": "Blacklisted Cars",
	"gui.mtr.part_display_cjk_size_ratio": "CJK Size: %s",
	"gui.mtr.part_display_force_single_line": "Force Single Line",
	"gui.mtr.part_display_force_upper_case": "Force Upper Case",
	"gui.mtr.part_display_should_scroll": "Scrolling Text",
	"gui.mtr.part_display_text_color": "Colour",
	"gui.mtr.part_display_text_color_cjk": "CJK/Non-CJK Colour",
	"gui.mtr.part_display_type_destination": "Type: Destination",
	"gui.mtr.part_display_type_next_station_kcr": "Type: Next Station (KCR)",
	"gui.mtr.part_display_type_next_station_mtr": "Type: Next Station (MTR)",
	"gui.mtr.part_display_type_next_station_plain": "Type: Next Station",
	"gui.mtr.part_display_type_next_station_uk": "Type: Next Station (UK)",
	"gui.mtr.part_display_type_route_number": "Type: Route Number",
	"gui.mtr.part_display_x_padding": "X Padding: %s",
	"gui.mtr.part_display_y_padding": "Y Padding: %s",
	"gui.mtr.part_door_offset_left_negative": "Door Offset: -Left",
	"gui.mtr.part_door_offset_left_positive": "Door Offset: +Left",
	"gui.mtr.part_door_offset_none": "Door Offset: None",
	"gui.mtr.part_door_offset_right_negative": "Door Offset: -Right",
	"gui.mtr.part_door_offset_right_positive": "Door Offset: +Right",
	"gui.mtr.part_is_display": "Este afișat",
	"gui.mtr.part_mirror": "Oglindit",
	"gui.mtr.part_positions": "Poziții",
	"gui.mtr.part_render_condition_all": "Randare: Întotdeauna",
	"gui.mtr.part_render_condition_door_left_closed": "Randare: Uși Stânga închise",
	"gui.mtr.part_render_condition_door_left_open": "Randare: Uși Stânga deschise",
	"gui.mtr.part_render_condition_door_right_closed": "Randare: Uși Dreapta închise",
	"gui.mtr.part_render_condition_door_right_open": "Randare: Uși Dreapta Deschise",
	"gui.mtr.part_render_condition_doors_closed": "Randare: Uși închise",
	"gui.mtr.part_render_condition_doors_open": "Randare: Uși deschise",
	"gui.mtr.part_render_condition_moving_backwards": "Render: Moving Backwards",
	"gui.mtr.part_render_condition_moving_forwards": "Render: Moving Forwards",
	"gui.mtr.part_skip_rendering_if_too_far": "Ascunde dacă este îndepărtat",
	"gui.mtr.part_stage_always_on_lights": "Lumini (Întotdeauna aprinse)",
	"gui.mtr.part_stage_exterior": "Exterior",
	"gui.mtr.part_stage_interior": "Interior",
	"gui.mtr.part_stage_interior_translucent": "Interior (Translucent)",
	"gui.mtr.part_stage_lights": "Lumini",
	"gui.mtr.part_whitelisted_cars": "Whitelisted Cars",
	"gui.mtr.path_found": "Calea a fost creată",
	"gui.mtr.path_not_found_between": "Calea nu a fost gasita|> %s|între|> %s|Si|> %s|",
	"gui.mtr.path_not_generated": "Calea nu a fost generată",
	"gui.mtr.percentage_complete_bridge": "Se Construiește Podul (%s%%)",
	"gui.mtr.percentage_complete_tunnel": "Se Construiește Tunelul (%s%%)",
	"gui.mtr.percentage_complete_tunnel_wall": "Se construiesc pereții tunelului (%s%%)",
	"gui.mtr.pids_message": "Mesaj PIDS personalizat",
	"gui.mtr.platform": "Platformă %s",
	"gui.mtr.platform_number": "Numărul platformei",
	"gui.mtr.platform_or_siding_exists": "Fiecare nod feroviar nu poate fi conectat decât la o singură platformă sau la o singură latură",
	"gui.mtr.press_to_select_floor": "Apasă %s pentru a selecta etajul",
	"gui.mtr.psd_apg_door_locked": "Ușă închisă",
	"gui.mtr.psd_apg_door_unlocked": "Ușă deblocată",
	"gui.mtr.radius_too_small": "Nu s-a putut conecta șina; raza trebuie să fie de cel puțin 2",
	"gui.mtr.rail_action_bridge": "Pod de %s (%s blocuri lungime, %s)",
	"gui.mtr.rail_action_tunnel": "Tunel de %s (%s blocuri lung)",
	"gui.mtr.rail_action_tunnel_wall": "Perete de Tunel de %s (%s blocuri lungime, %s)",
	"gui.mtr.rail_actions": "Operațiuni curente de construcție",
	"gui.mtr.rail_actions_button": "Operațiuni...",
	"gui.mtr.rail_not_found": "Nu s-a putut crea semnalul; șinele nu au fost găsite",
	"gui.mtr.rail_not_found_action": "Nu s-a putut efectua acțiunea; șina nu a fost găsită",
	"gui.mtr.refresh_path": "Resetare Calea",
	"gui.mtr.repeat_indefinitely": "Repetă instrucțiunile pentru totdeauna",
	"gui.mtr.reset_sign": "Resetează",
	"gui.mtr.right": "Dreapta",
	"gui.mtr.rotate_anticlockwise": "Rotește în sensul opus acelor de ceasornic",
	"gui.mtr.rotate_clockwise": "Rotiți în sensul acelor de ceasornic",
	"gui.mtr.route_color": "Culoarea traseului",
	"gui.mtr.route_name": "Numele traseului",
	"gui.mtr.route_type_boat_high_speed": "Tip: Feribot Rapid",
	"gui.mtr.route_type_boat_light_rail": "Tip: Croazieră",
	"gui.mtr.route_type_boat_normal": "Tip: Feribot",
	"gui.mtr.route_type_train_high_speed": "Tip: mare viteză",
	"gui.mtr.route_type_train_light_rail": "Tip: Tramvai",
	"gui.mtr.route_type_train_normal": "Tip: Normal",
	"gui.mtr.routes": "Rute",
	"gui.mtr.s": "s",
	"gui.mtr.schedule_mode_real_time_off": "Program: Oră Minecraft",
	"gui.mtr.schedule_mode_real_time_on": "Program: Timp real",
	"gui.mtr.search": "Cauta",
	"gui.mtr.select_all_platforms": "Arată sosirile de pe toate platformele",
	"gui.mtr.selected": "Selectat",
	"gui.mtr.selected_vehicle": "Vehicul selectat",
	"gui.mtr.separator": "/",
	"gui.mtr.separator_cjk": "/",
	"gui.mtr.settings": "Setări",
	"gui.mtr.siding_number": "Număr De Siding",
	"gui.mtr.sidings_in_depot": "Siding în acest Depou: %s",
	"gui.mtr.sound_file": "Fișier audio",
	"gui.mtr.station": "%sStatie",
	"gui.mtr.station_cjk": "%s站",
	"gui.mtr.station_color": "Culoarea stației",
	"gui.mtr.station_name": "Numele stației",
	"gui.mtr.stations": "Staţii",
	"gui.mtr.stopped_only": "Numai vehiculele oprite",
	"gui.mtr.support": "Asistență",
	"gui.mtr.this_station": "Această stație este %s",
	"gui.mtr.this_station_cjk": "本站是%s",
	"gui.mtr.to": "to %s",
	"gui.mtr.to_cjk": "往%s",
	"gui.mtr.tph": "/hr",
	"gui.mtr.train_schedule_sensor": "Arrival Offset (Seconds)",
	"gui.mtr.transport_mode_airplane": "Tip: Avion",
	"gui.mtr.transport_mode_boat": "Type: Boat",
	"gui.mtr.transport_mode_cable_car": "Type: Cable Car",
	"gui.mtr.transport_mode_train": "Type: Train",
	"gui.mtr.unlimited": "Unlimited",
	"gui.mtr.unlimited_vehicles": "Vehiculele nelimitate",
	"gui.mtr.untitled": "Untitled",
	"gui.mtr.use_time_and_wind_sync": "Automatically sync time using the Time & Wind mod",
	"gui.mtr.used_model_parts": "Used Model Parts",
	"gui.mtr.vehicle_brightness": "Brightness: %s%%",
	"gui.mtr.vehicle_cars": "Cars: %s",
	"gui.mtr.vehicle_direction_backwards": "Direction: Backwards",
	"gui.mtr.vehicle_direction_forwards": "Direction: Forwards",
	"gui.mtr.vehicle_door_max": "Door: %s",
	"gui.mtr.vehicle_length": "Length: %s",
	"gui.mtr.vehicle_speed": "Speed: %s m/s (%s km/h)",
	"gui.mtr.vehicle_width": "Width: %s",
	"gui.mtr.vehicles_per_hour": "Vehicule pe oră",
	"gui.mtr.welcome_station": "Welcome to %s Station.",
	"gui.mtr.welcome_station_cjk": "歡迎光臨%s站。",
	"gui.mtr.zone": "Fare Zone",
	"gui.mtr.zone_number": "Zone %s",
	"item.mtr.apg_door": "Automatic Platform Gates",
	"item.mtr.apg_glass": "Automatic Platform Gates",
	"item.mtr.apg_glass_end": "Automatic Platform Gates",
	"item.mtr.bridge_creator_3": "Bridge Creator",
	"item.mtr.bridge_creator_5": "Bridge Creator",
	"item.mtr.bridge_creator_7": "Bridge Creator",
	"item.mtr.bridge_creator_9": "Bridge Creator",
	"item.mtr.brush": "Brush",
	"item.mtr.dashboard": "Railway Dashboard",
	"item.mtr.dashboard_2": "Boat Dashboard",
	"item.mtr.dashboard_3": "Cable Car Dashboard",
	"item.mtr.dashboard_4": "Panou de zboruri",
	"item.mtr.driver_key": "Driver Key",
	"item.mtr.escalator": "Scară rulantă",
	"item.mtr.lift_buttons_link_connector": "Lift / Elevator Buttons Link Connector",
	"item.mtr.lift_buttons_link_remover": "Lift / Elevator Buttons Link Remover",
	"item.mtr.lift_door_1": "Lift / Elevator Doors",
	"item.mtr.lift_door_odd_1": "Lift / Elevator Doors",
	"item.mtr.lift_refresher": "Lift / Elevator Refresher",
	"item.mtr.psd_door": "Platform Screen Doors",
	"item.mtr.psd_door_2": "Platform Screen Doors",
	"item.mtr.psd_glass": "Platform Screen Doors",
	"item.mtr.psd_glass_2": "Uși Anti-Suicid",
	"item.mtr.psd_glass_end": "Uși Anti-Suicid",
	"item.mtr.psd_glass_end_2": "Uși Anti-Suicid",
	"item.mtr.rail_connector_120": "Obsidian Rail Connector",
	"item.mtr.rail_connector_120_one_way": "Obsidian Rail Connector (One-way)",
	"item.mtr.rail_connector_160": "Blaze Rail Connector",
	"item.mtr.rail_connector_160_one_way": "Blaze Rail Connector (One-way)",
	"item.mtr.rail_connector_20": "Wooden Rail Connector",
	"item.mtr.rail_connector_200": "Quartz Rail Connector",
	"item.mtr.rail_connector_200_one_way": "Quartz Rail Connector (One-way)",
	"item.mtr.rail_connector_20_one_way": "Wooden Rail Connector (One-way)",
	"item.mtr.rail_connector_300": "Diamond Rail Connector",
	"item.mtr.rail_connector_300_one_way": "Diamond Rail Connector (One-way)",
	"item.mtr.rail_connector_40": "Stone Rail Connector",
	"item.mtr.rail_connector_40_one_way": "Stone Rail Connector (One-way)",
	"item.mtr.rail_connector_60": "Emerald Rail Connector",
	"item.mtr.rail_connector_60_one_way": "Emerald Rail Connector (One-way)",
	"item.mtr.rail_connector_80": "Iron Rail Connector",
	"item.mtr.rail_connector_80_one_way": "Iron Rail Connector (One-way)",
	"item.mtr.rail_connector_cable_car": "Cable Car Connector",
	"item.mtr.rail_connector_platform": "Platform Rail Connector",
	"item.mtr.rail_connector_runway": "Runway Rail Connector",
	"item.mtr.rail_connector_siding": "Siding Rail Connector",
	"item.mtr.rail_connector_turn_back": "Turn Back Rail Connector",
	"item.mtr.rail_remover": "Rail Remover",
	"item.mtr.resource_pack_creator": "Resource Pack Creator",
	"item.mtr.signal_connector_black": "Black Signal Connector",
	"item.mtr.signal_connector_blue": "Blue Signal Connector",
	"item.mtr.signal_connector_brown": "Brown Signal Connector",
	"item.mtr.signal_connector_cyan": "Cyan Signal Connector",
	"item.mtr.signal_connector_gray": "Gray Signal Connector",
	"item.mtr.signal_connector_green": "Green Signal Connector",
	"item.mtr.signal_connector_light_blue": "Light Blue Signal Connector",
	"item.mtr.signal_connector_light_gray": "Light Grey Signal Connector",
	"item.mtr.signal_connector_lime": "Lime Signal Connector",
	"item.mtr.signal_connector_magenta": "Magenta Signal Connector",
	"item.mtr.signal_connector_orange": "Orange Signal Connector",
	"item.mtr.signal_connector_pink": "Pink Signal Connector",
	"item.mtr.signal_connector_purple": "Purple Signal Connector",
	"item.mtr.signal_connector_red": "Red Signal Connector",
	"item.mtr.signal_connector_white": "White Signal Connector",
	"item.mtr.signal_connector_yellow": "Yellow Signal Connector",
	"item.mtr.signal_remover_black": "Black Signal Remover",
	"item.mtr.signal_remover_blue": "Blue Signal Remover",
	"item.mtr.signal_remover_brown": "Brown Signal Remover",
	"item.mtr.signal_remover_cyan": "Cyan Signal Remover",
	"item.mtr.signal_remover_gray": "Grey Signal Remover",
	"item.mtr.signal_remover_green": "Green Signal Remover",
	"item.mtr.signal_remover_light_blue": "Light Blue Signal Remover",
	"item.mtr.signal_remover_light_gray": "Light Gray Signal Remover",
	"item.mtr.signal_remover_lime": "Lime Signal Remover",
	"item.mtr.signal_remover_magenta": "Magenta Signal Remover",
	"item.mtr.signal_remover_orange": "Orange Signal Remover",
	"item.mtr.signal_remover_pink": "Pink Signal Remover",
	"item.mtr.signal_remover_purple": "Purple Signal Remover",
	"item.mtr.signal_remover_red": "Red Signal Remover",
	"item.mtr.signal_remover_white": "White Signal Remover",
	"item.mtr.signal_remover_yellow": "Yellow Signal Remover",
	"item.mtr.tunnel_creator_4_3": "Creator de tunel",
	"item.mtr.tunnel_creator_4_5": "Creator de tunel",
	"item.mtr.tunnel_creator_4_7": "Creator de tunel",
	"item.mtr.tunnel_creator_4_9": "Creator de tunel",
	"item.mtr.tunnel_creator_5_3": "Creator de tunel",
	"item.mtr.tunnel_creator_5_5": "Creator de tunel",
	"item.mtr.tunnel_creator_5_7": "Creator de tunel",
	"item.mtr.tunnel_creator_5_9": "Creator de tunel",
	"item.mtr.tunnel_creator_6_3": "Creator de tunel",
	"item.mtr.tunnel_creator_6_5": "Creator de tunel",
	"item.mtr.tunnel_creator_6_7": "Creator de tunel",
	"item.mtr.tunnel_creator_6_9": "Creator de tunel",
	"item.mtr.tunnel_wall_creator_4_3": "Creator de Perete pentru Tunel",
	"item.mtr.tunnel_wall_creator_4_5": "Creator de Perete pentru Tunel",
	"item.mtr.tunnel_wall_creator_4_7": "Creator de Perete pentru Tunel",
	"item.mtr.tunnel_wall_creator_4_9": "Creator de Perete pentru Tunel",
	"item.mtr.tunnel_wall_creator_5_3": "Creator de Perete pentru Tunel",
	"item.mtr.tunnel_wall_creator_5_5": "Creator de Perete pentru Tunel",
	"item.mtr.tunnel_wall_creator_5_7": "Creator de Perete pentru Tunel",
	"item.mtr.tunnel_wall_creator_5_9": "Creator de Perete pentru Tunel",
	"item.mtr.tunnel_wall_creator_6_3": "Creator de Perete pentru Tunel",
	"item.mtr.tunnel_wall_creator_6_5": "Creator de Perete pentru Tunel",
	"item.mtr.tunnel_wall_creator_6_7": "Creator de Perete pentru Tunel",
	"item.mtr.tunnel_wall_creator_6_9": "Creator de Perete pentru Tunel",
	"itemGroup.mtr.core": "Minecraft Transit Railway Core",
	"itemGroup.mtr.escalators_lifts": "Scări rulante si lifturi",
	"itemGroup.mtr.railway_facilities": "Facilități feroviare",
	"itemGroup.mtr.station_building_blocks": "Blocuri de construcție stație",
	"key.mtr.debug_1_negative": "Debug Field 1 (Subtract)",
	"key.mtr.debug_1_positive": "Debug Field 1 (Add)",
	"key.mtr.debug_2_negative": "Debug Field 2 (Subtract)",
	"key.mtr.debug_2_positive": "Debug Field 2 (Add)",
	"key.mtr.debug_3_negative": "Debug Field 3 (Subtract)",
	"key.mtr.debug_3_positive": "Debug Field 3 (Add)",
	"key.mtr.debug_cycle_negative": "Cycle Debug Category (Backwards)",
	"key.mtr.debug_cycle_positive": "Cycle Debug Category (Forwards)",
	"key.mtr.lift_menu": "Deschide selectarea etajului liftului",
	"key.mtr.train_accelerate": "Accelerează vehiculul",
	"key.mtr.train_brake": "Frânare Vehicul",
	"key.mtr.train_toggle_doors": "Comută Ușile",
	"options.mtr.anonymous": "Anonim",
	"options.mtr.dynamic_texture_resolution": "Rezoluția dinamică a texturii (valori mai mari s-ar putea prăbuși!)",
	"options.mtr.hide_special_rail_colors": "Ascunde culorile speciale ale șinelor",
	"options.mtr.hide_translucent_parts": "Ascunde piesele translucide pe vehicule",
	"options.mtr.language_options": "Afișare limbă pe panouri",
	"options.mtr.language_options_0": "Implicit",
	"options.mtr.language_options_1": "Doar CJK",
	"options.mtr.language_options_2": "Non-CJK",
	"options.mtr.off": "Oprit",
	"options.mtr.on": "Pornit",
	"options.mtr.shift_to_toggle_sitting": "Use %s to toggle sitting inside vehicles",
	"options.mtr.show_announcement_messages": "Arată mesajele \"următoarea stație\" în chat",
	"options.mtr.support_patreon": "Support the mod on Patreon!",
	"options.mtr.track_texture_offset": "Track Texture Offset",
	"options.mtr.use_dynamic_fps": "Dynamically boost FPS",
	"options.mtr.use_mtr_font": "Folosește fonturi MTR personalizate (nu ar putea funcționa pe unele calculatoare)",
	"options.mtr.use_tts_announcements": "Activează anunţurile \"următoarea staţie\" text la vorbire",
	"options.mtr.vehicle_render_distance_ratio": "Vehicle rendering to Minecraft render distance ratio",
	"sign.mtr.airport": "Aeroport",
	"sign.mtr.airport_arrivals": "Sosiri",
	"sign.mtr.airport_arrivals_cjk": "抵港",
	"sign.mtr.airport_cjk": "機場",
	"sign.mtr.airport_departures": "Plecări",
	"sign.mtr.airport_departures_cjk": "離港",
	"sign.mtr.airport_express": "Trenuri către Aeroport",
	"sign.mtr.airport_express_city": "Trenuri către oraș",
	"sign.mtr.airport_express_city_cjk": "往市區列車",
	"sign.mtr.airport_express_cjk": "往機場列車",
	"sign.mtr.airport_transfer": "Transfer",
	"sign.mtr.airport_transfer_cjk": "轉機",
	"sign.mtr.baggage_claim": "Revendicarea bagajului",
	"sign.mtr.baggage_claim_cjk": "提取行李",
	"sign.mtr.boat": "Feriboturi",
	"sign.mtr.boat_cjk": "渡輪",
	"sign.mtr.cable_car": "Cable Cars",
	"sign.mtr.cable_car_cjk": "纜車",
	"sign.mtr.check_in_passengers": "Check-in pentru Pasageri",
	"sign.mtr.check_in_passengers_cjk": "登機乘客",
	"sign.mtr.cross": "Fără Intrare",
	"sign.mtr.cross_cjk": "不准進入",
	"sign.mtr.customer_service_centre": "Centrul de Asistență",
	"sign.mtr.customer_service_centre_cjk": "客務中心",
	"sign.mtr.emergency_exit": "Ieşire urgenţă",
	"sign.mtr.emergency_exit_cjk": "緊急出口",
	"sign.mtr.escalator_to_concourse_down": "To Concourse Only",
	"sign.mtr.escalator_to_concourse_down_cjk": "直落大堂",
	"sign.mtr.escalator_to_concourse_up": "To Concourse Only",
	"sign.mtr.escalator_to_concourse_up_cjk": "直上大堂",
	"sign.mtr.female": "Toaletă pentru femei",
	"sign.mtr.female_cjk": "女洗手間",
	"sign.mtr.in_town_check_in": "Check-in în Oraş",
	"sign.mtr.in_town_check_in_cjk": "市區預辦登機",
	"sign.mtr.lift_1": "Lift",
	"sign.mtr.lift_1_cjk": "升降機",
	"sign.mtr.lift_2": "Lift",
	"sign.mtr.lift_2_cjk": "升降機",
	"sign.mtr.light_rail_1": "Tramvai ușor",
	"sign.mtr.light_rail_1_cjk": "輕鐵",
	"sign.mtr.light_rail_2": "Tramvai ușor",
	"sign.mtr.light_rail_2_cjk": "輕鐵",
	"sign.mtr.light_rail_3": "Tramvai ușor",
	"sign.mtr.light_rail_3_cjk": "輕鐵",
	"sign.mtr.light_rail_4": "Tramvai ușor",
	"sign.mtr.light_rail_4_cjk": "輕鐵",
	"sign.mtr.logo": "Calea ferată Minecraft",
	"sign.mtr.logo_cjk": "我的世界鐵路",
	"sign.mtr.male": "Toaletă pentru bărbați",
	"sign.mtr.male_cjk": "男洗手間",
	"sign.mtr.platform": "Platformă",
	"sign.mtr.platform_cjk": "月台",
	"sign.mtr.sp1900": "Trenuri",
	"sign.mtr.sp1900_cjk": "列車",
	"sign.mtr.station": "Stație",
	"sign.mtr.station_cjk": "車站",
	"sign.mtr.tickets": "Bilete",
	"sign.mtr.tickets_cjk": "車票",
	"sign.mtr.toilets": "Toalete",
	"sign.mtr.toilets_cjk": "洗手間",
	"sign.mtr.train": "Trenuri",
	"sign.mtr.train_cjk": "列車",
	"sign.mtr.train_old": "Trenuri",
	"sign.mtr.train_old_cjk": "列車",
	"sign.mtr.wheelchair": "Toalete",
	"sign.mtr.wheelchair_cjk": "洗手間",
	"sign.mtr.wifi": "Free Wi-Fi Hotspot",
	"sign.mtr.wifi_cjk": "免費Wi-Fi熱點",
	"sign.mtr.xrl_1": "High Speed Rail",
	"sign.mtr.xrl_1_cjk": "高速鐵路",
	"sign.mtr.xrl_2": "High Speed Rail",
	"sign.mtr.xrl_2_cjk": "高速鐵路",
	"sign.mtr.yellow_head_1": "Trains",
	"sign.mtr.yellow_head_1_cjk": "火車",
	"sign.mtr.yellow_head_2": "Trains",
	"sign.mtr.yellow_head_2_cjk": "火車",
	"tooltip.block.mtr.glass_fence_cio": "City One",
	"tooltip.block.mtr.glass_fence_ckt": "Che Kung Temple",
	"tooltip.block.mtr.glass_fence_heo": "Heng On",
	"tooltip.block.mtr.glass_fence_mos": "Ma On Shan",
	"tooltip.block.mtr.glass_fence_plain": "Panou de Sticlă",
	"tooltip.block.mtr.glass_fence_shm": "Shek Mun",
	"tooltip.block.mtr.glass_fence_stained": "Panou de Sticlă Colorat",
	"tooltip.block.mtr.glass_fence_stw": "Sha Tin Wai",
	"tooltip.block.mtr.glass_fence_tsh": "Tai Shui Hang",
	"tooltip.block.mtr.glass_fence_wks": "Wu Kai Sha",
	"tooltip.mtr.cable_car_node": "No platform and sidings\nStraight connections only",
	"tooltip.mtr.cable_car_node_station": "Platforms and sidings may be created\nCurves may be created",
	"tooltip.mtr.pole_placement": "Must be placed on top of an existing\n%s",
	"tooltip.mtr.psd_apg_door": "Door Section",
	"tooltip.mtr.psd_apg_door_2": "Door Section",
	"tooltip.mtr.psd_apg_glass": "Glass Section",
	"tooltip.mtr.psd_apg_glass_2": "Glass Section",
	"tooltip.mtr.psd_apg_glass_end": "Glass End Section",
	"tooltip.mtr.rail_action_depth": "Depth: %s",
	"tooltip.mtr.rail_action_height": "Height: %s",
	"tooltip.mtr.rail_action_width": "Width: %s",
	"tooltip.mtr.rail_speed_limit": "Speed Limit: %s",
	"tooltip.mtr.railway_sign_even": "Orientation: Even",
	"tooltip.mtr.railway_sign_length": "Length: %s",
	"tooltip.mtr.railway_sign_odd": "Orientation: Odd",
	"tooltip.mtr.selected_block": "Selected Block: %s",
	"tooltip.mtr.selected_material": "Selected Material: %s",
	"tooltip.mtr.shift_right_click_to_clear": "Hold %s and use on|a %s to reset",
	"tooltip.mtr.shift_right_click_to_select_material": "Hold %s and use on|a block to select material",
	"tooltip.mtr.station_color": "Colour depends on the station",
	"tooltip.mtr.station_color_name": "Colour and text depend on the station",
	"train.mtr.a320": "Airbus A320",
	"train.mtr.a_train_ael": "CAF Airport Express",
	"train.mtr.a_train_ael_mini": "CAF Airport Express (Mini)",
	"train.mtr.a_train_tcl": "CAF Tung Chung Line",
	"train.mtr.a_train_tcl_mini": "CAF Tung Chung Line (Mini)",
	"train.mtr.a_train_tcl_small": "CAF Tung Chung Line (Small)",
	"train.mtr.acacia_boat": "Acacia Boat",
	"train.mtr.birch_boat": "Birch Boat",
	"train.mtr.br_423": "DB BR 423",
	"train.mtr.c1141a": "1141A / TML C-Train",
	"train.mtr.c1141a_mini": "1141A / TML C-Train (Mini)",
	"train.mtr.c1141a_small": "1141A / TML C-Train (Small)",
	"train.mtr.c_train": "C-Train",
	"train.mtr.c_train_mini": "C-Train (Mini)",
	"train.mtr.c_train_small": "C-Train (Small)",
	"train.mtr.class_377_southern": "British Rail Class 377 (Southern)",
	"train.mtr.class_802_gwr": "British Rail Class 802 (GWR)",
	"train.mtr.class_802_gwr_mini": "British Rail Class 802 (GWR, Mini)",
	"train.mtr.class_802_tpe": "British Rail Class 802 (TPE)",
	"train.mtr.class_802_tpe_mini": "British Rail Class 802 (TPE, Mini)",
	"train.mtr.cm_stock": "Metro-Cammell Train (Unrefurbished M-Train)",
	"train.mtr.cm_stock_mini": "Metro-Cammell Train (Unrefurbished M-Train, Mini)",
	"train.mtr.cm_stock_small": "Metro-Cammell Train (Unrefurbished M-Train, Small)",
	"train.mtr.dark_oak_boat": "Dark Oak Boat",
	"train.mtr.drl": "Disneyland Resort Line Train",
	"train.mtr.e44": "KCR E44 (Yellow Head)",
	"train.mtr.e44_mini": "KCR E44 (Yellow Head, Mini)",
	"train.mtr.flying_minecart": "Flying Minecart",
	"train.mtr.jungle_boat": "Jungle Boat",
	"train.mtr.k_train": "K-Train",
	"train.mtr.k_train_ael": "K-Train Airport Express",
	"train.mtr.k_train_ael_mini": "K-Train Airport Express (Mini)",
	"train.mtr.k_train_ael_small": "K-Train Airport Express (Small)",
	"train.mtr.k_train_mini": "K-Train (Mini)",
	"train.mtr.k_train_small": "K-Train (Small)",
	"train.mtr.k_train_tcl": "K-Train Tung Chung Line",
	"train.mtr.k_train_tcl_mini": "K-Train Tung Chung Line (Mini)",
	"train.mtr.k_train_tcl_small": "K-Train Tung Chung Line (Small)",
	"train.mtr.light_rail_1": "Light Rail (Phase 1, LHT)",
	"train.mtr.light_rail_1_orange": "Light Rail (Phase 1, Orange Livery, LHT)",
	"train.mtr.light_rail_1_orange_rht": "Light Rail (Phase 1, Orange Livery, RHT)",
	"train.mtr.light_rail_1_rht": "Light Rail (Phase 1, RHT)",
	"train.mtr.light_rail_1r": "Light Rail (Phase 1 Refurbished, LHT)",
	"train.mtr.light_rail_1r_old": "Light Rail (Phase 1 Refurbished, Blue Livery, LHT)",
	"train.mtr.light_rail_1r_old_rht": "Light Rail (Phase 1 Refurbished, Blue Livery, RHT)",
	"train.mtr.light_rail_1r_orange": "Light Rail (Phase 1 Refurbished, Orange Livery, LHT)",
	"train.mtr.light_rail_1r_orange_rht": "Light Rail (Phase 1 Refurbished, Orange Livery, RHT)",
	"train.mtr.light_rail_1r_rht": "Light Rail (Phase 1 Refurbished, RHT)",
	"train.mtr.light_rail_2": "Light Rail (Phase 2, LHT)",
	"train.mtr.light_rail_2r": "Light Rail (Phase 2 Refurbished, LHT)",
	"train.mtr.light_rail_2r_rht": "Light Rail (Phase 2 Refurbished, RHT)",
	"train.mtr.light_rail_2_orange": "Light Rail (Phase 2, Orange Livery, LHT)",
	"train.mtr.light_rail_2_orange_rht": "Light Rail (Phase 2, Orange Livery, RHT)",
	"train.mtr.light_rail_2_rht": "Light Rail (Phase 2, RHT)",
	"train.mtr.light_rail_3": "Light Rail (Phase 3, LHT)",
	"train.mtr.light_rail_3r": "Light Rail (Phase 3 Refurbished, LHT)",
	"train.mtr.light_rail_3r_rht": "Light Rail (Phase 3 Refurbished, RHT)",
	"train.mtr.light_rail_3_orange": "Light Rail (Phase 3, Orange Livery, LHT)",
	"train.mtr.light_rail_3_orange_rht": "Light Rail (Phase 3, Orange Livery, RHT)",
	"train.mtr.light_rail_3_rht": "Light Rail (Phase 3, RHT)",
	"train.mtr.light_rail_4": "Light Rail (Phase 4, LHT)",
	"train.mtr.light_rail_4_old": "Light Rail (Phase 4, Blue Livery, LHT)",
	"train.mtr.light_rail_4_old_rht": "Light Rail (Phase 4, Blue Livery, RHT)",
	"train.mtr.light_rail_4_orange": "Light Rail (Phase 4, Orange Livery, LHT)",
	"train.mtr.light_rail_4_orange_rht": "Light Rail (Phase 4, Orange Livery, RHT)",
	"train.mtr.light_rail_4_rht": "Light Rail (Phase 4, RHT)",
	"train.mtr.light_rail_5": "Light Rail (Phase 5, LHT)",
	"train.mtr.light_rail_5_old": "Light Rail (Phase 5, Blue Livery, LHT)",
	"train.mtr.light_rail_5_old_rht": "Light Rail (Phase 5, Blue Livery, RHT)",
	"train.mtr.light_rail_5_orange": "Light Rail (Phase 5, Orange Livery, LHT)",
	"train.mtr.light_rail_5_orange_rht": "Light Rail (Phase 5, Orange Livery, RHT)",
	"train.mtr.light_rail_5_rht": "Light Rail (Phase 5, RHT)",
	"train.mtr.london_underground_1995": "London Underground 1995 Stock",
	"train.mtr.london_underground_1996": "London Underground 1996 Stock",
	"train.mtr.london_underground_d78": "London Underground D78 Stock",
	"train.mtr.london_underground_d78_mini": "London Underground D78 Stock (Mini)",
	"train.mtr.m_train": "M-Train",
	"train.mtr.m_train_mini": "M-Train (Mini)",
	"train.mtr.m_train_small": "M-Train (Small)",
	"train.mtr.minecart": "Minecart",
	"train.mtr.mlr": "MLR Train",
	"train.mtr.mlr_christmas": "MLR Train Christmas Edition",
	"train.mtr.mlr_christmas_mini": "MLR Train Christmas Edition (Mini)",
	"train.mtr.mlr_christmas_small": "MLR Train Christmas Edition (Small)",
	"train.mtr.mlr_mini": "MLR Train (Mini)",
	"train.mtr.mlr_small": "MLR Train (Small)",
	"train.mtr.mpl_85": "MPL 85",
	"train.mtr.ngong_ping_360_crystal": "Ngong Ping 360 Crystal Cabin (LHT)",
	"train.mtr.ngong_ping_360_crystal_rht": "Ngong Ping 360 Crystal Cabin (RHT)",
	"train.mtr.ngong_ping_360_crystal_plus": "Ngong Ping 360 Crystal+ Cabin (LHT)",
	"train.mtr.ngong_ping_360_crystal_plus_rht": "Ngong Ping 360 Crystal+ Cabin (RHT)",
	"train.mtr.ngong_ping_360_normal_light_blue": "Ngong Ping 360 (Light Blue, LHT)",
	"train.mtr.ngong_ping_360_normal_light_blue_rht": "Ngong Ping 360 (Light Blue, RHT)",
	"train.mtr.ngong_ping_360_normal_orange": "Ngong Ping 360 (Orange, LHT)",
	"train.mtr.ngong_ping_360_normal_orange_rht": "Ngong Ping 360 (Orange, RHT)",
	"train.mtr.ngong_ping_360_normal_red": "Ngong Ping 360 (Red, LHT)",
	"train.mtr.ngong_ping_360_normal_red_rht": "Ngong Ping 360 (Red, RHT)",
	"train.mtr.oak_boat": "Oak Boat",
	"train.mtr.r179": "R179 (New York City Subway)",
	"train.mtr.r179_mini": "R179 (New York City Subway, Mini)",
	"train.mtr.r211": "R211 (New York City Subway)",
	"train.mtr.r211_mini": "R211 (New York City Subway, Mini)",
	"train.mtr.r211t": "R211T (New York City Subway)",
	"train.mtr.r211t_mini": "R211T (New York City Subway, Mini)",
	"train.mtr.r_train": "R-Train",
	"train.mtr.r_train_mini": "R-Train (Mini)",
	"train.mtr.r_train_small": "R-Train (Small)",
	"train.mtr.s_train": "S-Train",
	"train.mtr.s_train_mini": "S-Train (Mini)",
	"train.mtr.s_train_small": "S-Train (Small)",
	"train.mtr.sp1900": "SP1900",
	"train.mtr.sp1900_mini": "SP1900 (Mini)",
	"train.mtr.sp1900_small": "SP1900 (mic)",
	"train.mtr.spruce_boat": "Barcă de molid"
}
