{
	"block.minecraft.bedrock_slab": "Бедроковая плита",
	"block.minecraft.birch_wood_slab": "Плита из берёзовой древесины",
	"block.minecraft.bone_block_slab": "Плита из костного блока",
	"block.minecraft.chiseled_quartz_block_slab": "Плита из резного кварца",
	"block.minecraft.chiseled_stone_bricks_slab": "Плита из резного каменного кирпича",
	"block.minecraft.clay_slab": "Глиняная плита",
	"block.minecraft.coal_ore_slab": "Плита из угольной руды",
	"block.minecraft.concrete": "Бетон",
	"block.minecraft.concrete_powder": "Цемент",
	"block.minecraft.concrete_powder_slab": "Плита из цемента",
	"block.minecraft.concrete_slab": "Бетонная плита",
	"block.minecraft.cracked_stone_bricks_slab": "Плита из треснувшего каменного кирпича",
	"block.minecraft.gravel_slab": "Плита из гравия",
	"block.minecraft.iron_block_slab": "Железная плита",
	"block.minecraft.metal": "Блок металла",
	"block.minecraft.metal_slab": "Металлическая плита",
	"block.minecraft.planks": "Дубовые доски",
	"block.minecraft.planks_slab": "Плита из дубовых досок",
	"block.minecraft.purpur_block_slab": "Пурпурная плита",
	"block.minecraft.purpur_pillar_slab": "Плита из пурпурной колонны",
	"block.minecraft.quartz_block_slab": "Кварцевая плита",
	"block.minecraft.quartz_bricks_slab": "Плита из кварцевых кирпичей",
	"block.minecraft.quartz_pillar_slab": "Плита из кварцевой колонны",
	"block.minecraft.snow_block_slab": "Снежная плита",
	"block.minecraft.stained_glass": "Цветное стекло",
	"block.minecraft.stained_glass_slab": "Плита из цветного стекла",
	"block.minecraft.stone_bricks_slab": "Плита из каменного кирпича",
	"block.minecraft.wool": "Шерсть",
	"block.minecraft.wool_slab": "Шерстяная плита",
	"block.mtr.airplane_node": "Узел лётного пути",
	"block.mtr.apg_door": "Платформенные раздвижные двери",
	"block.mtr.apg_glass": "Платформенные раздвижные двери",
	"block.mtr.apg_glass_end": "Платформенные раздвижные двери",
	"block.mtr.arrival_projector_1_large": "Проектор прибытия поездов (3x3)",
	"block.mtr.arrival_projector_1_medium": "Проектор прибытия поездов (3x2)",
	"block.mtr.arrival_projector_1_small": "Проектор прибытия поездов (1x1)",
	"block.mtr.boat_node": "Узел лодочного пути",
	"block.mtr.cable_car_node_lower": "Узел канатной дороги",
	"block.mtr.cable_car_node_station": "Станционный узел канатной дороги",
	"block.mtr.cable_car_node_upper": "Узел канатной дороги",
	"block.mtr.ceiling": "Потолок",
	"block.mtr.ceiling_light": "Потолок (С лампой)",
	"block.mtr.ceiling_no_light": "Потолок (Без лампы)",
	"block.mtr.clock": "Часы",
	"block.mtr.clock_pole": "Опора для часов",
	"block.mtr.escalator_side": "Эскалатор",
	"block.mtr.escalator_step": "Эскалатор",
	"block.mtr.glass_fence_cio": "Стеклянный забор",
	"block.mtr.glass_fence_ckt": "Стеклянное ограждение",
	"block.mtr.glass_fence_heo": "Стеклянное ограждение",
	"block.mtr.glass_fence_mos": "Стеклянное ограждение",
	"block.mtr.glass_fence_plain": "Стеклянное ограждение",
	"block.mtr.glass_fence_shm": "Стеклянное ограждение",
	"block.mtr.glass_fence_stained": "Стеклянное ограждение",
	"block.mtr.glass_fence_stw": "Стеклянное ограждение",
	"block.mtr.glass_fence_tsh": "Стеклянное ограждение",
	"block.mtr.glass_fence_wks": "Стеклянное ограждение",
	"block.mtr.lift_buttons_1": "Кнопки лифта",
	"block.mtr.lift_door_1": "Двери лифта",
	"block.mtr.lift_door_odd_1": "Двери лифта",
	"block.mtr.lift_panel_even_1": "Дисплей лифта",
	"block.mtr.lift_panel_even_2": "Дисплей лифта",
	"block.mtr.lift_panel_odd_1": "Дисплей лифта",
	"block.mtr.lift_panel_odd_2": "Дисплей лифта",
	"block.mtr.lift_track_1": "Направляющая лифта",
	"block.mtr.lift_track_floor_1": "Направляющая лифта (Этаж)",
	"block.mtr.logo": "Логотип MTR",
	"block.mtr.marble_blue": "Голубой мрамор",
	"block.mtr.marble_blue_slab": "Голубая мраморная плита",
	"block.mtr.marble_sandy": "Песочный мрамор",
	"block.mtr.marble_sandy_slab": "Песочная мраморная плита",
	"block.mtr.metal": "Блок металла",
	"block.mtr.metal_slab": "Металлическая плита",
	"block.mtr.pids_1": "Дисплей прибытия",
	"block.mtr.pids_2": "Дисплей прибытия",
	"block.mtr.pids_3": "Дисплей прибытия",
	"block.mtr.pids_pole": "Опора дисплея",
	"block.mtr.platform": "Платформа (Гонконг)",
	"block.mtr.platform_indented": "Платформа (Гонконг)",
	"block.mtr.platform_na_1": "Платформа (Северная Америка)",
	"block.mtr.platform_na_1_indented": "Платформа (Северная Америка)",
	"block.mtr.platform_na_2": "Платформа (Северная Америка)",
	"block.mtr.platform_na_2_indented": "Платформа (Северная Америка)",
	"block.mtr.platform_uk_1": "Платформа (Великобритания)",
	"block.mtr.platform_uk_1_indented": "Платформа (Великобритания)",
	"block.mtr.psd_door": "Платформенные раздвижные двери",
	"block.mtr.psd_door_2": "Платформенные раздвижные двери",
	"block.mtr.psd_glass": "Платформенные раздвижные двери",
	"block.mtr.psd_glass_2": "Платформенные раздвижные двери",
	"block.mtr.psd_glass_end": "Платформенные раздвижные двери",
	"block.mtr.psd_glass_end_2": "Платформенные раздвижные двери",
	"block.mtr.psd_top": "Платформенные раздвижные двери",
	"block.mtr.rail": "Путевой узел",
	"block.mtr.railway_sign": "Железнодорожный указатель",
	"block.mtr.railway_sign_pole": "Опора железнодорожного указателя",
	"block.mtr.route_sign_standing_light": "Схема маршрута (Напольная, С подсветкой)",
	"block.mtr.route_sign_standing_metal": "Схема маршрута (Напольная)",
	"block.mtr.route_sign_wall_light": "Схема маршрута (Настенная, С подсветкой)",
	"block.mtr.route_sign_wall_metal": "Схема маршрута (Настенная)",
	"block.mtr.rubbish_bin_1": "Мусорная корзина",
	"block.mtr.signal_light_1": "Светофор (2 сигнала)",
	"block.mtr.signal_light_2": "Светофор (2 сигнала, Двухсторонний)",
	"block.mtr.signal_light_3": "Светофор (2 сигнала)",
	"block.mtr.signal_light_3_aspect_1": "Светофор (3 сигнала)",
	"block.mtr.signal_light_3_aspect_2": "Светофор (3 сигнала, Двухсторонний)",
	"block.mtr.signal_light_4": "Светофор (2 сигнала, Двухсторонний)",
	"block.mtr.signal_light_4_aspect_1": "Светофор (4 сигнала)",
	"block.mtr.signal_light_4_aspect_2": "Светофор (4 сигнала, Двухсторонний)",
	"block.mtr.signal_pole": "Опора светофора",
	"block.mtr.signal_semaphore_1": "Семафор",
	"block.mtr.signal_semaphore_2": "Семафор (Двухсторонний)",
	"block.mtr.station_name_entrance": "Название станции (На входе)",
	"block.mtr.station_name_tall_block": "Название станции (Блок, Высокое)",
	"block.mtr.station_name_tall_block_double_sided": "Название станции (Блок, Высокое, Двухстороннее)",
	"block.mtr.station_name_tall_wall": "Название станции (Настенное, Высокое)",
	"block.mtr.station_name_wall": "Название станции (Настенное, Белый текст)",
	"block.mtr.station_name_wall_black": "Название станции (Настенное, Чёрный текст)",
	"block.mtr.station_name_wall_gray": "Название станции (Настенное, Серый текст)",
	"block.mtr.station_pole": "Колонна цвета станции",
	"block.mtr.tactile_map": "Карта для слабовидящих",
	"block.mtr.ticket_barrier_entrance_1": "Турникет (на вход)",
	"block.mtr.ticket_barrier_exit_1": "Турникет (на выход)",
	"block.mtr.ticket_machine": "Билетный Автомат",
	"block.mtr.ticket_processor": "Сканер билетов",
	"block.mtr.ticket_processor_enquiry": "Сканер баланса",
	"block.mtr.ticket_processor_entrance": "Сканер билетов (на вход)",
	"block.mtr.ticket_processor_exit": "Сканер билетов (Выход)",
	"block.mtr.train_announcer": "Информатор",
	"block.mtr.train_cargo_loader": "Загрузчик",
	"block.mtr.train_cargo_unloader": "Разгрузчик",
	"block.mtr.train_schedule_sensor": "Датчик расписания",
	"block.mtr.train_sensor": "Датчик редстоуна",
	"category.mtr.keybinding": "Minecraft Transit Railway",
	"entity.mtr.seat": "",
	"gui.mtr.acceleration": "Разгон транспортного средства",
	"gui.mtr.add_balance_for_emeralds": "Пополнить на $%s за %s изумрудов",
	"gui.mtr.add_depot": "Добавить депо",
	"gui.mtr.add_exit": "Добавить выход со станции",
	"gui.mtr.add_exit_destination": "Добавить направление выхода",
	"gui.mtr.add_route": "Добавить маршрут",
	"gui.mtr.add_station": "Добавить станцию",
	"gui.mtr.add_value": "Добавить значение",
	"gui.mtr.already_entered": "Вы уже вошли на станцию",
	"gui.mtr.already_exited": "Записи входа не найдено",
	"gui.mtr.announcement_message": "Объявление",
	"gui.mtr.anticlockwise_to": "Против часовой до ст. «%s»",
	"gui.mtr.anticlockwise_to_cjk": "Anticlockwise to %s Station",
	"gui.mtr.anticlockwise_via": "Против часовой через ст. «%s»",
	"gui.mtr.anticlockwise_via_cjk": "Anticlockwise via %s Station",
	"gui.mtr.arrival_car": "%s в-на",
	"gui.mtr.arrival_car_cjk": "%s-car",
	"gui.mtr.arrival_min": "%s мин",
	"gui.mtr.arrival_min_cjk": "%s min",
	"gui.mtr.arrival_sec": "%s с",
	"gui.mtr.arrival_sec_cjk": "%s s",
	"gui.mtr.automatically_detect_nearby_platform": "Определять близлежащую платформу автоматически",
	"gui.mtr.available": "Доступен",
	"gui.mtr.available_model_parts": "Доступные части модели",
	"gui.mtr.balance": "Ваш баланс: $%s",
	"gui.mtr.cable_car_invalid_orientation": "Неправильное соединение троса",
	"gui.mtr.cars_to_spawn": "Количество вагонов: %s",
	"gui.mtr.clear_vehicles": "Очистить транспорт",
	"gui.mtr.clockwise_to": "По часовой до ст. %s",
	"gui.mtr.clockwise_to_cjk": "Clockwise to %s Station",
	"gui.mtr.clockwise_via": "По часовой через ст. %s",
	"gui.mtr.clockwise_via_cjk": "Clockwise via %s Station",
	"gui.mtr.color": "Цвет",
	"gui.mtr.comma": ", ",
	"gui.mtr.comma_cjk": "、",
	"gui.mtr.comma_last": " и ",
	"gui.mtr.comma_last_cjk": "или",
	"gui.mtr.connecting_station_interchange_announcement_part": "%1$s на ст. %2$s",
	"gui.mtr.connecting_station_interchange_announcement_part_cjk": "Пересадка на станцию ​​%2$s на станции %1$s",
	"gui.mtr.connecting_station_part": "Пересадка на ст. %s.",
	"gui.mtr.connecting_station_part_cjk": "Пересадка на %s",
	"gui.mtr.cruising_altitude": "Крейсерская высота",
	"gui.mtr.custom_destination_suggestion": "Пункт назначения (\\r для сброса)",
	"gui.mtr.custom_resources_export_resource_pack": "Экспортировать набор ресурсов",
	"gui.mtr.custom_resources_gangway_connection_id": "ID сочленения",
	"gui.mtr.custom_resources_id": "ID",
	"gui.mtr.custom_resources_name": "Название",
	"gui.mtr.custom_resources_rider_offset": "Смещение пассажиров: %s",
	"gui.mtr.custom_resources_train_barrier_id": "ID ограничителя поезда",
	"gui.mtr.delete_confirmation": "Вы уверены, что хотите удалить %s?",
	"gui.mtr.depot_color": "Цвет депо",
	"gui.mtr.depot_name": "Название депо",
	"gui.mtr.depots": "Депо",
	"gui.mtr.disable_next_station_announcements": "Отключить оповещения о следующей станции",
	"gui.mtr.dismount_hold": "Удерживайте %s, чтобы спешиться: %s",
	"gui.mtr.display_page": "Номер страницы",
	"gui.mtr.door_animation_type_bouncy_1": "Двери: Скачкообразное (1)",
	"gui.mtr.door_animation_type_bouncy_2": "Двери: Скачкообразное (2)",
	"gui.mtr.door_animation_type_constant": "Двери: Постоянная",
	"gui.mtr.door_animation_type_mlr": "Двери: MLR",
	"gui.mtr.door_animation_type_plug_fast": "Двери: Быстрые прислонно-сдвижные",
	"gui.mtr.door_animation_type_plug_slow": "Двери: Медленные прислонно-сдвижные",
	"gui.mtr.door_animation_type_r179": "Двери: R179",
	"gui.mtr.door_animation_type_r211": "Двери: R211",
	"gui.mtr.door_animation_type_standard": "Двери: Стандартные",
	"gui.mtr.door_animation_type_standard_slow": "Двери: Медленно",
	"gui.mtr.drag_file_to_upload": "Перетащите файл для загрузки",
	"gui.mtr.dwell_time": "Время стоянки",
	"gui.mtr.edit_area": "Выделите зону новой станции мышью.",
	"gui.mtr.edit_instructions": "Изменить инструкции",
	"gui.mtr.edit_route": "Нажмите на платформу, чтобы добавить её к маршруту.",
	"gui.mtr.editing_part": "Редактирование: %s",
	"gui.mtr.emeralds": "Изумрудов: %s",
	"gui.mtr.enter_barrier": "Вход на ст. «%s» оплачен - Баланс: $%s",
	"gui.mtr.exit_barrier": "Выход со ст. «%s» оплачен - Стоимость: $%s - Баланс: #%s",
	"gui.mtr.exit_destinations": "Направления выхода",
	"gui.mtr.exit_parents": "Выходы со станции",
	"gui.mtr.file_model": "Файл Blockbench",
	"gui.mtr.file_properties": "Файл настроек (необязательно)",
	"gui.mtr.file_texture": "Файл текстуры",
	"gui.mtr.file_upload": "Загрузить...",
	"gui.mtr.filtered_platforms": "Отфильтрованные платформы (%s)",
	"gui.mtr.filtered_routes": "Отфильтрованные маршруты (%s)",
	"gui.mtr.filtered_routes_condition": "Только транспорт, следующий по этим маршрутам, будет активировать этот блок",
	"gui.mtr.filtered_routes_empty": "Любой транспорт активирует этот блок",
	"gui.mtr.game_time": "Внутриигровое время",
	"gui.mtr.generate_map": "Сформировать карту маршрута",
	"gui.mtr.generating_path": "Путь формируется",
	"gui.mtr.hide_arrival": "Не показывать прибытие",
	"gui.mtr.insufficient_balance": "Недостаточно средств ($%s)",
	"gui.mtr.interchange_announcement": "Пересадка на линию «%s».",
	"gui.mtr.interchange_announcement_cjk": "乘客可以轉乘%s。",
	"gui.mtr.invalid_orientation": "Не удалось соединить рельсы: неправильное положение",
	"gui.mtr.is_anticlockwise_route": "Кольцевой маршрут против часовой",
	"gui.mtr.is_clockwise_route": "Кольцевой маршрут по часовой",
	"gui.mtr.is_light_rail_route": "Имеет номер маршрута",
	"gui.mtr.is_manual": "Можно Управлять",
	"gui.mtr.is_route_hidden": "Скрыть маршрут",
	"gui.mtr.last_airplane_station": "Самолёт летит до аэропорта %s",
	"gui.mtr.last_airplane_station_cjk": "本航班往%s",
	"gui.mtr.last_boat_station": "Судно следует до порта «%s»",
	"gui.mtr.last_boat_station_cjk": "本渡輪往%s",
	"gui.mtr.last_cable_car_station": "Кабина следует до ст. «%s»",
	"gui.mtr.last_cable_car_station_cjk": "本纜車往%s",
	"gui.mtr.last_train_station": "Поезд следует до ст. «%s»",
	"gui.mtr.last_train_station_cjk": "本列車往%s",
	"gui.mtr.left": "Лево",
	"gui.mtr.lift_buttons_locked": "Кнопки заблокированы",
	"gui.mtr.lift_buttons_unlocked": "Кнопки разблокированы",
	"gui.mtr.lift_floor_description": "Описание",
	"gui.mtr.lift_floor_number": "Номер этажа",
	"gui.mtr.lift_is_double_sided": "Двухсторонний",
	"gui.mtr.lift_should_ding": "Проигрывать звук «Динь»",
	"gui.mtr.lift_style": "Стиль: %s",
	"gui.mtr.lift_style_opaque": "Непрозрачный",
	"gui.mtr.lift_style_transparent": "Прозрачный",
	"gui.mtr.lift_track_required": "Требуются направляющие лифта",
	"gui.mtr.light_rail_route_announcement": "Поезд следует по маршруту «%s» до станции «%s».",
	"gui.mtr.light_rail_route_announcement_cjk": "本班為%s綫列車前往%s。",
	"gui.mtr.light_rail_route_number": "Номер маршрута",
	"gui.mtr.london_train_interchange_announcement": "Пересадка на ст. %s.",
	"gui.mtr.london_train_interchange_announcement_cjk": "乘客可在該站轉乘%s。",
	"gui.mtr.london_train_next_station_announcement": "Следующая станция %s.",
	"gui.mtr.london_train_next_station_announcement_cjk": "下一站是%s。",
	"gui.mtr.london_train_route_announcement": "Это поезд линии %s, следующий до станции %s.",
	"gui.mtr.london_train_route_announcement_cjk": "本班為%s列車前往%s。",
	"gui.mtr.london_train_terminating_announcement": "Конечная.",
	"gui.mtr.london_train_terminating_announcement_cjk": "列車以本站為終點站。",
	"gui.mtr.london_train_this_station_announcement": "Станция %s.",
	"gui.mtr.london_train_this_station_announcement_cjk": "本站是%s。",
	"gui.mtr.manual_to_automatic_time": "Таймаут водителя",
	"gui.mtr.max_manual_speed": "Максимальная скорость управления",
	"gui.mtr.max_vehicles": "Максимальное кол-во транспортных средств на маршрут",
	"gui.mtr.mismatched_versions": "Пожалуйста, обновите Minecraft Transit Railway и попробуйте ещё раз.",
	"gui.mtr.mismatched_versions_server_version": "Версия сервера: %s",
	"gui.mtr.mismatched_versions_your_version": "Ваша версия: %s",
	"gui.mtr.moving_only": "Только для движущегося транспорта",
	"gui.mtr.mtr_options": "Настройки Minecraft Transit Railway",
	"gui.mtr.name": "Название",
	"gui.mtr.next_departure": "Предположительное следующее отправление: %s",
	"gui.mtr.next_departure_none": "Нет запланированных отправлений",
	"gui.mtr.next_route_airplane_announcement": "Самолёт сменит маршрут на %s до аэропорта %s.",
	"gui.mtr.next_route_airplane_announcement_cjk": "本航班會改為%s前往%s。",
	"gui.mtr.next_route_boat_announcement": "Это судно сменит маршрут на «%s» (до порта «%s»).",
	"gui.mtr.next_route_boat_announcement_cjk": "本渡輪會改為%s前往%s。",
	"gui.mtr.next_route_boat_light_rail_announcement": "Этот маршрут будет изменен на «%s». Пассажиры, отправляющиеся до порта «%s», пожалуйста, используйте это судно.",
	"gui.mtr.next_route_boat_light_rail_announcement_cjk": "本渡輪會改為%s路綫。前往%s沿途各站之乘客, 可乘本渡輪。",
	"gui.mtr.next_route_cable_car_announcement": "Эта кабина сменит маршрут на «%s» (до станции «%s»).",
	"gui.mtr.next_route_cable_car_announcement_cjk": "本纜車會改為%s前往%s。",
	"gui.mtr.next_route_train_announcement": "Этот поезд сменит маршрут на «%s» (до станции «%s»).",
	"gui.mtr.next_route_train_announcement_cjk": "本班車會改為%s前往%s。",
	"gui.mtr.next_route_train_light_rail_announcement": "Этот маршрут будет изменен на %s. Пассажиры, отправляющиеся на станцию %s, пожалуйста, используйте этот поезд.",
	"gui.mtr.next_route_train_light_rail_announcement_cjk": "本班車會改為%s路綫。前往%s沿途各站之乘客，可乘本列車。",
	"gui.mtr.next_station": "Следующая станция: %s",
	"gui.mtr.next_station_announcement": "Следующая станция: %s.",
	"gui.mtr.next_station_announcement_cjk": "下一站：%s。",
	"gui.mtr.next_station_cjk": "Next station - %s",
	"gui.mtr.next_station_light_rail_announcement": "Следующая остановка - «%s».",
	"gui.mtr.next_station_light_rail_announcement_cjk": "下一站：%s。",
	"gui.mtr.no_lift_tracks_floor_found": "Направляющие лифта не найдены",
	"gui.mtr.offset_x": "Смещение по оси X: %s",
	"gui.mtr.offset_y": "Смещение по оси Y: %s",
	"gui.mtr.offset_z": "Смещение по оси Z: %s",
	"gui.mtr.part_blacklisted_cars": "Неиспользуемые вагоны",
	"gui.mtr.part_display_cjk_size_ratio": "Размер CJK: %s",
	"gui.mtr.part_display_force_single_line": "Принудительная одиночная линия",
	"gui.mtr.part_display_force_upper_case": "Верхний регистр силы",
	"gui.mtr.part_display_should_scroll": "Бегущая строка",
	"gui.mtr.part_display_text_color": "Цвет",
	"gui.mtr.part_display_text_color_cjk": "Цвет CJK/Не-CJK",
	"gui.mtr.part_display_type_destination": "Тип: Место назначения",
	"gui.mtr.part_display_type_next_station_kcr": "Тип: Следующая станция (KCR)",
	"gui.mtr.part_display_type_next_station_mtr": "Тип: Следующая станция (MTR)",
	"gui.mtr.part_display_type_next_station_plain": "Тип: Следующая станция",
	"gui.mtr.part_display_type_next_station_uk": "Тип: Следующая станция (UK)",
	"gui.mtr.part_display_type_route_number": "Тип: Номер маршрута",
	"gui.mtr.part_display_x_padding": "Заполнение по оси X: %s",
	"gui.mtr.part_display_y_padding": "Заполнение по оси Y: %s",
	"gui.mtr.part_door_offset_left_negative": "Смещение двери: −Влево",
	"gui.mtr.part_door_offset_left_positive": "Смещение двери: +Влево",
	"gui.mtr.part_door_offset_none": "Смещение двери: Нет",
	"gui.mtr.part_door_offset_right_negative": "Смещение двери: −Вправо",
	"gui.mtr.part_door_offset_right_positive": "Смещение двери: +Вправо",
	"gui.mtr.part_is_display": "Является Дисплеем",
	"gui.mtr.part_mirror": "Зеркально",
	"gui.mtr.part_positions": "Позиции",
	"gui.mtr.part_render_condition_all": "Отображать: всегда",
	"gui.mtr.part_render_condition_door_left_closed": "Отображать: левые двери закрыты",
	"gui.mtr.part_render_condition_door_left_open": "Отображать: левые двери открыты",
	"gui.mtr.part_render_condition_door_right_closed": "Отображать: правые двери закрыты",
	"gui.mtr.part_render_condition_door_right_open": "Отображать: правые двери открыты",
	"gui.mtr.part_render_condition_doors_closed": "Отображать: двери закрыты",
	"gui.mtr.part_render_condition_doors_open": "Отображать: двери открыты",
	"gui.mtr.part_render_condition_moving_backwards": "Отображать: движение вперёд",
	"gui.mtr.part_render_condition_moving_forwards": "Отображать: движение назад",
	"gui.mtr.part_skip_rendering_if_too_far": "Скрыть при отдалении",
	"gui.mtr.part_stage_always_on_lights": "Свет (всегда включён)",
	"gui.mtr.part_stage_exterior": "Экстерьер",
	"gui.mtr.part_stage_interior": "Интерьер",
	"gui.mtr.part_stage_interior_translucent": "Интерьер (полупрозрачный)",
	"gui.mtr.part_stage_lights": "Фонари",
	"gui.mtr.part_whitelisted_cars": "Используемые вагоны",
	"gui.mtr.path_found": "Путь успешно сформирован",
	"gui.mtr.path_not_found_between": "Не удалось найти путь на|> %s|между|>%s|и|> %s|",
	"gui.mtr.path_not_generated": "Не удалось сформировать путь",
	"gui.mtr.percentage_complete_bridge": "Создание моста (%s%%)",
	"gui.mtr.percentage_complete_tunnel": "Создание тоннеля (%s%%)",
	"gui.mtr.percentage_complete_tunnel_wall": "Создание стены тоннеля (%s%%)",
	"gui.mtr.pids_message": "Доп. сообщение на дисплее прибытия",
	"gui.mtr.platform": "Платформа %s",
	"gui.mtr.platform_number": "Номер платформы",
	"gui.mtr.platform_or_siding_exists": "Каждый узел может быть подключен только к одной платформе или тупику",
	"gui.mtr.press_to_select_floor": "Нажмите %s, чтобы выбрать этаж",
	"gui.mtr.psd_apg_door_locked": "Двери заблокированы",
	"gui.mtr.psd_apg_door_unlocked": "Двери разблокированы",
	"gui.mtr.radius_too_small": "Не удалось соединить рельсы: радиус должен быть не менее 2",
	"gui.mtr.rail_action_bridge": "Мост %s (%s блоков, %s)",
	"gui.mtr.rail_action_tunnel": "Тоннель %s (%s блоков)",
	"gui.mtr.rail_action_tunnel_wall": "Стена тоннеля %s (%s блоков, %s)",
	"gui.mtr.rail_actions": "Текущие операции постройки",
	"gui.mtr.rail_actions_button": "Операции...",
	"gui.mtr.rail_not_found": "Не удалось создать сигнал: рельсы не найдены",
	"gui.mtr.rail_not_found_action": "Не удалось выполнить действие; рельсы не найдены",
	"gui.mtr.refresh_path": "Сформировать маршрут",
	"gui.mtr.repeat_indefinitely": "Не заходить в депо",
	"gui.mtr.reset_sign": "Сброс",
	"gui.mtr.right": "Право",
	"gui.mtr.rotate_anticlockwise": "Повернуть по часовой стрелке",
	"gui.mtr.rotate_clockwise": "Повернуть по часовой стрелке",
	"gui.mtr.route_color": "Цвет маршрута",
	"gui.mtr.route_name": "Название маршрута",
	"gui.mtr.route_type_boat_high_speed": "Тип: Скоростной Паром",
	"gui.mtr.route_type_boat_light_rail": "Тип: круизный",
	"gui.mtr.route_type_boat_normal": "Тим: паром",
	"gui.mtr.route_type_train_high_speed": "Тип: высокоскоростной поезд",
	"gui.mtr.route_type_train_light_rail": "Тип: трамвай/ЛРТ",
	"gui.mtr.route_type_train_normal": "Тип: обычный",
	"gui.mtr.routes": "Маршруты",
	"gui.mtr.s": "с",
	"gui.mtr.schedule_mode_real_time_off": "Расписание: Время Майнкрафта",
	"gui.mtr.schedule_mode_real_time_on": "Расписание: Реальное Время",
	"gui.mtr.search": "Поиск",
	"gui.mtr.select_all_platforms": "Показать прибытия со всех платформ",
	"gui.mtr.selected": "Выбрано",
	"gui.mtr.selected_vehicle": "Выбранный транспорт",
	"gui.mtr.separator": "/",
	"gui.mtr.separator_cjk": "/",
	"gui.mtr.settings": "Настройки",
	"gui.mtr.siding_number": "Номер пути",
	"gui.mtr.sidings_in_depot": "Кол-во путей в депо: %s",
	"gui.mtr.sound_file": "Звуковой файл",
	"gui.mtr.station": "Станция «%s»",
	"gui.mtr.station_cjk": "%s站",
	"gui.mtr.station_color": "Цвет станции",
	"gui.mtr.station_name": "Название станции",
	"gui.mtr.stations": "Станции",
	"gui.mtr.stopped_only": "Только для стоячего транспорта",
	"gui.mtr.support": "Поддержать",
	"gui.mtr.this_station": "Станция «%s»",
	"gui.mtr.this_station_cjk": "本站是%s",
	"gui.mtr.to": "до ст. «%s»",
	"gui.mtr.to_cjk": "往%s",
	"gui.mtr.tph": "/час",
	"gui.mtr.train_schedule_sensor": "Задержка прибытия (сек.)",
	"gui.mtr.transport_mode_airplane": "Тип: Самолёт",
	"gui.mtr.transport_mode_boat": "Тип: Судно",
	"gui.mtr.transport_mode_cable_car": "Тип: Канатная дорога",
	"gui.mtr.transport_mode_train": "Тип: Поезд",
	"gui.mtr.unlimited": "Безлимит",
	"gui.mtr.unlimited_vehicles": "Не ограничено",
	"gui.mtr.untitled": "Безымянный",
	"gui.mtr.use_time_and_wind_sync": "Автоматически синхронизировать время, используя мод «Time & Wind»",
	"gui.mtr.used_model_parts": "Используемые части модели",
	"gui.mtr.vehicle_brightness": "Яркость: %s%%",
	"gui.mtr.vehicle_cars": "Вагоны: %s",
	"gui.mtr.vehicle_direction_backwards": "Направление: назад",
	"gui.mtr.vehicle_direction_forwards": "Направление: вперёд",
	"gui.mtr.vehicle_door_max": "Дверь: %s",
	"gui.mtr.vehicle_length": "Длина: %s",
	"gui.mtr.vehicle_speed": "Скорость: %s м/с (%s км/ч)",
	"gui.mtr.vehicle_width": "Ширина: %s",
	"gui.mtr.vehicles_per_hour": "Поезда в час",
	"gui.mtr.welcome_station": "Добро пожаловать на ст. «%s».",
	"gui.mtr.welcome_station_cjk": "歡迎光臨%s站。",
	"gui.mtr.zone": "Тарифная зона",
	"gui.mtr.zone_number": "Зона %s",
	"item.mtr.apg_door": "Платформенные раздвижные двери",
	"item.mtr.apg_glass": "Платформенные раздвижные двери",
	"item.mtr.apg_glass_end": "Платформенные раздвижные двери",
	"item.mtr.bridge_creator_3": "Создатель мостов",
	"item.mtr.bridge_creator_5": "Создатель мостов",
	"item.mtr.bridge_creator_7": "Создатель мостов",
	"item.mtr.bridge_creator_9": "Создатель мостов",
	"item.mtr.brush": "Кисть",
	"item.mtr.dashboard": "Панель управления поездами",
	"item.mtr.dashboard_2": "Панель управления судами",
	"item.mtr.dashboard_3": "Панель управления канатными дорогами",
	"item.mtr.dashboard_4": "Панель управления самолётами",
	"item.mtr.driver_key": "Ключ Водителя",
	"item.mtr.escalator": "Эскалатор",
	"item.mtr.lift_buttons_link_connector": "Установщик связи кнопок лифта",
	"item.mtr.lift_buttons_link_remover": "Очиститель связи кнопок лифта",
	"item.mtr.lift_door_1": "Двери лифта",
	"item.mtr.lift_door_odd_1": "Двери лифта",
	"item.mtr.lift_refresher": "Настройщик лифта",
	"item.mtr.psd_door": "Платформенные раздвижные двери",
	"item.mtr.psd_door_2": "Платформенные раздвижные двери",
	"item.mtr.psd_glass": "Платформенные раздвижные двери",
	"item.mtr.psd_glass_2": "Платформенные раздвижные двери",
	"item.mtr.psd_glass_end": "Платформенные раздвижные двери",
	"item.mtr.psd_glass_end_2": "Платформенные раздвижные двери",
	"item.mtr.rail_connector_120": "Обсидиановый соединитель путей",
	"item.mtr.rail_connector_120_one_way": "Обсидиановый соединитель путей (Односторонний)",
	"item.mtr.rail_connector_160": "Огненный соединитель путей",
	"item.mtr.rail_connector_160_one_way": "Огненный соединитель путей (Односторонний)",
	"item.mtr.rail_connector_20": "Деревянный соединитель путей",
	"item.mtr.rail_connector_200": "Кварцевый соединитель путей",
	"item.mtr.rail_connector_200_one_way": "Кварцевый соединитель путей (Односторонний)",
	"item.mtr.rail_connector_20_one_way": "Деревянный соединитель путей (Односторонний)",
	"item.mtr.rail_connector_300": "Алмазный соединитель путей",
	"item.mtr.rail_connector_300_one_way": "Алмазный соединитель путей (Односторонний)",
	"item.mtr.rail_connector_40": "Каменный соединитель путей",
	"item.mtr.rail_connector_40_one_way": "Каменный соединитель путей (Односторонний)",
	"item.mtr.rail_connector_60": "Изумрудный соединитель путей",
	"item.mtr.rail_connector_60_one_way": "Изумрудный соединитель путей (Односторонний)",
	"item.mtr.rail_connector_80": "Железный соединитель путей",
	"item.mtr.rail_connector_80_one_way": "Железный соединитель путей (Односторонний)",
	"item.mtr.rail_connector_cable_car": "Соединитель путей канатной дороги",
	"item.mtr.rail_connector_platform": "Пути для станции",
	"item.mtr.rail_connector_runway": "Соединитель взлётной полосы",
	"item.mtr.rail_connector_siding": "Пути депо",
	"item.mtr.rail_connector_turn_back": "Разворотные пути",
	"item.mtr.rail_remover": "Удалитель рельс",
	"item.mtr.resource_pack_creator": "Создатель наборов ресурсов",
	"item.mtr.signal_connector_black": "Чёрный сигнальный участок",
	"item.mtr.signal_connector_blue": "Синий сигнальный участок",
	"item.mtr.signal_connector_brown": "Коричневый сигнальный участок",
	"item.mtr.signal_connector_cyan": "Бирюзовый сигнальный участок",
	"item.mtr.signal_connector_gray": "Серый сигнальный участок",
	"item.mtr.signal_connector_green": "Зелёный сигнальный участок",
	"item.mtr.signal_connector_light_blue": "Голубой создатель сигнала",
	"item.mtr.signal_connector_light_gray": "Светло-серый сигнальный участок",
	"item.mtr.signal_connector_lime": "Лаймовый сигнальный участок",
	"item.mtr.signal_connector_magenta": "Сиреневый сигнальный участок",
	"item.mtr.signal_connector_orange": "Оранжевый сигнальный участок",
	"item.mtr.signal_connector_pink": "Розовый сигнальный участок",
	"item.mtr.signal_connector_purple": "Фиолетовый сигнальный участок",
	"item.mtr.signal_connector_red": "Красный сигнальный участок",
	"item.mtr.signal_connector_white": "Белый сигнальный участок",
	"item.mtr.signal_connector_yellow": "Жёлтый сигнальный участок",
	"item.mtr.signal_remover_black": "Очиститель чёрных сигн. участков",
	"item.mtr.signal_remover_blue": "Очиститель синих сигн. участков",
	"item.mtr.signal_remover_brown": "Очиститель коричневых сигн. участков",
	"item.mtr.signal_remover_cyan": "Очиститель бирюзовых сигн. участков",
	"item.mtr.signal_remover_gray": "Очиститель серых сигнальных участков",
	"item.mtr.signal_remover_green": "Очиститель зелёных сигнальных участков",
	"item.mtr.signal_remover_light_blue": "Очиститель голубых сигнальных участков",
	"item.mtr.signal_remover_light_gray": "Очиститель светло-серых сигнальных участков",
	"item.mtr.signal_remover_lime": "Очиститель лаймовых сигнальных участков",
	"item.mtr.signal_remover_magenta": "Очиститель пурпурных сигнальных участков",
	"item.mtr.signal_remover_orange": "Очиститель оранжевых сигнальных участков",
	"item.mtr.signal_remover_pink": "Очиститель розовых сигнальных участков",
	"item.mtr.signal_remover_purple": "Очиститель фиолетовых сигнальных участков",
	"item.mtr.signal_remover_red": "Очиститель красных сигнальных участков",
	"item.mtr.signal_remover_white": "Очиститель белых сигнальных участков",
	"item.mtr.signal_remover_yellow": "Очиститель жёлтых сигнальных участков",
	"item.mtr.tunnel_creator_4_3": "Создатель тоннелей",
	"item.mtr.tunnel_creator_4_5": "Создатель тоннелей",
	"item.mtr.tunnel_creator_4_7": "Создатель тоннелей",
	"item.mtr.tunnel_creator_4_9": "Создатель тоннелей",
	"item.mtr.tunnel_creator_5_3": "Создатель тоннелей",
	"item.mtr.tunnel_creator_5_5": "Создатель тоннелей",
	"item.mtr.tunnel_creator_5_7": "Создатель тоннелей",
	"item.mtr.tunnel_creator_5_9": "Создатель тоннелей",
	"item.mtr.tunnel_creator_6_3": "Создатель тоннелей",
	"item.mtr.tunnel_creator_6_5": "Создатель тоннелей",
	"item.mtr.tunnel_creator_6_7": "Создатель тоннелей",
	"item.mtr.tunnel_creator_6_9": "Создатель тоннелей",
	"item.mtr.tunnel_wall_creator_4_3": "Создатель стены тоннелей",
	"item.mtr.tunnel_wall_creator_4_5": "Создатель стены тоннелей",
	"item.mtr.tunnel_wall_creator_4_7": "Создатель стены тоннелей",
	"item.mtr.tunnel_wall_creator_4_9": "Создатель стен тоннелей",
	"item.mtr.tunnel_wall_creator_5_3": "Создатель стен тоннелей",
	"item.mtr.tunnel_wall_creator_5_5": "Создатель стен тоннелей",
	"item.mtr.tunnel_wall_creator_5_7": "Создатель стен тоннелей",
	"item.mtr.tunnel_wall_creator_5_9": "Создатель стен тоннелей",
	"item.mtr.tunnel_wall_creator_6_3": "Создатель стен тоннелей",
	"item.mtr.tunnel_wall_creator_6_5": "Создатель стен тоннелей",
	"item.mtr.tunnel_wall_creator_6_7": "Создатель стен тоннелей",
	"item.mtr.tunnel_wall_creator_6_9": "Создатель стен тоннелей",
	"itemGroup.mtr.core": "Ядро Minecraft Transit Railway",
	"itemGroup.mtr.escalators_lifts": "Эскалаторы и лифты",
	"itemGroup.mtr.railway_facilities": "Станционное оборудование",
	"itemGroup.mtr.station_building_blocks": "Блоки станций",
	"key.mtr.debug_1_negative": "Поле отладки 1 (Убрать)",
	"key.mtr.debug_1_positive": "Поле отладки 1 (Добавить)",
	"key.mtr.debug_2_negative": "Поле отладки 2 (Убрать)",
	"key.mtr.debug_2_positive": "Поле отладки 2 (Добавить)",
	"key.mtr.debug_3_negative": "Поле отладки 3 (Убрать)",
	"key.mtr.debug_3_positive": "Поле отладки 3 (Добавить)",
	"key.mtr.debug_cycle_negative": "Категория отладки цикла (Взад)",
	"key.mtr.debug_cycle_positive": "Категория отладки цикла (Вперёд)",
	"key.mtr.lift_menu": "Открыть меню выбора этажа",
	"key.mtr.train_accelerate": "Разгон",
	"key.mtr.train_brake": "Торможение",
	"key.mtr.train_toggle_doors": "Открыть/закрыть двери",
	"options.mtr.anonymous": "Аноним",
	"options.mtr.dynamic_texture_resolution": "Динамическое разрешение текстур (Высокие значения могут привести к вылету!)",
	"options.mtr.hide_special_rail_colors": "Скрыть цвета особых путей",
	"options.mtr.hide_translucent_parts": "Скрыть полупрозрачные детали на транспорте",
	"options.mtr.language_options": "Отображение языка на указателях",
	"options.mtr.language_options_0": "По умолчанию",
	"options.mtr.language_options_1": "Только CJK",
	"options.mtr.language_options_2": "Не CJK",
	"options.mtr.off": "Выключено",
	"options.mtr.on": "Включено",
	"options.mtr.shift_to_toggle_sitting": "Используйте, %s чтобы пересесть",
	"options.mtr.show_announcement_messages": "Показывать сообщения «Следующая станция» в чате",
	"options.mtr.support_patreon": "Поддержите мод на Patreon!",
	"options.mtr.track_texture_offset": "Смещение текстуры пути",
	"options.mtr.use_dynamic_fps": "Динамическое увеличение FPS",
	"options.mtr.use_mtr_font": "Использовать шрифты MTR (может не работать на некоторых компьютерах)",
	"options.mtr.use_tts_announcements": "Включить информатор",
	"options.mtr.vehicle_render_distance_ratio": "Отображение составов в соотношении с дальностью прорисовки Minecraft",
	"sign.mtr.airport": "Аэропорт",
	"sign.mtr.airport_arrivals": "Прибытия",
	"sign.mtr.airport_arrivals_cjk": "Arrivals",
	"sign.mtr.airport_cjk": "Airport",
	"sign.mtr.airport_departures": "Отправления",
	"sign.mtr.airport_departures_cjk": "Departures",
	"sign.mtr.airport_express": "Аэроэкспресс",
	"sign.mtr.airport_express_city": "Поезда в город",
	"sign.mtr.airport_express_city_cjk": "Train to City",
	"sign.mtr.airport_express_cjk": "Airport Express",
	"sign.mtr.airport_transfer": "Трансфер",
	"sign.mtr.airport_transfer_cjk": "Transfer",
	"sign.mtr.baggage_claim": "Выдача багажа",
	"sign.mtr.baggage_claim_cjk": "Baggage Claim",
	"sign.mtr.boat": "Паромы",
	"sign.mtr.boat_cjk": "渡輪",
	"sign.mtr.cable_car": "Канатная дорога",
	"sign.mtr.cable_car_cjk": "纜車",
	"sign.mtr.check_in_passengers": "Регистрация пассажиров",
	"sign.mtr.check_in_passengers_cjk": "Check-in Passengers",
	"sign.mtr.cross": "Прохода нет",
	"sign.mtr.cross_cjk": "No Entry / Exit",
	"sign.mtr.customer_service_centre": "Центр обслуживания клиентов",
	"sign.mtr.customer_service_centre_cjk": "Customer Service Centre",
	"sign.mtr.emergency_exit": "Запасный выход",
	"sign.mtr.emergency_exit_cjk": "Emergency Exit",
	"sign.mtr.escalator_to_concourse_down": "В вестибюль",
	"sign.mtr.escalator_to_concourse_down_cjk": "To concourse",
	"sign.mtr.escalator_to_concourse_up": "В вестибюль",
	"sign.mtr.escalator_to_concourse_up_cjk": "To concourse",
	"sign.mtr.female": "Женский туалет",
	"sign.mtr.female_cjk": "Women's Restrooms",
	"sign.mtr.in_town_check_in": "Регистрация в городе",
	"sign.mtr.in_town_check_in_cjk": "In-town Check-in",
	"sign.mtr.lift_1": "Лифт",
	"sign.mtr.lift_1_cjk": "Lift",
	"sign.mtr.lift_2": "Лифт",
	"sign.mtr.lift_2_cjk": "Lift",
	"sign.mtr.light_rail_1": "Трамвай / ЛРТ",
	"sign.mtr.light_rail_1_cjk": "Light Rail",
	"sign.mtr.light_rail_2": "Трамвай / ЛРТ",
	"sign.mtr.light_rail_2_cjk": "Light Rail",
	"sign.mtr.light_rail_3": "Трамвай / ЛРТ",
	"sign.mtr.light_rail_3_cjk": "Light Rail",
	"sign.mtr.light_rail_4": "Трамвай / ЛРТ",
	"sign.mtr.light_rail_4_cjk": "Light Rail",
	"sign.mtr.logo": "Minecraft Transit Railway",
	"sign.mtr.logo_cjk": "Minecraft Transit Railway",
	"sign.mtr.male": "Мужской туалет",
	"sign.mtr.male_cjk": "Men's Restrooms",
	"sign.mtr.platform": "Платформа",
	"sign.mtr.platform_cjk": "Platform",
	"sign.mtr.sp1900": "К поездам",
	"sign.mtr.sp1900_cjk": "Trains",
	"sign.mtr.station": "Станция",
	"sign.mtr.station_cjk": "Station",
	"sign.mtr.tickets": "Билеты",
	"sign.mtr.tickets_cjk": "Tickets",
	"sign.mtr.toilets": "Туалеты",
	"sign.mtr.toilets_cjk": "Restrooms",
	"sign.mtr.train": "К поездам",
	"sign.mtr.train_cjk": "Trains",
	"sign.mtr.train_old": "К поездам",
	"sign.mtr.train_old_cjk": "Trains",
	"sign.mtr.wheelchair": "Туалеты",
	"sign.mtr.wheelchair_cjk": "For the disabled",
	"sign.mtr.wifi": "Бесплатный Wi-Fi",
	"sign.mtr.wifi_cjk": "Free Wi-Fi Hotspot",
	"sign.mtr.xrl_1": "Скоростные поезда",
	"sign.mtr.xrl_1_cjk": "高速鐵路",
	"sign.mtr.xrl_2": "Скоростные поезда",
	"sign.mtr.xrl_2_cjk": "高速鐵路",
	"sign.mtr.yellow_head_1": "К поездам",
	"sign.mtr.yellow_head_1_cjk": "Trains",
	"sign.mtr.yellow_head_2": "К поездам",
	"sign.mtr.yellow_head_2_cjk": "Trains",
	"tooltip.block.mtr.glass_fence_cio": "City One",
	"tooltip.block.mtr.glass_fence_ckt": "Храм Che Kung",
	"tooltip.block.mtr.glass_fence_heo": "Heng On",
	"tooltip.block.mtr.glass_fence_mos": "Ma On Shan",
	"tooltip.block.mtr.glass_fence_plain": "Стеклянная панель",
	"tooltip.block.mtr.glass_fence_shm": "Shek Mun",
	"tooltip.block.mtr.glass_fence_stained": "Цветная стеклянная панель",
	"tooltip.block.mtr.glass_fence_stw": "Sha Tin Wai",
	"tooltip.block.mtr.glass_fence_tsh": "Ta Shui Hang",
	"tooltip.block.mtr.glass_fence_wks": "Wu Kai Sha",
	"tooltip.mtr.cable_car_node": "Нет платформ и депо\nТолько прямые соединения",
	"tooltip.mtr.cable_car_node_station": "Можно создавать платформы и депо\nМожно создавать кривые",
	"tooltip.mtr.pole_placement": "Устанавливается только над %s",
	"tooltip.mtr.psd_apg_door": "Двери",
	"tooltip.mtr.psd_apg_door_2": "Двери",
	"tooltip.mtr.psd_apg_glass": "Стеклянная часть",
	"tooltip.mtr.psd_apg_glass_2": "Отрезок стеклянного ограждения",
	"tooltip.mtr.psd_apg_glass_end": "Край стеклянного ограждения",
	"tooltip.mtr.rail_action_depth": "Глубина: %s",
	"tooltip.mtr.rail_action_height": "Высота: %s",
	"tooltip.mtr.rail_action_width": "Ширина %s",
	"tooltip.mtr.rail_speed_limit": "Ограничение скорости: %s",
	"tooltip.mtr.railway_sign_even": "Ориентация: чётная",
	"tooltip.mtr.railway_sign_length": "Длина: %s",
	"tooltip.mtr.railway_sign_odd": "Ориентация: нечётная",
	"tooltip.mtr.selected_block": "Выбранный блок: %s",
	"tooltip.mtr.selected_material": "Выбранный материал: %s",
	"tooltip.mtr.shift_right_click_to_clear": "Удерживайте %s и используйте на %s для сброса",
	"tooltip.mtr.shift_right_click_to_select_material": "Удерживайте %s и используйте на блоке для выбора материала",
	"tooltip.mtr.station_color": "Цвет зависит от станции",
	"tooltip.mtr.station_color_name": "Цвет и текст зависят от станции",
	"train.mtr.a320": "Аэробус А320",
	"train.mtr.a_train_ael": "Поезд CAF (Аэроэкспресс)",
	"train.mtr.a_train_ael_mini": "Поезд CAF (Аэроэкспресс, Мини)",
	"train.mtr.a_train_tcl": "Поезд CAF (Tung Chung)",
	"train.mtr.a_train_tcl_mini": "Поезд CAF (Tung Chung, Мини)",
	"train.mtr.a_train_tcl_small": "Поезд CAF (Tung Chung, Маленький)",
	"train.mtr.acacia_boat": "Лодка из акации",
	"train.mtr.birch_boat": "Лодка из берёзы",
	"train.mtr.br_423": "DB BR 423",
	"train.mtr.c1141a": "1141A / TML C-Train",
	"train.mtr.c1141a_mini": "1141A / TML C-Train (мини)",
	"train.mtr.c1141a_small": "1141A / TML C-Train (маленький)",
	"train.mtr.c_train": "C-Train",
	"train.mtr.c_train_mini": "C-Train (мини)",
	"train.mtr.c_train_small": "C-Train (маленький)",
	"train.mtr.class_377_southern": "British Rail Class 377 (Southern)",
	"train.mtr.class_802_gwr": "British Rail Class 802 (GWR)",
	"train.mtr.class_802_gwr_mini": "British Rail Class 802 (GWR, Мини)",
	"train.mtr.class_802_tpe": "British Rail Class 802 (TPE)",
	"train.mtr.class_802_tpe_mini": "British Rail Class 802 (TPE, Мини)",
	"train.mtr.cm_stock": "Поезд Metro-Cammell (Неотремонтированный M-Train)",
	"train.mtr.cm_stock_mini": "Поезд Metro-Cammell (Неотремонтированный M-Train, Мини)",
	"train.mtr.cm_stock_small": "Поезд Metro-Cammell (Неотремонтированный M-Train, Маленький)",
	"train.mtr.dark_oak_boat": "Лодка из тёмного дуба",
	"train.mtr.drl": "Поезд \"Диснейленд\"",
	"train.mtr.e44": "KCR E44 (Жёлтая кабина)",
	"train.mtr.e44_mini": "KCR E44 (Жёлтая кабина, Мини)",
	"train.mtr.flying_minecart": "Вагонетка",
	"train.mtr.jungle_boat": "Лодка из тропического дерева",
	"train.mtr.k_train": "K-Train",
	"train.mtr.k_train_ael": "K-Train (Аэроэкспресс)",
	"train.mtr.k_train_ael_mini": "K-Train (Аэроэкспресс, Мини)",
	"train.mtr.k_train_ael_small": "K-Train (Аэроэкспресс, Маленький)",
	"train.mtr.k_train_mini": "K-Train (мини)",
	"train.mtr.k_train_small": "K-Train (маленький)",
	"train.mtr.k_train_tcl": "K-Train (Tung Chung)",
	"train.mtr.k_train_tcl_mini": "K-Train (Tung Chung, Мини)",
	"train.mtr.k_train_tcl_small": "K-Train (Tung Chung, Маленький)",
	"train.mtr.light_rail_1": "Трамвай (Тип 1, Двери слева)",
	"train.mtr.light_rail_1_orange": "Трамвай (Тип 1, Оранжевый, Двери слева)",
	"train.mtr.light_rail_1_orange_rht": "Трамвай (Тип 1, Оранжевый, Двери справа)",
	"train.mtr.light_rail_1_rht": "Трамвай (Тип 1, Двери справа)",
	"train.mtr.light_rail_1r": "Трамвай (Тип 1, Обновлённый, Двери слева)",
	"train.mtr.light_rail_1r_old": "Трамвай (Тип 1, Обновлённый, Синий, Двери слева)",
	"train.mtr.light_rail_1r_old_rht": "Трамвай (Тип 1, Обновлённый, Синий, Двери справа)",
	"train.mtr.light_rail_1r_orange": "Трамвай (Тип 1, Обновлённый, Оранжевый, Двери слева)",
	"train.mtr.light_rail_1r_orange_rht": "Трамвай (Тип 1, Обновлённый, Оранжевый, Двери справа)",
	"train.mtr.light_rail_1r_rht": "Трамвай (Тип 1, Обновлённый, Двери справа)",
	"train.mtr.light_rail_2": "Трамвай (Тип 2, Двери слева)",
	"train.mtr.light_rail_2r": "Трамвай (Тип 2, Обновлённый, Двери слева)",
	"train.mtr.light_rail_2r_rht": "Трамвай (Тип 2, Обновлённый, Двери справа)",
	"train.mtr.light_rail_2_orange": "Трамвай (Тип 2, Оранжевый, Двери слева)",
	"train.mtr.light_rail_2_orange_rht": "Трамвай (Тип 2, Оранжевый, Двери справа)",
	"train.mtr.light_rail_2_rht": "Трамвай (Тип 2, Двери справа)",
	"train.mtr.light_rail_3": "Трамвай (Тип 3, Двери слева)",
	"train.mtr.light_rail_3r": "Трамвай (Тип 3, Обновлённый, Двери слева)",
	"train.mtr.light_rail_3r_rht": "Трамвай (Тип 3, Обновлённый, Двери справа)",
	"train.mtr.light_rail_3_orange": "Трамвай (Тип 3, Оранжевый, Двери слева)",
	"train.mtr.light_rail_3_orange_rht": "Трамвай (Тип 3, Оранжевый, Двери справа)",
	"train.mtr.light_rail_3_rht": "Трамвай (Тип 3, Двери справа)",
	"train.mtr.light_rail_4": "Трамвай (Тип 4, Двери слева)",
	"train.mtr.light_rail_4_old": "Трамвай (Тип 4, Синий, Двери слева)",
	"train.mtr.light_rail_4_old_rht": "Трамвай (Тип 4, Синий, Двери справа)",
	"train.mtr.light_rail_4_orange": "Трамвай (Тип 4, Оранжевый, Двери слева)",
	"train.mtr.light_rail_4_orange_rht": "Трамвай (Тип 4, Оранжевый, Двери справа)",
	"train.mtr.light_rail_4_rht": "Трамвай (Тип 4, Двери справа)",
	"train.mtr.light_rail_5": "Трамвай (Тип 5, Двери слева)",
	"train.mtr.light_rail_5_old": "Трамвай (Тип 5, Синий, Двери слева)",
	"train.mtr.light_rail_5_old_rht": "Трамвай (Тип 5, Синий, Двери справа)",
	"train.mtr.light_rail_5_orange": "Трамвай (Тип 5, Оранжевый, Двери слева)",
	"train.mtr.light_rail_5_orange_rht": "Трамвай (Тип 5, Оранжевый, Двери справа)",
	"train.mtr.light_rail_5_rht": "Трамвай (Тип 5, Двери справа)",
	"train.mtr.london_underground_1995": "1995 (Лондонское метро)",
	"train.mtr.london_underground_1996": "1996 (Лондонское метро)",
	"train.mtr.london_underground_d78": "D78 (Лондонское метро)",
	"train.mtr.london_underground_d78_mini": "D78 (Лондонское метро, Мини)",
	"train.mtr.m_train": "M-Train",
	"train.mtr.m_train_mini": "M-Train (мини)",
	"train.mtr.m_train_small": "M-Train (маленький)",
	"train.mtr.minecart": "Вагонетка",
	"train.mtr.mlr": "Поезд MLR",
	"train.mtr.mlr_christmas": "Поезд MLR (Рождественская версия)",
	"train.mtr.mlr_christmas_mini": "Поезд MLR (Рождественская версия, Мини)",
	"train.mtr.mlr_christmas_small": "Поезд MLR (Рождественская версия, Маленький)",
	"train.mtr.mlr_mini": "Поезд MLR (Мини)",
	"train.mtr.mlr_small": "Поезд MLR (Маленький)",
	"train.mtr.mpl_85": "MPL 85",
	"train.mtr.ngong_ping_360_crystal": "Нгонпинг 360, Стеклянная кабина (Двери слева)",
	"train.mtr.ngong_ping_360_crystal_rht": "Нгонпинг 360, Стеклянная кабина (Двери справа)",
	"train.mtr.ngong_ping_360_crystal_plus": "Ngong Ping 360 Crystal+ Cabin (Двери слева)",
	"train.mtr.ngong_ping_360_crystal_plus_rht": "Ngong Ping 360 Crystal+ Cabin (Двери справа)",
	"train.mtr.ngong_ping_360_normal_light_blue": "Нгонпинг 360 (Светло-синий, Двери слева)",
	"train.mtr.ngong_ping_360_normal_light_blue_rht": "Нгонпинг 360 (Светло-синий, Двери справа)",
	"train.mtr.ngong_ping_360_normal_orange": "Нгонпинг 360 (Оранжевый, Двери слева)",
	"train.mtr.ngong_ping_360_normal_orange_rht": "Нгонпинг 360 (Оранжевый, Двери справа)",
	"train.mtr.ngong_ping_360_normal_red": "Нгонпинг 360 (Красный, Двери слева)",
	"train.mtr.ngong_ping_360_normal_red_rht": "Нгонпинг 360 (Красный, Двери справа)",
	"train.mtr.oak_boat": "Дубовая лодка",
	"train.mtr.r179": "R179 (Метро Нью-Йорка)",
	"train.mtr.r179_mini": "R179 (метро Нью-Йорка, мини)",
	"train.mtr.r211": "R211 (Метро Нью-Йорка)",
	"train.mtr.r211_mini": "R211 (Метро Нью-Йорка, Мини)",
	"train.mtr.r211t": "R211T (Метро Нью-Йорка)",
	"train.mtr.r211t_mini": "R211T (Метро Нью-Йорка, Мини)",
	"train.mtr.r_train": "R-Train",
	"train.mtr.r_train_mini": "R-Train (Мини)",
	"train.mtr.r_train_small": "R-Train (Маленький)",
	"train.mtr.s_train": "S-Train",
	"train.mtr.s_train_mini": "S-Train (Мини)",
	"train.mtr.s_train_small": "S-Train (Маленький)",
	"train.mtr.sp1900": "SP1900",
	"train.mtr.sp1900_mini": "SP1900 (мини)",
	"train.mtr.sp1900_small": "SP1900 (маленький)",
	"train.mtr.spruce_boat": "Лодка из сосны"
}
