{
	"block.minecraft.bedrock_slab": "Тврдокорна Плоча",
	"block.minecraft.birch_wood_slab": "Плоча Брезе",
	"block.minecraft.bone_block_slab": "Коштана Плоча",
	"block.minecraft.chiseled_quartz_block_slab": "Исклесана Кварцна Плоча",
	"block.minecraft.chiseled_stone_bricks_slab": "Плоча Клесане Камене Цигле",
	"block.minecraft.clay_slab": "Глинена Плоча",
	"block.minecraft.coal_ore_slab": "Плоча Руде Угља",
	"block.minecraft.concrete": "Бетон",
	"block.minecraft.concrete_powder": "Цемент",
	"block.minecraft.concrete_powder_slab": "Плоча Бетонског Праха",
	"block.minecraft.concrete_slab": "Бетонска Плоча",
	"block.minecraft.cracked_stone_bricks_slab": "Пукла Плоча Камене Цигле",
	"block.minecraft.gravel_slab": "Плоча од Шљунка",
	"block.minecraft.iron_block_slab": "Гвоздена Плоча",
	"block.minecraft.metal": "Блок Метала",
	"block.minecraft.metal_slab": "Метална Плоча",
	"block.minecraft.planks": "Дрвене даске",
	"block.minecraft.planks_slab": "Дрвена Плоча од Дасака",
	"block.minecraft.purpur_block_slab": "Плоча Пурпурног Блока",
	"block.minecraft.purpur_pillar_slab": "Плоча Пурпурног Стуба",
	"block.minecraft.quartz_block_slab": "Квартц Плоча",
	"block.minecraft.quartz_bricks_slab": "Плоча од Кварц Цигли",
	"block.minecraft.quartz_pillar_slab": "Плоча од Кварц Стуба",
	"block.minecraft.snow_block_slab": "Плоча од Снега",
	"block.minecraft.stained_glass": "Витраж",
	"block.minecraft.stained_glass_slab": "Витраж Плоча",
	"block.minecraft.stone_bricks_slab": "Плоча од Камених Цигли",
	"block.minecraft.wool": "Вуна",
	"block.minecraft.wool_slab": "Вунена Плоча",
	"block.mtr.airplane_node": "самолетен нод",
	"block.mtr.apg_door": "Аутоматичка перона врата",
	"block.mtr.apg_glass": "Аутоматичка перона врата",
	"block.mtr.apg_glass_end": "Аутоматичка перона врата",
	"block.mtr.arrival_projector_1_large": "Долазни пројектор (3х3)",
	"block.mtr.arrival_projector_1_medium": "Долазни пројектор (3х2)",
	"block.mtr.arrival_projector_1_small": "Долазни пројектор (1х1)",
	"block.mtr.boat_node": "Бродски Чвор",
	"block.mtr.cable_car_node_lower": "Чвор Жичаре",
	"block.mtr.cable_car_node_station": "Чвор Жичаре за Станицу",
	"block.mtr.cable_car_node_upper": "Чвор Жичаре",
	"block.mtr.ceiling": "Плафон",
	"block.mtr.ceiling_light": "Плафон (светло)",
	"block.mtr.ceiling_no_light": "Плафон (без светла)",
	"block.mtr.clock": "Сат",
	"block.mtr.clock_pole": "Улични сат",
	"block.mtr.escalator_side": "Покретне степенице",
	"block.mtr.escalator_step": "Покретне степенице",
	"block.mtr.glass_fence_cio": "Стаклена ограда",
	"block.mtr.glass_fence_ckt": "Стаклена ограда",
	"block.mtr.glass_fence_heo": "Стаклена ограда",
	"block.mtr.glass_fence_mos": "Стаклена ограда",
	"block.mtr.glass_fence_plain": "Стаклена ограда",
	"block.mtr.glass_fence_shm": "Стаклена ограда",
	"block.mtr.glass_fence_stained": "Стаклена ограда",
	"block.mtr.glass_fence_stw": "Стаклена ограда",
	"block.mtr.glass_fence_tsh": "Стаклена ограда",
	"block.mtr.glass_fence_wks": "Стаклена ограда",
	"block.mtr.lift_buttons_1": "Дугмад Лифта",
	"block.mtr.lift_door_1": "Врата Лифта",
	"block.mtr.lift_door_odd_1": "Врата Лифта",
	"block.mtr.lift_panel_even_1": "Lift / Elevator Display Panel",
	"block.mtr.lift_panel_even_2": "Lift / Elevator Display Panel",
	"block.mtr.lift_panel_odd_1": "Lift / Elevator Display Panel",
	"block.mtr.lift_panel_odd_2": "лифт/анцансюр екран",
	"block.mtr.lift_track_1": "Шина Лифта",
	"block.mtr.lift_track_floor_1": "Шина Лифта за Спрат",
	"block.mtr.logo": "MTR Лого",
	"block.mtr.marble_blue": "Плави Мермер",
	"block.mtr.marble_blue_slab": "Плоча Плавог Мермера",
	"block.mtr.marble_sandy": "Пешчани Мермер",
	"block.mtr.marble_sandy_slab": "Плоча Пешчаног Мермера",
	"block.mtr.metal": "метал",
	"block.mtr.metal_slab": "метална плочка",
	"block.mtr.pids_1": "Дисплеј Система за обавештење путника",
	"block.mtr.pids_2": "Дисплеј Система за обавештење путника",
	"block.mtr.pids_3": "Дисплеј Систем за обавештење путника",
	"block.mtr.pids_pole": "Поље ДСОП",
	"block.mtr.platform": "Platform",
	"block.mtr.platform_indented": "Platform",
	"block.mtr.platform_na_1": "Перон (Северна Америка)",
	"block.mtr.platform_na_1_indented": "Перон (Северна Америка)",
	"block.mtr.platform_na_2": "Перон (Северна Америка)",
	"block.mtr.platform_na_2_indented": "Перон (Северна Америка)",
	"block.mtr.platform_uk_1": "Перон (Уједињено Краљевство)",
	"block.mtr.platform_uk_1_indented": "Перон (Уједињено Краљевство)",
	"block.mtr.psd_door": "Платформска Врата са Екраном",
	"block.mtr.psd_door_2": "Екранска Врата Платформе",
	"block.mtr.psd_glass": "Екранска Врата Платформе",
	"block.mtr.psd_glass_2": "Екранска Врата Платформе",
	"block.mtr.psd_glass_end": "Екранска Врата Платформе",
	"block.mtr.psd_glass_end_2": "Екранска Врата Платформе",
	"block.mtr.psd_top": "Екранска Врата Платформе",
	"block.mtr.rail": "Чвор Шине",
	"block.mtr.railway_sign": "Железнички знак",
	"block.mtr.railway_sign_pole": "Железнички Сигнални Стуб",
	"block.mtr.route_sign_standing_light": "Шема Линије",
	"block.mtr.route_sign_standing_metal": "Знак Руте (Стојећи Метални)",
	"block.mtr.route_sign_wall_light": "Знак Руте (Зидно Светло)",
	"block.mtr.route_sign_wall_metal": "Знак Руте (Зидни Метални)",
	"block.mtr.rubbish_bin_1": "Канта За Смеће",
	"block.mtr.signal_light_1": "сигнал аспекти 2 аспекти",
	"block.mtr.signal_light_2": "сигнал аспекти 2 аспекти двоино",
	"block.mtr.signal_light_3": "Signal Light (2 Aspects)",
	"block.mtr.signal_light_3_aspect_1": "сигнал аспекти 3 аспекти",
	"block.mtr.signal_light_3_aspect_2": "сигнал аспекти 3 аспекти две старни",
	"block.mtr.signal_light_4": "сигнал аспекти 2 аспекти дбе старни",
	"block.mtr.signal_light_4_aspect_1": "сигнал аспекти 4 аспекти",
	"block.mtr.signal_light_4_aspect_2": "сигнал аспекти 4 аспекти две старни",
	"block.mtr.signal_pole": "Сигнални Стуб",
	"block.mtr.signal_semaphore_1": "Семафор",
	"block.mtr.signal_semaphore_2": "Semaphore Signal (Double-sided)",
	"block.mtr.station_name_entrance": "Назив Стајалишта (Улаз)",
	"block.mtr.station_name_tall_block": "Име Станице (Висок Блок)",
	"block.mtr.station_name_tall_block_double_sided": "Име Станице (Висок Блок, Двострано)",
	"block.mtr.station_name_tall_wall": "Назив Стајалишта (Велики Текст за Зид)",
	"block.mtr.station_name_wall": "Име Станице (Зидни Текцт, Бело)",
	"block.mtr.station_name_wall_black": "Име Станице (Зидни Текст, Црно)",
	"block.mtr.station_name_wall_gray": "Име Станице (Зидни Текст, Сиво)",
	"block.mtr.station_pole": "Стуб боје станције",
	"block.mtr.tactile_map": "Тактилна Карта",
	"block.mtr.ticket_barrier_entrance_1": "Турникет (за улаз)",
	"block.mtr.ticket_barrier_exit_1": "Турникет (за излаз)",
	"block.mtr.ticket_machine": "Каса за наплату превоза",
	"block.mtr.ticket_processor": "Читач Карата",
	"block.mtr.ticket_processor_enquiry": "Терминал за провјеру стајања на рачуну",
	"block.mtr.ticket_processor_entrance": "Читач Карата (Улаз)",
	"block.mtr.ticket_processor_exit": "Читач Карата (Излаз)",
	"block.mtr.train_announcer": "Најављивач",
	"block.mtr.train_cargo_loader": "Cargo Loader",
	"block.mtr.train_cargo_unloader": "Cargo Unloader",
	"block.mtr.train_schedule_sensor": "Сензор Распореда",
	"block.mtr.train_sensor": "Сенсор редстоуна",
	"category.mtr.keybinding": "Minecraft Transit Railway Везивање Тастера",
	"entity.mtr.seat": "",
	"gui.mtr.acceleration": "убрзање",
	"gui.mtr.add_balance_for_emeralds": "Додати %s$, коштаће %s смарагда",
	"gui.mtr.add_depot": "Додати гаражу",
	"gui.mtr.add_exit": "Додати Излаз Стајалишта",
	"gui.mtr.add_exit_destination": "Додајте Одредиште За Излаз",
	"gui.mtr.add_route": "Додати руту",
	"gui.mtr.add_station": "Додати стајалиште",
	"gui.mtr.add_value": "Додајте вриједност",
	"gui.mtr.already_entered": "Већ се налазите на станције",
	"gui.mtr.already_exited": "Није пронађено записа о улазу",
	"gui.mtr.announcement_message": "Обавиштење",
	"gui.mtr.anticlockwise_to": "Против смјера казаљке до стајалишта %s",
	"gui.mtr.anticlockwise_to_cjk": "У смеру супротном од казаљке на сату %s",
	"gui.mtr.anticlockwise_via": "Против смјера казаљке преко стајалишта %s",
	"gui.mtr.anticlockwise_via_cjk": "У смету супротном од казаљке на сату пеко %s",
	"gui.mtr.arrival_car": "%s-car",
	"gui.mtr.arrival_car_cjk": "%s-car",
	"gui.mtr.arrival_min": "%s мин",
	"gui.mtr.arrival_min_cjk": "%s минут",
	"gui.mtr.arrival_sec": "%s сек",
	"gui.mtr.arrival_sec_cjk": "%s друго",
	"gui.mtr.automatically_detect_nearby_platform": "автомотично осеща блицки платформи",
	"gui.mtr.available": "Доступан",
	"gui.mtr.available_model_parts": "Доступни Делови Модела",
	"gui.mtr.balance": "Стајање на рачуну је $%s",
	"gui.mtr.cable_car_invalid_orientation": "Неважећа Кабловска Веза",
	"gui.mtr.cars_to_spawn": "багони ца доидат %s",
	"gui.mtr.clear_vehicles": "Склони Возила",
	"gui.mtr.clockwise_to": "У смеру казаљке на сату до %s",
	"gui.mtr.clockwise_to_cjk": "У смеру казаљке на сату до %s",
	"gui.mtr.clockwise_via": "У смеру казаљке на сату преко %s",
	"gui.mtr.clockwise_via_cjk": "У смеру казаљке на сату преко %s",
	"gui.mtr.color": "Боја",
	"gui.mtr.comma": ", ",
	"gui.mtr.comma_cjk": "`",
	"gui.mtr.comma_last": " и ",
	"gui.mtr.comma_last_cjk": "或",
	"gui.mtr.connecting_station_interchange_announcement_part": "другарта %1$s на %2$s станциа",
	"gui.mtr.connecting_station_interchange_announcement_part_cjk": "往%2$s站轉乘%1$s",
	"gui.mtr.connecting_station_part": "пътници можи за се сменът ду %s.",
	"gui.mtr.connecting_station_part_cjk": "乘客可在該站%s。",
	"gui.mtr.cruising_altitude": "самолетен алтетуд",
	"gui.mtr.custom_destination_suggestion": "дестенациа{\\r за рисет]",
	"gui.mtr.custom_resources_export_resource_pack": "Извези Пакет Ресурса",
	"gui.mtr.custom_resources_gangway_connection_id": "ИД везе на пролазу",
	"gui.mtr.custom_resources_id": "ИД",
	"gui.mtr.custom_resources_name": "Назив",
	"gui.mtr.custom_resources_rider_offset": "Одступање Возача: %s",
	"gui.mtr.custom_resources_train_barrier_id": "ИД баријере Воза",
	"gui.mtr.delete_confirmation": "Да ли сте сигурни да желите да избришете %s?",
	"gui.mtr.depot_color": "Боја Депоа",
	"gui.mtr.depot_name": "Назив Депоа",
	"gui.mtr.depots": "Депои",
	"gui.mtr.disable_next_station_announcements": "спри друга станциа думи",
	"gui.mtr.dismount_hold": "Држите %s да принудно изађете: %s",
	"gui.mtr.display_page": "стпаница номер",
	"gui.mtr.door_animation_type_bouncy_1": "Doors: Bouncy (1)",
	"gui.mtr.door_animation_type_bouncy_2": "Doors: Bouncy (2)",
	"gui.mtr.door_animation_type_constant": "Doors: Constant",
	"gui.mtr.door_animation_type_mlr": "Doors: MLR",
	"gui.mtr.door_animation_type_plug_fast": "Doors: Fast Plug",
	"gui.mtr.door_animation_type_plug_slow": "Doors: Slow Plug",
	"gui.mtr.door_animation_type_r179": "Doors: R179",
	"gui.mtr.door_animation_type_r211": "Doors: R211",
	"gui.mtr.door_animation_type_standard": "Doors: Standard",
	"gui.mtr.door_animation_type_standard_slow": "Doors: Slow",
	"gui.mtr.drag_file_to_upload": "Превуците Датотеку за Отпремање",
	"gui.mtr.dwell_time": "Време Задржабања Возила",
	"gui.mtr.edit_area": "Кликните и превуциде да бисте нацртали област.",
	"gui.mtr.edit_instructions": "Уреди Упутства",
	"gui.mtr.edit_route": "Кликните на Платформу да би сте је додали на руту.",
	"gui.mtr.editing_part": "Editing: %s",
	"gui.mtr.emeralds": "Смарази: %s",
	"gui.mtr.enter_barrier": "Ушао %s - Стање: $%s",
	"gui.mtr.exit_barrier": "Изашао %s - Цена Карте: $%s - Стање: $%s",
	"gui.mtr.exit_destinations": "Излазне Дестинације",
	"gui.mtr.exit_parents": "Излази",
	"gui.mtr.file_model": "Blockbench фајл",
	"gui.mtr.file_properties": "Properties File (Опционално)",
	"gui.mtr.file_texture": "Фајл Текстуре",
	"gui.mtr.file_upload": "Отпреми...",
	"gui.mtr.filtered_platforms": "Филтриране Платформе (%s)",
	"gui.mtr.filtered_routes": "Филтриране Руте (%s)",
	"gui.mtr.filtered_routes_condition": "Само возила која возе на следећим правцима ће активирати овај блок",
	"gui.mtr.filtered_routes_empty": "Сва возила ће активирати овај блок",
	"gui.mtr.game_time": "Време Игре",
	"gui.mtr.generate_map": "Генериши мапу руте",
	"gui.mtr.generating_path": "Генерисање путање",
	"gui.mtr.hide_arrival": "Сакриј Долазак",
	"gui.mtr.insufficient_balance": "Недовољно стање ($%s)",
	"gui.mtr.interchange_announcement": "Међусобна станица за %s.",
	"gui.mtr.interchange_announcement_cjk": "Путник може прећи на %s",
	"gui.mtr.invalid_orientation": "Није могуће повезати шину; неважећа оријентација",
	"gui.mtr.is_anticlockwise_route": "Кружна рута је у смеру супротном од казаљке на сату",
	"gui.mtr.is_clockwise_route": "Кружна рута у смеру казаљке на сату",
	"gui.mtr.is_light_rail_route": "Има број руте",
	"gui.mtr.is_manual": "Возно Возило",
	"gui.mtr.is_route_hidden": "Сакриј Руту",
	"gui.mtr.last_airplane_station": "този полет очива ду %s",
	"gui.mtr.last_airplane_station_cjk": "本航班往%s",
	"gui.mtr.last_boat_station": "Овај брод иде у %s",
	"gui.mtr.last_boat_station_cjk": "Овај трајект иде до %s",
	"gui.mtr.last_cable_car_station": "Ова жичара иде до %s",
	"gui.mtr.last_cable_car_station_cjk": "Жичара иде до %s",
	"gui.mtr.last_train_station": "Овај воз иде до %s",
	"gui.mtr.last_train_station_cjk": "Овај воз иде до %s",
	"gui.mtr.left": "ляво",
	"gui.mtr.lift_buttons_locked": "Buttons Locked",
	"gui.mtr.lift_buttons_unlocked": "Buttons Unlocked",
	"gui.mtr.lift_floor_description": "Опис",
	"gui.mtr.lift_floor_number": "Број Спрата",
	"gui.mtr.lift_is_double_sided": "две стапни",
	"gui.mtr.lift_should_ding": "Пусти \"Динг\" Звук",
	"gui.mtr.lift_style": "стил %s",
	"gui.mtr.lift_style_opaque": "Opaque",
	"gui.mtr.lift_style_transparent": "Transparent",
	"gui.mtr.lift_track_required": "трябва лифт/анцанцюр релси",
	"gui.mtr.light_rail_route_announcement": "Ово је рута %s који иде до %s.",
	"gui.mtr.light_rail_route_announcement_cjk": "Ово је рута %s који иде до %s",
	"gui.mtr.light_rail_route_number": "Број Руте",
	"gui.mtr.london_train_interchange_announcement": "смени тука за %s.",
	"gui.mtr.london_train_interchange_announcement_cjk": "乘客可在該站轉乘%s。",
	"gui.mtr.london_train_next_station_announcement": "другата станциа е %s.",
	"gui.mtr.london_train_next_station_announcement_cjk": "下一站是%s。",
	"gui.mtr.london_train_route_announcement": "това е един %s влак спира на %s.",
	"gui.mtr.london_train_route_announcement_cjk": "本班為%s列車前往%s。",
	"gui.mtr.london_train_terminating_announcement": "този влак спита тук.",
	"gui.mtr.london_train_terminating_announcement_cjk": "列車以本站為終點站。",
	"gui.mtr.london_train_this_station_announcement": "тази станциа е %s.",
	"gui.mtr.london_train_this_station_announcement_cjk": "本站是%s。",
	"gui.mtr.manual_to_automatic_time": "Возно Временско Ограничење",
	"gui.mtr.max_manual_speed": "Максимална Брзина Вожње",
	"gui.mtr.max_vehicles": "Максималан Број Возила по Цпоредном Колосеку",
	"gui.mtr.mismatched_versions": "Молимо Вас да ажурирате ваш Minecraft Transit Railway мод и покушате поново. Хвала.",
	"gui.mtr.mismatched_versions_server_version": "Верзија Сервера: %s",
	"gui.mtr.mismatched_versions_your_version": "Ваша Верзија: %s",
	"gui.mtr.moving_only": "Само Покретна Возила",
	"gui.mtr.mtr_options": "Minecraft Transit Railway Опције",
	"gui.mtr.name": "Назив",
	"gui.mtr.next_departure": "Предвиђени следећи полазак: %s",
	"gui.mtr.next_departure_none": "Нема заказаних полазака",
	"gui.mtr.next_route_airplane_announcement": "This flight will be changed to the %s to %s.",
	"gui.mtr.next_route_airplane_announcement_cjk": "本航班會改為%s前往%s。",
	"gui.mtr.next_route_boat_announcement": "Овај брод ће ићи до %s уместо %s.",
	"gui.mtr.next_route_boat_announcement_cjk": "Овај брод ће ићи до %s уместо %s",
	"gui.mtr.next_route_boat_light_rail_announcement": "Ова рута ће бити промењена у руту %s. Путници до %s, молим вас узмите овај брод.",
	"gui.mtr.next_route_boat_light_rail_announcement_cjk": "Ова рута ће бити промењена у руту %s. Путници до %s, молим вас узмите овај брод",
	"gui.mtr.next_route_cable_car_announcement": "Ова жичара ће ићи до %s уместо %s.",
	"gui.mtr.next_route_cable_car_announcement_cjk": "Ова жичара ићи ће до %s уместо %s",
	"gui.mtr.next_route_train_announcement": "Овај воз ићи ће до %s уместо %s.",
	"gui.mtr.next_route_train_announcement_cjk": "Овај воз ићи ће до %s уместо %s",
	"gui.mtr.next_route_train_light_rail_announcement": "Ова рута ће бити промењена у руту %s. Путници до %s, молим вас идите овим возом.",
	"gui.mtr.next_route_train_light_rail_announcement_cjk": "本班車會改為%s路綫。前往%s沿途各站之乘客，可乘本列車。",
	"gui.mtr.next_station": "Следећа станица је %s",
	"gui.mtr.next_station_announcement": "Следећа Станица: %s.",
	"gui.mtr.next_station_announcement_cjk": "Следећа Станица: %s",
	"gui.mtr.next_station_cjk": "Следећа станица је %s",
	"gui.mtr.next_station_light_rail_announcement": "Следећа Станица: %s.",
	"gui.mtr.next_station_light_rail_announcement_cjk": "Следећа Станица: %s",
	"gui.mtr.no_lift_tracks_floor_found": "No Lift / Elevator Floor Tracks Found",
	"gui.mtr.offset_x": "Offset X: %s",
	"gui.mtr.offset_y": "Offset Y: %s",
	"gui.mtr.offset_z": "Offset Z: %s",
	"gui.mtr.part_blacklisted_cars": "Жичаре на црној листи",
	"gui.mtr.part_display_cjk_size_ratio": "CJK Size: %s",
	"gui.mtr.part_display_force_single_line": "Force Single Line",
	"gui.mtr.part_display_force_upper_case": "Force Upper Case",
	"gui.mtr.part_display_should_scroll": "Scrolling Text",
	"gui.mtr.part_display_text_color": "Colour",
	"gui.mtr.part_display_text_color_cjk": "CJK/Non-CJK Colour",
	"gui.mtr.part_display_type_destination": "Type: Destination",
	"gui.mtr.part_display_type_next_station_kcr": "Type: Next Station (KCR)",
	"gui.mtr.part_display_type_next_station_mtr": "Type: Next Station (MTR)",
	"gui.mtr.part_display_type_next_station_plain": "Type: Next Station",
	"gui.mtr.part_display_type_next_station_uk": "Type: Next Station (UK)",
	"gui.mtr.part_display_type_route_number": "Type: Route Number",
	"gui.mtr.part_display_x_padding": "X Padding: %s",
	"gui.mtr.part_display_y_padding": "Y Padding: %s",
	"gui.mtr.part_door_offset_left_negative": "Отварање брата: -Лево",
	"gui.mtr.part_door_offset_left_positive": "Отварање Врата: +Лево",
	"gui.mtr.part_door_offset_none": "Отварање Врата: Ништа",
	"gui.mtr.part_door_offset_right_negative": "Отварање Врата: -Десно",
	"gui.mtr.part_door_offset_right_positive": "Отварање Врата: +Десно",
	"gui.mtr.part_is_display": "Is Display",
	"gui.mtr.part_mirror": "У Огледалу",
	"gui.mtr.part_positions": "Позиције",
	"gui.mtr.part_render_condition_all": "Рендер: Увек",
	"gui.mtr.part_render_condition_door_left_closed": "Рендер: Лева Врата Затворена",
	"gui.mtr.part_render_condition_door_left_open": "Рендер: Лева Врата Отворена",
	"gui.mtr.part_render_condition_door_right_closed": "Рендер: Десна Врата Затворена",
	"gui.mtr.part_render_condition_door_right_open": "Рендер: Десна Врата Отворена",
	"gui.mtr.part_render_condition_doors_closed": "Рендер: Врата Затворена",
	"gui.mtr.part_render_condition_doors_open": "Рендер: Врата Отворена",
	"gui.mtr.part_render_condition_moving_backwards": "Рендер: Кретање Уназад",
	"gui.mtr.part_render_condition_moving_forwards": "Рендер: Кретање Унапред",
	"gui.mtr.part_skip_rendering_if_too_far": "Сакриј Ако је Далеко",
	"gui.mtr.part_stage_always_on_lights": "Светла (Увек Укључена)",
	"gui.mtr.part_stage_exterior": "Екстеријер",
	"gui.mtr.part_stage_interior": "Интеријер",
	"gui.mtr.part_stage_interior_translucent": "Ентеријер (Провидно)",
	"gui.mtr.part_stage_lights": "Светла",
	"gui.mtr.part_whitelisted_cars": "Жичаре на Белој Листи",
	"gui.mtr.path_found": "Путања је успешно направљена",
	"gui.mtr.path_not_found_between": "Путања није пронађена на|>%s|између|> %s |и|> %s|",
	"gui.mtr.path_not_generated": "Путања није генерисана",
	"gui.mtr.percentage_complete_bridge": "Грађење Моста (%s%%)",
	"gui.mtr.percentage_complete_tunnel": "Грађење Тунела (%s%%)",
	"gui.mtr.percentage_complete_tunnel_wall": "Грађење Зида Тунела (%s%%)",
	"gui.mtr.pids_message": "Прилагођена PIDS Порука",
	"gui.mtr.platform": "Платформа %s",
	"gui.mtr.platform_number": "Број Платформе",
	"gui.mtr.platform_or_siding_exists": "Сваки шински чвор може бити повезан само на једну платформу или споредни колосек",
	"gui.mtr.press_to_select_floor": "Притисните %s да изаберете спрат",
	"gui.mtr.psd_apg_door_locked": "Врата Закључана",
	"gui.mtr.psd_apg_door_unlocked": "Врата Откључана",
	"gui.mtr.radius_too_small": "Није могуће повезати шину; радијус мора бити најмање 2",
	"gui.mtr.rail_action_bridge": "Премостити %s (%s блокова дугачко, %s)",
	"gui.mtr.rail_action_tunnel": "Тунел по %s (%s блокова дугачко)",
	"gui.mtr.rail_action_tunnel_wall": "Зид Тунела по %s (%s блокова дугачко, %s)",
	"gui.mtr.rail_actions": "Тренутне Операције Изградње",
	"gui.mtr.rail_actions_button": "Операције...",
	"gui.mtr.rail_not_found": "Није могуће креирати сигнал; шина није пронађена",
	"gui.mtr.rail_not_found_action": "Није могуће извршити радњу; шина није пронађена",
	"gui.mtr.refresh_path": "Освежи Путању",
	"gui.mtr.repeat_indefinitely": "Заувек Понављај Упутства",
	"gui.mtr.reset_sign": "Ресетовање",
	"gui.mtr.right": "Right",
	"gui.mtr.rotate_anticlockwise": "Rotate Anticlockwise",
	"gui.mtr.rotate_clockwise": "Rotate Clockwise",
	"gui.mtr.route_color": "Боја Руте",
	"gui.mtr.route_name": "Назив Руте",
	"gui.mtr.route_type_boat_high_speed": "Тип: Брзи Брод",
	"gui.mtr.route_type_boat_light_rail": "Тип: Крстарица",
	"gui.mtr.route_type_boat_normal": "Тип: Брод",
	"gui.mtr.route_type_train_high_speed": "Тип: Велика Брзина",
	"gui.mtr.route_type_train_light_rail": "Тип: Лака Железница",
	"gui.mtr.route_type_train_normal": "Тип: Нормалан",
	"gui.mtr.routes": "Руте",
	"gui.mtr.s": "с",
	"gui.mtr.schedule_mode_real_time_off": "Распоред: Minecraft Време",
	"gui.mtr.schedule_mode_real_time_on": "Распоред: У реалном времену",
	"gui.mtr.search": "Претрага",
	"gui.mtr.select_all_platforms": "Прикажи доласке са свих платформи",
	"gui.mtr.selected": "Одабрано",
	"gui.mtr.selected_vehicle": "Одабрано Возило",
	"gui.mtr.separator": "/",
	"gui.mtr.separator_cjk": "/",
	"gui.mtr.settings": "Подешавања",
	"gui.mtr.siding_number": "Број Споредног Колосека",
	"gui.mtr.sidings_in_depot": "Споредни колосеци у депоу: %s",
	"gui.mtr.sound_file": "Звучни Фајл",
	"gui.mtr.station": "%s Станица",
	"gui.mtr.station_cjk": "%s Станица",
	"gui.mtr.station_color": "Боја Станице",
	"gui.mtr.station_name": "Назив Станице",
	"gui.mtr.stations": "Станице",
	"gui.mtr.stopped_only": "Само Заустављена Возила",
	"gui.mtr.support": "Подршка",
	"gui.mtr.this_station": "Ова станица је %s",
	"gui.mtr.this_station_cjk": "Ова станица је %s",
	"gui.mtr.to": "до %s",
	"gui.mtr.to_cjk": "до %s",
	"gui.mtr.tph": "/хр",
	"gui.mtr.train_schedule_sensor": "Одступање од Доласка (Секунде)",
	"gui.mtr.transport_mode_airplane": "Type: Airplane",
	"gui.mtr.transport_mode_boat": "Тип: Брод",
	"gui.mtr.transport_mode_cable_car": "Тип: Жичара",
	"gui.mtr.transport_mode_train": "Тип: Воз",
	"gui.mtr.unlimited": "Неограничено",
	"gui.mtr.unlimited_vehicles": "Неограничена Возила",
	"gui.mtr.untitled": "Неименовано",
	"gui.mtr.use_time_and_wind_sync": "Аутоматски синхрунизуј време користећи Time & Wind мод",
	"gui.mtr.used_model_parts": "Искоришћени Делови Модела",
	"gui.mtr.vehicle_brightness": "Осветљеност: %s%%",
	"gui.mtr.vehicle_cars": "Жичаре: %s",
	"gui.mtr.vehicle_direction_backwards": "Смер: Уназад",
	"gui.mtr.vehicle_direction_forwards": "Смер: Напред",
	"gui.mtr.vehicle_door_max": "Врата: %s",
	"gui.mtr.vehicle_length": "Дужина: %s",
	"gui.mtr.vehicle_speed": "Брзина: %s m/s (%s km/h)",
	"gui.mtr.vehicle_width": "Ширина: %s",
	"gui.mtr.vehicles_per_hour": "Возила по Сату",
	"gui.mtr.welcome_station": "Добродошли на станицу %s.",
	"gui.mtr.welcome_station_cjk": "Добродошли на Станицу %s",
	"gui.mtr.zone": "Fare Zone",
	"gui.mtr.zone_number": "Зона %s",
	"item.mtr.apg_door": "Аутоматске Платформске Капије",
	"item.mtr.apg_glass": "Аутоматске Платформске Капије",
	"item.mtr.apg_glass_end": "Аутоматске Платформске Капије",
	"item.mtr.bridge_creator_3": "Креатор Моста",
	"item.mtr.bridge_creator_5": "Креатор Моста",
	"item.mtr.bridge_creator_7": "Креатор Моста",
	"item.mtr.bridge_creator_9": "Креатор Моста",
	"item.mtr.brush": "Четка",
	"item.mtr.dashboard": "Железничка Контролна Табла",
	"item.mtr.dashboard_2": "Бродска Контролна Табла",
	"item.mtr.dashboard_3": "Контролна Табла Жичаре",
	"item.mtr.dashboard_4": "Flight Dashboard",
	"item.mtr.driver_key": "Возачев Кључ",
	"item.mtr.escalator": "Покретне степенице",
	"item.mtr.lift_buttons_link_connector": "Повезивач Дугмади Лифта",
	"item.mtr.lift_buttons_link_remover": "Уклањач Повезивања Дугмади Лифта",
	"item.mtr.lift_door_1": "Врата Лифта",
	"item.mtr.lift_door_odd_1": "Врата Лифта",
	"item.mtr.lift_refresher": "Lift / Elevator Refresher",
	"item.mtr.psd_door": "Платформска Врата са Екраном",
	"item.mtr.psd_door_2": "Платформска Врата са Екраном",
	"item.mtr.psd_glass": "Платформска Врата са Екраном",
	"item.mtr.psd_glass_2": "Платформска Врата са Екраном",
	"item.mtr.psd_glass_end": "Платформска Врата са Екраном",
	"item.mtr.psd_glass_end_2": "Платформска Врата са Екраном",
	"item.mtr.rail_connector_120": "Опсидијански Повезивач Шине",
	"item.mtr.rail_connector_120_one_way": "Опсидијански Повезивач Шине (Једносмерни)",
	"item.mtr.rail_connector_160": "Пламенски Повезивач Шина",
	"item.mtr.rail_connector_160_one_way": "Пламенски Повезивач Шина (Једносмерни)",
	"item.mtr.rail_connector_20": "Дрвени Повезивач Шина",
	"item.mtr.rail_connector_200": "Кварцни Повезивач Шина",
	"item.mtr.rail_connector_200_one_way": "Кварцни Повезивач Шина (Једносмерни)",
	"item.mtr.rail_connector_20_one_way": "Дрвени Повезивач Шина (Једносмерни)",
	"item.mtr.rail_connector_300": "Дијамантски Повезивач Шина",
	"item.mtr.rail_connector_300_one_way": "Дијамантски Повезивач Шина (Једносмерни)",
	"item.mtr.rail_connector_40": "Камени Повезивач Шина",
	"item.mtr.rail_connector_40_one_way": "Камени Повезивач Шина (Једносмерни)",
	"item.mtr.rail_connector_60": "Смарагни Повезивач Шина",
	"item.mtr.rail_connector_60_one_way": "Смарагни Повезивач Шина (Једносмерни)",
	"item.mtr.rail_connector_80": "Гвоздени Повезивач Шина",
	"item.mtr.rail_connector_80_one_way": "Гвоздени Повезивач Шина (Једносмерни)",
	"item.mtr.rail_connector_cable_car": "Повезивач Жичаре",
	"item.mtr.rail_connector_platform": "Повезивач Платформске Шине",
	"item.mtr.rail_connector_runway": "Runway Rail Connector",
	"item.mtr.rail_connector_siding": "Повезивач Споредно-Колосекских Шина",
	"item.mtr.rail_connector_turn_back": "Врати се Повезивач Шина",
	"item.mtr.rail_remover": "Уклањач Шина",
	"item.mtr.resource_pack_creator": "Креатор Пакета Ресурса",
	"item.mtr.signal_connector_black": "Црни Повезивач Сигнала",
	"item.mtr.signal_connector_blue": "Плави Повезивач Сигнала",
	"item.mtr.signal_connector_brown": "Браон Повезивач Сигнала",
	"item.mtr.signal_connector_cyan": "Тегет Повезивач Сигнала",
	"item.mtr.signal_connector_gray": "Сиви Повезивач Сигнала",
	"item.mtr.signal_connector_green": "Зелени Повезивач Сигнала",
	"item.mtr.signal_connector_light_blue": "Светло Плави Повезивач Сигнала",
	"item.mtr.signal_connector_light_gray": "Светло Сиви Повезивач Сигнала",
	"item.mtr.signal_connector_lime": "Светло Зелени Повезивач Сигнала",
	"item.mtr.signal_connector_magenta": "Пурпурноцрвени Повезивач Сигнала",
	"item.mtr.signal_connector_orange": "Наранџасти Повезивач Сигнала",
	"item.mtr.signal_connector_pink": "Розе Повезивач Сигнала",
	"item.mtr.signal_connector_purple": "Љубичасти Повезивач Сигнала",
	"item.mtr.signal_connector_red": "Црвено Повезивач Сигнала",
	"item.mtr.signal_connector_white": "Бели Повезивач Сигнала",
	"item.mtr.signal_connector_yellow": "Жути Повезивач Сигнала",
	"item.mtr.signal_remover_black": "Црни Уклањач Сигнала",
	"item.mtr.signal_remover_blue": "Плави Уклањач Сигнала",
	"item.mtr.signal_remover_brown": "Браон Уклањач Сигнала",
	"item.mtr.signal_remover_cyan": "Тегет Уклањач Сигнала",
	"item.mtr.signal_remover_gray": "Сиви Уклањач Сигнала",
	"item.mtr.signal_remover_green": "Зелени Уклањач Сигнала",
	"item.mtr.signal_remover_light_blue": "Светло Плави Уклањач Сигнала",
	"item.mtr.signal_remover_light_gray": "Светло Сиви Уклањач Сигнала",
	"item.mtr.signal_remover_lime": "Светло Зелени Уклањач Сигнала",
	"item.mtr.signal_remover_magenta": "Пурпурноцрвени Уклањач Сигнала",
	"item.mtr.signal_remover_orange": "Наранџасти Уклањач Сигнала",
	"item.mtr.signal_remover_pink": "Розе Уклањач Сигнала",
	"item.mtr.signal_remover_purple": "Љубичасти Уклањач Сигнала",
	"item.mtr.signal_remover_red": "Црвени Уклањач Сигнала",
	"item.mtr.signal_remover_white": "Бели Уклањач Сигнала",
	"item.mtr.signal_remover_yellow": "Жути Уклањач Сигнала",
	"item.mtr.tunnel_creator_4_3": "Креатор Тунела",
	"item.mtr.tunnel_creator_4_5": "Креатор Тунела",
	"item.mtr.tunnel_creator_4_7": "Креатор Тунела",
	"item.mtr.tunnel_creator_4_9": "Креатор Тунела",
	"item.mtr.tunnel_creator_5_3": "Креатор Тунела",
	"item.mtr.tunnel_creator_5_5": "Креатор Тунела",
	"item.mtr.tunnel_creator_5_7": "Креатор Тунела",
	"item.mtr.tunnel_creator_5_9": "Креатор Тунела",
	"item.mtr.tunnel_creator_6_3": "Креатор Тунела",
	"item.mtr.tunnel_creator_6_5": "Креатор Тунела",
	"item.mtr.tunnel_creator_6_7": "Креатор Тунела",
	"item.mtr.tunnel_creator_6_9": "Креатор Тунела",
	"item.mtr.tunnel_wall_creator_4_3": "Креатор Зида Тунела",
	"item.mtr.tunnel_wall_creator_4_5": "Креатор Зида Тунела",
	"item.mtr.tunnel_wall_creator_4_7": "Креатор Зида Тунела",
	"item.mtr.tunnel_wall_creator_4_9": "Креатор Зида Тунела",
	"item.mtr.tunnel_wall_creator_5_3": "Креатор Зида Тунела",
	"item.mtr.tunnel_wall_creator_5_5": "Креатор Зида Тунела",
	"item.mtr.tunnel_wall_creator_5_7": "Креатор Зида Тунела",
	"item.mtr.tunnel_wall_creator_5_9": "Креатор Зида Тунела",
	"item.mtr.tunnel_wall_creator_6_3": "Креатор Зида Тунела",
	"item.mtr.tunnel_wall_creator_6_5": "Креатор Зида Тунела",
	"item.mtr.tunnel_wall_creator_6_7": "Креатор Зида Тунела",
	"item.mtr.tunnel_wall_creator_6_9": "Креатор Зида Тунела",
	"itemGroup.mtr.core": "Minecraft Transit Railway Core",
	"itemGroup.mtr.escalators_lifts": "Покретне Степенице и Лифтови",
	"itemGroup.mtr.railway_facilities": "Железнички објекти",
	"itemGroup.mtr.station_building_blocks": "Блокови за Грађење Станице",
	"key.mtr.debug_1_negative": "Debug Field 1 (Subtract)",
	"key.mtr.debug_1_positive": "Debug Field 1 (Add)",
	"key.mtr.debug_2_negative": "Debug Field 2 (Subtract)",
	"key.mtr.debug_2_positive": "Debug Field 2 (Add)",
	"key.mtr.debug_3_negative": "Debug Field 3 (Subtract)",
	"key.mtr.debug_3_positive": "Debug Field 3 (Add)",
	"key.mtr.debug_cycle_negative": "Cycle Debug Category (Backwards)",
	"key.mtr.debug_cycle_positive": "Cycle Debug Category (Forwards)",
	"key.mtr.lift_menu": "Отворени Одељак Лифта",
	"key.mtr.train_accelerate": "Убрзајте Возило",
	"key.mtr.train_brake": "Зауставите Возило",
	"key.mtr.train_toggle_doors": "Toggle Doors",
	"options.mtr.anonymous": "Анонимус",
	"options.mtr.dynamic_texture_resolution": "Динамичка Резолуција Текстуре (веће вредности могу да се сруше игру!)",
	"options.mtr.hide_special_rail_colors": "Сакриј Посебне Боје Шина",
	"options.mtr.hide_translucent_parts": "Сакриј Провидне Делове На Возилима",
	"options.mtr.language_options": "Language display on signs",
	"options.mtr.language_options_0": "Default",
	"options.mtr.language_options_1": "CJK Only",
	"options.mtr.language_options_2": "Non-CJK",
	"options.mtr.off": "Искључено",
	"options.mtr.on": "Укључено",
	"options.mtr.shift_to_toggle_sitting": "Користите %s да бисте променили седење у возилима",
	"options.mtr.show_announcement_messages": "Прикажи поруке „следећа станица“ у чету",
	"options.mtr.support_patreon": "Подржите мод на Patreon-у!",
	"options.mtr.track_texture_offset": "Track Texture Offset",
	"options.mtr.use_dynamic_fps": "Динамички појачава FPS",
	"options.mtr.use_mtr_font": "Користите прилагођене MTR фонтове (можда неће радити на неким рачунарима)",
	"options.mtr.use_tts_announcements": "Омогућите најаве претварања текста у говор „следећа станица“",
	"options.mtr.vehicle_render_distance_ratio": "Однос удаљености рендеровања возила у Minecraft-у",
	"sign.mtr.airport": "Airport",
	"sign.mtr.airport_arrivals": "Arrivals",
	"sign.mtr.airport_arrivals_cjk": "抵港",
	"sign.mtr.airport_cjk": "機場",
	"sign.mtr.airport_departures": "Departures",
	"sign.mtr.airport_departures_cjk": "離港",
	"sign.mtr.airport_express": "Возови до Аеродрома",
	"sign.mtr.airport_express_city": "Возови до Града",
	"sign.mtr.airport_express_city_cjk": "Возови До Града",
	"sign.mtr.airport_express_cjk": "Возови до Аеродрома",
	"sign.mtr.airport_transfer": "Transfer",
	"sign.mtr.airport_transfer_cjk": "轉機",
	"sign.mtr.baggage_claim": "Baggage Claim",
	"sign.mtr.baggage_claim_cjk": "提取行李",
	"sign.mtr.boat": "Бродови",
	"sign.mtr.boat_cjk": "Бродови",
	"sign.mtr.cable_car": "Жичаре",
	"sign.mtr.cable_car_cjk": "Жичаре",
	"sign.mtr.check_in_passengers": "Пријављивање Путника",
	"sign.mtr.check_in_passengers_cjk": "Пријављивање Путника",
	"sign.mtr.cross": "Забрањен Улаз",
	"sign.mtr.cross_cjk": "Забрањен Улаз",
	"sign.mtr.customer_service_centre": "Центар За Корисничку Подршку",
	"sign.mtr.customer_service_centre_cjk": "Центар за Корисничку Подршку",
	"sign.mtr.emergency_exit": "Излаз у Случају Опасности",
	"sign.mtr.emergency_exit_cjk": "Излаз у Случају Опасности",
	"sign.mtr.escalator_to_concourse_down": "Само на Почетак",
	"sign.mtr.escalator_to_concourse_down_cjk": "Само на Почетак",
	"sign.mtr.escalator_to_concourse_up": "Само на Почетак",
	"sign.mtr.escalator_to_concourse_up_cjk": "Само на Почетак",
	"sign.mtr.female": "Женски Тоалет",
	"sign.mtr.female_cjk": "Женски Тоалет",
	"sign.mtr.in_town_check_in": "Пријава у Граду",
	"sign.mtr.in_town_check_in_cjk": "Пријава у Граду",
	"sign.mtr.lift_1": "Лифт",
	"sign.mtr.lift_1_cjk": "Лифт",
	"sign.mtr.lift_2": "Лифт",
	"sign.mtr.lift_2_cjk": "Лифт",
	"sign.mtr.light_rail_1": "Светле Шине",
	"sign.mtr.light_rail_1_cjk": "Светле Шине",
	"sign.mtr.light_rail_2": "Светле Шине",
	"sign.mtr.light_rail_2_cjk": "Светле Шине",
	"sign.mtr.light_rail_3": "Светле Шине",
	"sign.mtr.light_rail_3_cjk": "Светле Шине",
	"sign.mtr.light_rail_4": "Светле Шине",
	"sign.mtr.light_rail_4_cjk": "Светле Шине",
	"sign.mtr.logo": "Minecraft Transit Railway",
	"sign.mtr.logo_cjk": "Minecraft Transit Railway",
	"sign.mtr.male": "Мушки Тоалет",
	"sign.mtr.male_cjk": "Мушки Тоалет",
	"sign.mtr.platform": "Платформа",
	"sign.mtr.platform_cjk": "Платформа",
	"sign.mtr.sp1900": "Возови",
	"sign.mtr.sp1900_cjk": "Возови",
	"sign.mtr.station": "Station",
	"sign.mtr.station_cjk": "車站",
	"sign.mtr.tickets": "Карте",
	"sign.mtr.tickets_cjk": "Карте",
	"sign.mtr.toilets": "Тоалети",
	"sign.mtr.toilets_cjk": "Тоалети",
	"sign.mtr.train": "Возови",
	"sign.mtr.train_cjk": "Возови",
	"sign.mtr.train_old": "Возови",
	"sign.mtr.train_old_cjk": "Возови",
	"sign.mtr.wheelchair": "Тоалети",
	"sign.mtr.wheelchair_cjk": "Тоалети",
	"sign.mtr.wifi": "Бесплатан Wi-Fi Hotspot",
	"sign.mtr.wifi_cjk": "Бесплатан Wi-Fi Hotspot",
	"sign.mtr.xrl_1": "Брза Железница",
	"sign.mtr.xrl_1_cjk": "Брза Железница",
	"sign.mtr.xrl_2": "Брза Железница",
	"sign.mtr.xrl_2_cjk": "Брза Железница",
	"sign.mtr.yellow_head_1": "Возови",
	"sign.mtr.yellow_head_1_cjk": "Возови",
	"sign.mtr.yellow_head_2": "Возови",
	"sign.mtr.yellow_head_2_cjk": "Возови",
	"tooltip.block.mtr.glass_fence_cio": "Град One",
	"tooltip.block.mtr.glass_fence_ckt": "Che Kung Храм",
	"tooltip.block.mtr.glass_fence_heo": "Heng On",
	"tooltip.block.mtr.glass_fence_mos": "Ma On Shan",
	"tooltip.block.mtr.glass_fence_plain": "Стаклене плоче",
	"tooltip.block.mtr.glass_fence_shm": "Shek Mun",
	"tooltip.block.mtr.glass_fence_stained": "Stained Glass Pane",
	"tooltip.block.mtr.glass_fence_stw": "Sha Tin Wai",
	"tooltip.block.mtr.glass_fence_tsh": "Tai Shui Hang",
	"tooltip.block.mtr.glass_fence_wks": "Wu Kai Sha",
	"tooltip.mtr.cable_car_node": "Нема платформе и споредних колосека\nСамо равне везе",
	"tooltip.mtr.cable_car_node_station": "Могу се направити платформе и споредни колосијеци\nМогу се креирати криве линије",
	"tooltip.mtr.pole_placement": "Мора се поставити на постојеће\n%s",
	"tooltip.mtr.psd_apg_door": "Одељак Врата",
	"tooltip.mtr.psd_apg_door_2": "Одељак Врата",
	"tooltip.mtr.psd_apg_glass": "Одељак Стакла",
	"tooltip.mtr.psd_apg_glass_2": "Одељак Стакла",
	"tooltip.mtr.psd_apg_glass_end": "Крајни Одељак Стакла",
	"tooltip.mtr.rail_action_depth": "Дубина: %s",
	"tooltip.mtr.rail_action_height": "Висина: %s",
	"tooltip.mtr.rail_action_width": "Ширина: %s",
	"tooltip.mtr.rail_speed_limit": "Ограничење брзине: %s",
	"tooltip.mtr.railway_sign_even": "Оријентација: Равномерна",
	"tooltip.mtr.railway_sign_length": "Дужина: %s",
	"tooltip.mtr.railway_sign_odd": "Оријентација: Непарна",
	"tooltip.mtr.selected_block": "Изабрани Блок: %s",
	"tooltip.mtr.selected_material": "Изабрани Материјал: %s",
	"tooltip.mtr.shift_right_click_to_clear": "Држи %s и користи на|a %s за ресет",
	"tooltip.mtr.shift_right_click_to_select_material": "Држи %s и кликни на блок да изабереш материјал",
	"tooltip.mtr.station_color": "Боја зависи од станице",
	"tooltip.mtr.station_color_name": "Боја и текст зависи од станице",
	"train.mtr.a320": "Airbus A320",
	"train.mtr.a_train_ael": "CAF Airport Express",
	"train.mtr.a_train_ael_mini": "CAF Airport Express (Мини)",
	"train.mtr.a_train_tcl": "CAF Tung Chung Line",
	"train.mtr.a_train_tcl_mini": "CAF Tung Chung Line (Мини)",
	"train.mtr.a_train_tcl_small": "CAF Tung Chung Line (Мали)",
	"train.mtr.acacia_boat": "Acacia Boat",
	"train.mtr.birch_boat": "Birch Boat",
	"train.mtr.br_423": "DB BR 423",
	"train.mtr.c1141a": "C1141A / TML C-Train",
	"train.mtr.c1141a_mini": "C1141A / TML C-Train (Mini)",
	"train.mtr.c1141a_small": "C1141A / TML C-Train (Small)",
	"train.mtr.c_train": "C-Train",
	"train.mtr.c_train_mini": "C-Train (Мини)",
	"train.mtr.c_train_small": "C-Train (Мали)",
	"train.mtr.class_377_southern": "British Rail Class 377 (Southern)",
	"train.mtr.class_802_gwr": "British Rail Class 802 (GWR)",
	"train.mtr.class_802_gwr_mini": "British Rail Class 802 (GWR, Мини)",
	"train.mtr.class_802_tpe": "British Rail Class 802 (TPE)",
	"train.mtr.class_802_tpe_mini": "British Rail Class 802 (TPE, Мини)",
	"train.mtr.cm_stock": "Metro-Cammell Train (Нереновиран M-Train)",
	"train.mtr.cm_stock_mini": "Metro-Cammell Train (Нереновиран M-Train, Мини)",
	"train.mtr.cm_stock_small": "Metro-Cammell Train (Нереновиран M-Train, Мали)",
	"train.mtr.dark_oak_boat": "Dark Oak Boat",
	"train.mtr.drl": "Disneyland Resort Line Train",
	"train.mtr.e44": "KCR E44 (Жута Глава)",
	"train.mtr.e44_mini": "KCR E44 (Жута Глава, Мини)",
	"train.mtr.flying_minecart": "Flying Minecart",
	"train.mtr.jungle_boat": "Прашумски Брод",
	"train.mtr.k_train": "K-Train",
	"train.mtr.k_train_ael": "K-Train Airport Express",
	"train.mtr.k_train_ael_mini": "K-Train Airport Express (Мини)",
	"train.mtr.k_train_ael_small": "K-Train Airport Express (Мали)",
	"train.mtr.k_train_mini": "K-Train (Мини)",
	"train.mtr.k_train_small": "K-Train (Мали)",
	"train.mtr.k_train_tcl": "K-Train Tung Chung Line",
	"train.mtr.k_train_tcl_mini": "K-Train Tung Chung Line (Мини)",
	"train.mtr.k_train_tcl_small": "K-Train Tung Chung Line (Мали)",
	"train.mtr.light_rail_1": "Светле Шине (Фаза 1, LHT)",
	"train.mtr.light_rail_1_orange": "Лака железница (фаза 1, наранџаста боја, LHT)",
	"train.mtr.light_rail_1_orange_rht": "Лака железница (фаза 1, наранџаста боја, RHT)",
	"train.mtr.light_rail_1_rht": "Лака железница (фаза 1, RHT)",
	"train.mtr.light_rail_1r": "Лака железница (фаза 1 реновирана, LHT)",
	"train.mtr.light_rail_1r_old": "Лака железница (фаза 1 реновирана, плава боја, LHT)",
	"train.mtr.light_rail_1r_old_rht": "Лака железница (фаза 1 реновирана, плава боја, RHT)",
	"train.mtr.light_rail_1r_orange": "Лака железница (фаза 1 реновирана, наранџаста боја, LHT)",
	"train.mtr.light_rail_1r_orange_rht": "Лака железница (фаза 1 реновирана, наранџаста боја, RHT)",
	"train.mtr.light_rail_1r_rht": "Лака железница (фаза 1 реновирана, RHT)",
	"train.mtr.light_rail_2": "Лака железница (фаза 2, LHT)",
	"train.mtr.light_rail_2r": "Light Rail (Phase 2 Refurbished, LHT)",
	"train.mtr.light_rail_2r_rht": "Light Rail (Phase 2 Refurbished, RHT)",
	"train.mtr.light_rail_2_orange": "Лака железница (фаза 2, наранџаста боја, LHT)",
	"train.mtr.light_rail_2_orange_rht": "Лака железница (фаза 2, наранџаста боја, RHT)",
	"train.mtr.light_rail_2_rht": "Лака железница (фаза 2, RHT)",
	"train.mtr.light_rail_3": "Лака железница (3. фаза, LHT)",
	"train.mtr.light_rail_3r": "Light Rail (Phase 3 Refurbished, LHT)",
	"train.mtr.light_rail_3r_rht": "Light Rail (Phase 3 Refurbished, RHT)",
	"train.mtr.light_rail_3_orange": "Лака железница (фаза 3, наранџаста боја, LHT)",
	"train.mtr.light_rail_3_orange_rht": "Лака железница (фаза 3, наранџаста боја, RHT)",
	"train.mtr.light_rail_3_rht": "Лака железница (фаза 3, RHT)",
	"train.mtr.light_rail_4": "Лака железница (фаза 4, LHT)",
	"train.mtr.light_rail_4_old": "Лака железница (фаза 4, плава боја, LHT)",
	"train.mtr.light_rail_4_old_rht": "Лака железница (фаза 4, плава ливреја, RHT)",
	"train.mtr.light_rail_4_orange": "Лака железница (фаза 4, наранџаста боја, LHT)",
	"train.mtr.light_rail_4_orange_rht": "Лака железница (фаза 4, наранџаста боја, RHT)",
	"train.mtr.light_rail_4_rht": "Лака железница (фаза 4, RHT)",
	"train.mtr.light_rail_5": "Лака железница (фаза 5, LHT)",
	"train.mtr.light_rail_5_old": "Лака железница (фаза 5, плава боја, LHT)",
	"train.mtr.light_rail_5_old_rht": "Лака железница (фаза 5, плава боја, RHT)",
	"train.mtr.light_rail_5_orange": "Лака железница (фаза 5, наранџаста боја, LHT)",
	"train.mtr.light_rail_5_orange_rht": "Лака железница (фаза 5, наранџаста боја, RHT)",
	"train.mtr.light_rail_5_rht": "Лака железница (фаза 5, RHT)",
	"train.mtr.london_underground_1995": "London Underground 1995 Stock",
	"train.mtr.london_underground_1996": "London Underground 1996 Stock",
	"train.mtr.london_underground_d78": "London Underground D78 Stock",
	"train.mtr.london_underground_d78_mini": "London Underground D78 Stock (Мини)",
	"train.mtr.m_train": "M-Train",
	"train.mtr.m_train_mini": "M-Train (Мини)",
	"train.mtr.m_train_small": "M-Train (Мали)",
	"train.mtr.minecart": "Minecart",
	"train.mtr.mlr": "MLR Train",
	"train.mtr.mlr_christmas": "MLR Train Christmas Edition",
	"train.mtr.mlr_christmas_mini": "MLR Train Christmas Edition (Mini)",
	"train.mtr.mlr_christmas_small": "MLR Train Christmas Edition (Small)",
	"train.mtr.mlr_mini": "MLR Train (Мини)",
	"train.mtr.mlr_small": "MLR Train (Мали)",
	"train.mtr.mpl_85": "MPL 85",
	"train.mtr.ngong_ping_360_crystal": "Ngong Ping 360 Crystal Cabin (LHT)",
	"train.mtr.ngong_ping_360_crystal_rht": "Ngong Ping 360 Crystal Cabin (RHT)",
	"train.mtr.ngong_ping_360_crystal_plus": "Ngong Ping 360 Crystal+ Cabin (LHT)",
	"train.mtr.ngong_ping_360_crystal_plus_rht": "Ngong Ping 360 Crystal+ Cabin (RHT)",
	"train.mtr.ngong_ping_360_normal_light_blue": "Ngong Ping 360 (Светло Плави, LHT)",
	"train.mtr.ngong_ping_360_normal_light_blue_rht": "Ngong Ping 360 (Светло Плави, RHT)",
	"train.mtr.ngong_ping_360_normal_orange": "Ngong Ping 360 (Наранџасти, LHT)",
	"train.mtr.ngong_ping_360_normal_orange_rht": "Ngong Ping 360 (Наранџасти, RHT)",
	"train.mtr.ngong_ping_360_normal_red": "Ngong Ping 360 (Црвени, LHT)",
	"train.mtr.ngong_ping_360_normal_red_rht": "Ngong Ping 360 (Црвени, RHT)",
	"train.mtr.oak_boat": "Oak Boat",
	"train.mtr.r179": "R179 (New York City Subway)",
	"train.mtr.r179_mini": "R211 (New York City Subway, Мини)",
	"train.mtr.r211": "R211 (New York City Subway)",
	"train.mtr.r211_mini": "R211 (New York City Subway, Мини)",
	"train.mtr.r211t": "R211T (New York City Subway)",
	"train.mtr.r211t_mini": "R211T (New York City Subway, Мини)",
	"train.mtr.r_train": "R-Train",
	"train.mtr.r_train_mini": "R-Train (Мини)",
	"train.mtr.r_train_small": "R-Train (Мали)",
	"train.mtr.s_train": "S-Train",
	"train.mtr.s_train_mini": "S-Train (Мини)",
	"train.mtr.s_train_small": "S-Train (Мали)",
	"train.mtr.sp1900": "SP1900",
	"train.mtr.sp1900_mini": "SP1900 (Мини)",
	"train.mtr.sp1900_small": "SP1900 (Мали)",
	"train.mtr.spruce_boat": "Spruce Boat"
}
