{
	"block.minecraft.bedrock_slab": "Berggrund Slab",
	"block.minecraft.birch_wood_slab": "Björkträplatta",
	"block.minecraft.bone_block_slab": "Ben platta",
	"block.minecraft.chiseled_quartz_block_slab": "Mejslad Kvartsblockplatta",
	"block.minecraft.chiseled_stone_bricks_slab": "Mejslad Murstenplatta",
	"block.minecraft.clay_slab": "Lerplatta",
	"block.minecraft.coal_ore_slab": "Kolmalmplatta",
	"block.minecraft.concrete": "Betong",
	"block.minecraft.concrete_powder": "Betongpulver",
	"block.minecraft.concrete_powder_slab": "Betongpuderplatta",
	"block.minecraft.concrete_slab": "Betongplatta",
	"block.minecraft.cracked_stone_bricks_slab": "Sprucken Murstenplatta",
	"block.minecraft.gravel_slab": "Grusplatta",
	"block.minecraft.iron_block_slab": "Järnplatta",
	"block.minecraft.metal": "Metallblock",
	"block.minecraft.metal_slab": "Metalplatta",
	"block.minecraft.planks": "Träplankor",
	"block.minecraft.planks_slab": "Träplankplatta",
	"block.minecraft.purpur_block_slab": "Purpurblockplatta",
	"block.minecraft.purpur_pillar_slab": "Purpurpelarplatta",
	"block.minecraft.quartz_block_slab": "Kvartsplatta",
	"block.minecraft.quartz_bricks_slab": "Kvartsstensplatta",
	"block.minecraft.quartz_pillar_slab": "Kvartspelarplatta",
	"block.minecraft.snow_block_slab": "Snöplatta",
	"block.minecraft.stained_glass": "Färgat glas",
	"block.minecraft.stained_glass_slab": "Färgad Glasplatta",
	"block.minecraft.stone_bricks_slab": "Murstensplatta",
	"block.minecraft.wool": "Ull",
	"block.minecraft.wool_slab": "Ull Slab",
	"block.mtr.airplane_node": "Airplane Node",
	"block.mtr.apg_door": "Automatiska Plattformsportar",
	"block.mtr.apg_glass": "Automatiska Plattformsportar",
	"block.mtr.apg_glass_end": "Automatiska Plattformsportar",
	"block.mtr.arrival_projector_1_large": "Ankomstprojektor (3x3)",
	"block.mtr.arrival_projector_1_medium": "Ankomstprojektor (3x2)",
	"block.mtr.arrival_projector_1_small": "Ankomstprojektor (1x1)",
	"block.mtr.boat_node": "Båt Nod",
	"block.mtr.cable_car_node_lower": "Linbana Nod",
	"block.mtr.cable_car_node_station": "Linbanestation Nod",
	"block.mtr.cable_car_node_upper": "Linbana Nod",
	"block.mtr.ceiling": "Tak",
	"block.mtr.ceiling_light": "Tak (Ljus)",
	"block.mtr.ceiling_no_light": "Tak (Utan Ljus)",
	"block.mtr.clock": "Klocka",
	"block.mtr.clock_pole": "Klockstolpe",
	"block.mtr.escalator_side": "Rulltrappa",
	"block.mtr.escalator_step": "Rulltrappa",
	"block.mtr.glass_fence_cio": "Glas staket",
	"block.mtr.glass_fence_ckt": "Glas staket",
	"block.mtr.glass_fence_heo": "Glas staket",
	"block.mtr.glass_fence_mos": "Glas staket",
	"block.mtr.glass_fence_plain": "Glas staket",
	"block.mtr.glass_fence_shm": "Glas staket",
	"block.mtr.glass_fence_stained": "Glas staket",
	"block.mtr.glass_fence_stw": "Glas staket",
	"block.mtr.glass_fence_tsh": "Glas staket",
	"block.mtr.glass_fence_wks": "Glas staket",
	"block.mtr.lift_buttons_1": "Hiss Knappar",
	"block.mtr.lift_door_1": "Hissdörrar",
	"block.mtr.lift_door_odd_1": "Hissdörrar",
	"block.mtr.lift_panel_even_1": "Lift / Elevator Display Panel",
	"block.mtr.lift_panel_even_2": "Lift / Elevator Display Panel",
	"block.mtr.lift_panel_odd_1": "Lift / Elevator Display Panel",
	"block.mtr.lift_panel_odd_2": "Lift / Elevator Display Panel",
	"block.mtr.lift_track_1": "Hisspår",
	"block.mtr.lift_track_floor_1": "Hiss Våningsspår",
	"block.mtr.logo": "MTR Logga",
	"block.mtr.marble_blue": "Blå Marmor",
	"block.mtr.marble_blue_slab": "Blå Marmorplatta",
	"block.mtr.marble_sandy": "Sandig Marmor",
	"block.mtr.marble_sandy_slab": "Sandig marmorplatta",
	"block.mtr.metal": "Metal",
	"block.mtr.metal_slab": "Metal Slab",
	"block.mtr.pids_1": "Visningssystem för passagerarinformation",
	"block.mtr.pids_2": "Visningssystem för passagerarinformation",
	"block.mtr.pids_3": "Visningssystem för Passagerarinformation",
	"block.mtr.pids_pole": "PIDS-Stång",
	"block.mtr.platform": "Plattform (Hong Kong)",
	"block.mtr.platform_indented": "Plattform (Hong Kong)",
	"block.mtr.platform_na_1": "Plattform (Nordamerika)",
	"block.mtr.platform_na_1_indented": "Plattform (Nordamerika)",
	"block.mtr.platform_na_2": "Plattform (Nordamerika)",
	"block.mtr.platform_na_2_indented": "Plattform (Nordamerika)",
	"block.mtr.platform_uk_1": "Plattform (Storbritanien)",
	"block.mtr.platform_uk_1_indented": "Plattform (Storbritanien)",
	"block.mtr.psd_door": "Plattformens skärmdörrar",
	"block.mtr.psd_door_2": "Plattformens skärmdörrar",
	"block.mtr.psd_glass": "Plattform Skärmdörrar",
	"block.mtr.psd_glass_2": "Plattform Skärmdörrar",
	"block.mtr.psd_glass_end": "Plattform Skärmdörrar",
	"block.mtr.psd_glass_end_2": "Plattform Skärmdörrar",
	"block.mtr.psd_top": "Plattform Skärmdörrar",
	"block.mtr.rail": "Järnväg Nod",
	"block.mtr.railway_sign": "Järnvägsskylt",
	"block.mtr.railway_sign_pole": "Järnvägsskyltsstolpe",
	"block.mtr.route_sign_standing_light": "Rutt Tecken (Stående Ljus)",
	"block.mtr.route_sign_standing_metal": "Rutt Tecken (Stående Metall)",
	"block.mtr.route_sign_wall_light": "Vägmärke (Vägglampa)",
	"block.mtr.route_sign_wall_metal": "Ruttskylt (Väggmetall)",
	"block.mtr.rubbish_bin_1": "Papperskorg",
	"block.mtr.signal_light_1": "Signal Light (2 Aspects)",
	"block.mtr.signal_light_2": "Signal Light (2 Aspects, Double-sided)",
	"block.mtr.signal_light_3": "Signal Light (2 Aspects)",
	"block.mtr.signal_light_3_aspect_1": "Signal Light (3 Aspects)",
	"block.mtr.signal_light_3_aspect_2": "Signal Light (3 Aspects, Double-sided)",
	"block.mtr.signal_light_4": "Signal Light (2 Aspects, Double-sided)",
	"block.mtr.signal_light_4_aspect_1": "Signal Light (4 Aspects)",
	"block.mtr.signal_light_4_aspect_2": "Signal Light (4 Aspects, Double-sided)",
	"block.mtr.signal_pole": "Signalstång",
	"block.mtr.signal_semaphore_1": "Semafor Signal",
	"block.mtr.signal_semaphore_2": "Semaphore Signal (Double-sided)",
	"block.mtr.station_name_entrance": "Stationsnamn (Ingång)",
	"block.mtr.station_name_tall_block": "Stationens Namn (Högt Block)",
	"block.mtr.station_name_tall_block_double_sided": "Stationsnamn (Långt block, Dubbelsidig)",
	"block.mtr.station_name_tall_wall": "Stationens Namn (Hög Väggtext)",
	"block.mtr.station_name_wall": "Stationsnamn (Väggtext, Vit)",
	"block.mtr.station_name_wall_black": "Stationsnamn (Väggtext, Svart)",
	"block.mtr.station_name_wall_gray": "Stationsnamn (Väggtext, Grå)",
	"block.mtr.station_pole": "Stationens Färgstång",
	"block.mtr.tactile_map": "Taktil Karta",
	"block.mtr.ticket_barrier_entrance_1": "Biljettspärr (Ingång)",
	"block.mtr.ticket_barrier_exit_1": "Biljettspärr (Utgång)",
	"block.mtr.ticket_machine": "Biljettautomat",
	"block.mtr.ticket_processor": "Biljettmaskin",
	"block.mtr.ticket_processor_enquiry": "Behandlare Av Förfrågan",
	"block.mtr.ticket_processor_entrance": "Biljettspärr (Ingång)",
	"block.mtr.ticket_processor_exit": "Biljettspärr (Utgång)",
	"block.mtr.train_announcer": "Meddelare",
	"block.mtr.train_cargo_loader": "Lastare",
	"block.mtr.train_cargo_unloader": "Lastavlastare",
	"block.mtr.train_schedule_sensor": "Schema Sensor",
	"block.mtr.train_sensor": "Rödsten Sensor",
	"category.mtr.keybinding": "Minecraft Transit Railway Tangentbindning",
	"entity.mtr.seat": "",
	"gui.mtr.acceleration": "Fordonsacceleration",
	"gui.mtr.add_balance_for_emeralds": "Lägg Till $%s För %s Smaragd(er)",
	"gui.mtr.add_depot": "Lägg till depå",
	"gui.mtr.add_exit": "Lägg Till Stationsutgång",
	"gui.mtr.add_exit_destination": "Lägg Till Avslutsdestination",
	"gui.mtr.add_route": "Lägg till rutt",
	"gui.mtr.add_station": "Lägg till station",
	"gui.mtr.add_value": "Lägg till värde",
	"gui.mtr.already_entered": "Station är redan angiven",
	"gui.mtr.already_exited": "Inga dokument hittades",
	"gui.mtr.announcement_message": "Meddelande om avisering",
	"gui.mtr.anticlockwise_to": "Moturs till %s",
	"gui.mtr.anticlockwise_to_cjk": "Motsols%s",
	"gui.mtr.anticlockwise_via": "Moturs via %s",
	"gui.mtr.anticlockwise_via_cjk": "Motsols%s",
	"gui.mtr.arrival_car": "%s-bil",
	"gui.mtr.arrival_car_cjk": "%s Kort",
	"gui.mtr.arrival_min": "%s min",
	"gui.mtr.arrival_min_cjk": "%s minuter",
	"gui.mtr.arrival_sec": "%s sek",
	"gui.mtr.arrival_sec_cjk": "%s sekunder",
	"gui.mtr.automatically_detect_nearby_platform": "Automatically detect nearby platform",
	"gui.mtr.available": "Tillgänglig",
	"gui.mtr.available_model_parts": "Tillgängliga Modelldelar",
	"gui.mtr.balance": "Saldo: $%s",
	"gui.mtr.cable_car_invalid_orientation": "Ogiltig Kabelanslutning",
	"gui.mtr.cars_to_spawn": "Cars to Spawn: %s",
	"gui.mtr.clear_vehicles": "Rensa Fordon",
	"gui.mtr.clockwise_to": "Medurs till %s",
	"gui.mtr.clockwise_to_cjk": "medsols till%s",
	"gui.mtr.clockwise_via": "Medurs via %s",
	"gui.mtr.clockwise_via_cjk": "medsols%s",
	"gui.mtr.color": "Färg",
	"gui.mtr.comma": ", ",
	"gui.mtr.comma_cjk": "、",
	"gui.mtr.comma_last": " and ",
	"gui.mtr.comma_last_cjk": "或",
	"gui.mtr.connecting_station_interchange_announcement_part": "the %1$s at %2$s station",
	"gui.mtr.connecting_station_interchange_announcement_part_cjk": "往%2$s站轉乘%1$s",
	"gui.mtr.connecting_station_part": "Passengers may change to %s.",
	"gui.mtr.connecting_station_part_cjk": "乘客可在該站%s。",
	"gui.mtr.cruising_altitude": "Cruising Altitude",
	"gui.mtr.custom_destination_suggestion": "Destination (\\r to Reset)",
	"gui.mtr.custom_resources_export_resource_pack": "Exportera resurspaket",
	"gui.mtr.custom_resources_gangway_connection_id": "Landgångsanslutnings-ID",
	"gui.mtr.custom_resources_id": "ID",
	"gui.mtr.custom_resources_name": "namn",
	"gui.mtr.custom_resources_rider_offset": "Ryttare Offset: %s",
	"gui.mtr.custom_resources_train_barrier_id": "Tågbarriär-ID",
	"gui.mtr.delete_confirmation": "Är du säker att du vill ta bort %s?",
	"gui.mtr.depot_color": "Depåfärg",
	"gui.mtr.depot_name": "Depånamn",
	"gui.mtr.depots": "Depåer",
	"gui.mtr.disable_next_station_announcements": "Disable Next Station Announcements",
	"gui.mtr.dismount_hold": "Håll %s för att tvinga demontering: %s",
	"gui.mtr.display_page": "Page Number",
	"gui.mtr.door_animation_type_bouncy_1": "Doors: Bouncy (1)",
	"gui.mtr.door_animation_type_bouncy_2": "Doors: Bouncy (2)",
	"gui.mtr.door_animation_type_constant": "Doors: Constant",
	"gui.mtr.door_animation_type_mlr": "Doors: MLR",
	"gui.mtr.door_animation_type_plug_fast": "Doors: Fast Plug",
	"gui.mtr.door_animation_type_plug_slow": "Doors: Slow Plug",
	"gui.mtr.door_animation_type_r179": "Doors: R179",
	"gui.mtr.door_animation_type_r211": "Doors: R211",
	"gui.mtr.door_animation_type_standard": "Doors: Standard",
	"gui.mtr.door_animation_type_standard_slow": "Doors: Slow",
	"gui.mtr.drag_file_to_upload": "Dra fil för att ladda upp",
	"gui.mtr.dwell_time": "Uppehållstid för fordon",
	"gui.mtr.edit_area": "Klicka och dra för att markera yta.",
	"gui.mtr.edit_instructions": "Redigera instruktioner",
	"gui.mtr.edit_route": "Klicka på en plattform för att lägga till den i rutten.",
	"gui.mtr.editing_part": "Editing: %s",
	"gui.mtr.emeralds": "Smaragder: %s",
	"gui.mtr.enter_barrier": "Angav %s - Saldo: $%s",
	"gui.mtr.exit_barrier": "Avslutad %s - Pris: $%s - Saldo: $%s",
	"gui.mtr.exit_destinations": "Lägg Till Avslutsdestination",
	"gui.mtr.exit_parents": "Stationsutgångar",
	"gui.mtr.file_model": "Blockbench fil",
	"gui.mtr.file_properties": "Egenskapsfil (valfritt)",
	"gui.mtr.file_texture": "Textur fil",
	"gui.mtr.file_upload": "Ladda upp...",
	"gui.mtr.filtered_platforms": "Filtrerade plattformar (%s)",
	"gui.mtr.filtered_routes": "Filtrerade rutter (%s)",
	"gui.mtr.filtered_routes_condition": "Endast fordon som körs på följande rutter kommer att aktivera detta block",
	"gui.mtr.filtered_routes_empty": "Alla fordon kommer att aktivera detta block",
	"gui.mtr.game_time": "Speltid",
	"gui.mtr.generate_map": "Generera kartan",
	"gui.mtr.generating_path": "Genererar väg",
	"gui.mtr.hide_arrival": "Göm ankomst",
	"gui.mtr.insufficient_balance": "Otillräckligt saldo ($%s)",
	"gui.mtr.interchange_announcement": "Växelstation för %s.",
	"gui.mtr.interchange_announcement_cjk": "乘客可以轉乘%s。",
	"gui.mtr.invalid_orientation": "Kunde inte ansluta järnväg, ogiltig orientering",
	"gui.mtr.is_anticlockwise_route": "Är moturs cirkelväg",
	"gui.mtr.is_clockwise_route": "Är medurs cirkulär rutt",
	"gui.mtr.is_light_rail_route": "Har ruttnummer",
	"gui.mtr.is_manual": "Körbart fordon",
	"gui.mtr.is_route_hidden": "Dölj rutten",
	"gui.mtr.last_airplane_station": "This flight is going to %s",
	"gui.mtr.last_airplane_station_cjk": "本航班往%s",
	"gui.mtr.last_boat_station": "Detta fartyg går till %s",
	"gui.mtr.last_boat_station_cjk": "本渡輪往%s",
	"gui.mtr.last_cable_car_station": "Den här kabelbilen går till %s",
	"gui.mtr.last_cable_car_station_cjk": "本纜車往%s",
	"gui.mtr.last_train_station": "Detta tåg går till %s",
	"gui.mtr.last_train_station_cjk": "Detta tåg går till %s",
	"gui.mtr.left": "Left",
	"gui.mtr.lift_buttons_locked": "Buttons Locked",
	"gui.mtr.lift_buttons_unlocked": "Knappar olåsta",
	"gui.mtr.lift_floor_description": "Beskrivning",
	"gui.mtr.lift_floor_number": "Plan Nummer",
	"gui.mtr.lift_is_double_sided": "Dubbelsidig",
	"gui.mtr.lift_should_ding": "Spela \"Ding\" ljud",
	"gui.mtr.lift_style": "Style: %s",
	"gui.mtr.lift_style_opaque": "Opaque",
	"gui.mtr.lift_style_transparent": "Genomskinlig",
	"gui.mtr.lift_track_required": "Lift / Elevator Tracks Required",
	"gui.mtr.light_rail_route_announcement": "Detta är rutten %s till %s.",
	"gui.mtr.light_rail_route_announcement_cjk": "Den här tjänsten körs till %s på %s-raden",
	"gui.mtr.light_rail_route_number": "Rutt nummer",
	"gui.mtr.london_train_interchange_announcement": "Change here for %s.",
	"gui.mtr.london_train_interchange_announcement_cjk": "乘客可在該站轉乘%s。",
	"gui.mtr.london_train_next_station_announcement": "The next station is %s.",
	"gui.mtr.london_train_next_station_announcement_cjk": "下一站是%s。",
	"gui.mtr.london_train_route_announcement": "Detta är ett %s tåg som slutar vid %s.",
	"gui.mtr.london_train_route_announcement_cjk": "本班為%s列車前往%s。",
	"gui.mtr.london_train_terminating_announcement": "Tåget slutar här.",
	"gui.mtr.london_train_terminating_announcement_cjk": "列車以本站為終點站。",
	"gui.mtr.london_train_this_station_announcement": "This station is %s.",
	"gui.mtr.london_train_this_station_announcement_cjk": "本站是%s。",
	"gui.mtr.manual_to_automatic_time": "Timeout för körbarhet",
	"gui.mtr.max_manual_speed": "Maximal körhastighet",
	"gui.mtr.max_vehicles": "Maximalt antal fordon för Sidning",
	"gui.mtr.mismatched_versions": "Vänligen uppdatera mod för Minecraft Transit Railway och försök igen.",
	"gui.mtr.mismatched_versions_server_version": "Server version: %s",
	"gui.mtr.mismatched_versions_your_version": "Din version: %s",
	"gui.mtr.moving_only": "Flyttande fordon endast",
	"gui.mtr.mtr_options": "Minecraft Transit Järnvägsalternativ",
	"gui.mtr.name": "Namn",
	"gui.mtr.next_departure": "Beräknad nästa avgång: %s",
	"gui.mtr.next_departure_none": "Inga schemalagda avgångar",
	"gui.mtr.next_route_airplane_announcement": "This flight will be changed to the %s to %s.",
	"gui.mtr.next_route_airplane_announcement_cjk": "本航班會改為%s前往%s。",
	"gui.mtr.next_route_boat_announcement": "Detta fartyg kommer att ändras till %s till %s.",
	"gui.mtr.next_route_boat_announcement_cjk": "Denna färja kommer att ändras till %s till %s",
	"gui.mtr.next_route_boat_light_rail_announcement": "Denna rutt kommer att ändras till rutt %s. Passagerare till %s, vänligen ta detta fartyg.",
	"gui.mtr.next_route_boat_light_rail_announcement_cjk": "Denna färja kommer att omdirigeras till %s. Passagerare som reser till %s stationer längs rutten kan ta denna färja",
	"gui.mtr.next_route_cable_car_announcement": "Denna kabelbil kommer att ändras till %s till %s.",
	"gui.mtr.next_route_cable_car_announcement_cjk": "Linbanan kommer att ändras till %s till %s",
	"gui.mtr.next_route_train_announcement": "Detta tåg kommer att ändras till %s till %s.",
	"gui.mtr.next_route_train_announcement_cjk": "Denna shuttle kommer att ändras till %s till %s",
	"gui.mtr.next_route_train_light_rail_announcement": "Denna rutt kommer att ändras till rutt %s. Passagerare till %s, vänligen ta detta tåg.",
	"gui.mtr.next_route_train_light_rail_announcement_cjk": "本班車會改為%s路綫。前往%s沿途各站之乘客，可乘本列車。",
	"gui.mtr.next_station": "Nästa station är %s",
	"gui.mtr.next_station_announcement": "Nästa station: %s.",
	"gui.mtr.next_station_announcement_cjk": "下一站：%s。",
	"gui.mtr.next_station_cjk": "下一站是%s",
	"gui.mtr.next_station_light_rail_announcement": "Nästa station: %s.",
	"gui.mtr.next_station_light_rail_announcement_cjk": "下一站：%s。",
	"gui.mtr.no_lift_tracks_floor_found": "No Lift / Elevator Floor Tracks Found",
	"gui.mtr.offset_x": "Offset X: %s",
	"gui.mtr.offset_y": "Offset Y: %s",
	"gui.mtr.offset_z": "Offset Z: %s",
	"gui.mtr.part_blacklisted_cars": "Blacklisted Cars",
	"gui.mtr.part_display_cjk_size_ratio": "CJK Size: %s",
	"gui.mtr.part_display_force_single_line": "Force Single Line",
	"gui.mtr.part_display_force_upper_case": "Force Upper Case",
	"gui.mtr.part_display_should_scroll": "Scrolling Text",
	"gui.mtr.part_display_text_color": "Colour",
	"gui.mtr.part_display_text_color_cjk": "CJK/Non-CJK Colour",
	"gui.mtr.part_display_type_destination": "Type: Destination",
	"gui.mtr.part_display_type_next_station_kcr": "Type: Next Station (KCR)",
	"gui.mtr.part_display_type_next_station_mtr": "Type: Next Station (MTR)",
	"gui.mtr.part_display_type_next_station_plain": "Type: Next Station",
	"gui.mtr.part_display_type_next_station_uk": "Type: Next Station (UK)",
	"gui.mtr.part_display_type_route_number": "Type: Route Number",
	"gui.mtr.part_display_x_padding": "X Padding: %s",
	"gui.mtr.part_display_y_padding": "Y Padding: %s",
	"gui.mtr.part_door_offset_left_negative": "Door Offset: -Left",
	"gui.mtr.part_door_offset_left_positive": "Door Offset: +Left",
	"gui.mtr.part_door_offset_none": "Door Offset: None",
	"gui.mtr.part_door_offset_right_negative": "Door Offset: -Right",
	"gui.mtr.part_door_offset_right_positive": "Door Offset: +Right",
	"gui.mtr.part_is_display": "Is Display",
	"gui.mtr.part_mirror": "Spegelvänd",
	"gui.mtr.part_positions": "Positioner",
	"gui.mtr.part_render_condition_all": "Render: Always",
	"gui.mtr.part_render_condition_door_left_closed": "Render: Left Doors Closed",
	"gui.mtr.part_render_condition_door_left_open": "Render: Left Doors Open",
	"gui.mtr.part_render_condition_door_right_closed": "Render: Right Doors Closed",
	"gui.mtr.part_render_condition_door_right_open": "Render: Right Doors Open",
	"gui.mtr.part_render_condition_doors_closed": "Render: Doors Closed",
	"gui.mtr.part_render_condition_doors_open": "Render: Doors Open",
	"gui.mtr.part_render_condition_moving_backwards": "Render: Moving Backwards",
	"gui.mtr.part_render_condition_moving_forwards": "Render: Moving Forwards",
	"gui.mtr.part_skip_rendering_if_too_far": "Hide If Far",
	"gui.mtr.part_stage_always_on_lights": "Lights (Always On)",
	"gui.mtr.part_stage_exterior": "Exterior",
	"gui.mtr.part_stage_interior": "Interior",
	"gui.mtr.part_stage_interior_translucent": "Interior (Translucent)",
	"gui.mtr.part_stage_lights": "Lights",
	"gui.mtr.part_whitelisted_cars": "Whitelisted Cars",
	"gui.mtr.path_found": "Path created successfully",
	"gui.mtr.path_not_found_between": "Path not found on|> %s|between|> %s|and|> %s|",
	"gui.mtr.path_not_generated": "Path not generated",
	"gui.mtr.percentage_complete_bridge": "Building Bridge (%s%%)",
	"gui.mtr.percentage_complete_tunnel": "Building Tunnel (%s%%)",
	"gui.mtr.percentage_complete_tunnel_wall": "Building Tunnel Wall (%s%%)",
	"gui.mtr.pids_message": "Custom PIDS Message",
	"gui.mtr.platform": "Plattform %s",
	"gui.mtr.platform_number": "Platform Number",
	"gui.mtr.platform_or_siding_exists": "Each rail node can only be connected to one platform or siding",
	"gui.mtr.press_to_select_floor": "Press %s to select floor",
	"gui.mtr.psd_apg_door_locked": "Door Locked",
	"gui.mtr.psd_apg_door_unlocked": "Door Unlocked",
	"gui.mtr.radius_too_small": "Could not connect rail; radius must be at least 2",
	"gui.mtr.rail_action_bridge": "Bridge by %s (%s blocks long, %s)",
	"gui.mtr.rail_action_tunnel": "Tunnel by %s (%s blocks long)",
	"gui.mtr.rail_action_tunnel_wall": "Tunnel Wall by %s (%s blocks long, %s)",
	"gui.mtr.rail_actions": "Current Build Operations",
	"gui.mtr.rail_actions_button": "Operations...",
	"gui.mtr.rail_not_found": "Could not create signal; rail not found",
	"gui.mtr.rail_not_found_action": "Could not perform action; rail not found",
	"gui.mtr.refresh_path": "Refresh Path",
	"gui.mtr.repeat_indefinitely": "Repeat Instructions Forever",
	"gui.mtr.reset_sign": "Återställ",
	"gui.mtr.right": "Right",
	"gui.mtr.rotate_anticlockwise": "Rotate Anticlockwise",
	"gui.mtr.rotate_clockwise": "Rotate Clockwise",
	"gui.mtr.route_color": "Route Colour",
	"gui.mtr.route_name": "Route Name",
	"gui.mtr.route_type_boat_high_speed": "Type: Fast Ferry",
	"gui.mtr.route_type_boat_light_rail": "Type: Cruise",
	"gui.mtr.route_type_boat_normal": "Type: Ferry",
	"gui.mtr.route_type_train_high_speed": "Type: High Speed",
	"gui.mtr.route_type_train_light_rail": "Type: Light Rail",
	"gui.mtr.route_type_train_normal": "Type: Normal",
	"gui.mtr.routes": "Routes",
	"gui.mtr.s": "s",
	"gui.mtr.schedule_mode_real_time_off": "Schedule: Minecraft Time",
	"gui.mtr.schedule_mode_real_time_on": "Schedule: Real Time",
	"gui.mtr.search": "Sök",
	"gui.mtr.select_all_platforms": "Show arrivals from all platforms",
	"gui.mtr.selected": "Selected",
	"gui.mtr.selected_vehicle": "Selected Vehicle",
	"gui.mtr.separator": "/",
	"gui.mtr.separator_cjk": "/",
	"gui.mtr.settings": "Inställningar",
	"gui.mtr.siding_number": "Siding Number",
	"gui.mtr.sidings_in_depot": "Sidings in this depot: %s",
	"gui.mtr.sound_file": "Sound File",
	"gui.mtr.station": "%s Station",
	"gui.mtr.station_cjk": "%s站",
	"gui.mtr.station_color": "Station Colour",
	"gui.mtr.station_name": "Station Name",
	"gui.mtr.stations": "Stationer",
	"gui.mtr.stopped_only": "Stopped Vehicles Only",
	"gui.mtr.support": "Support",
	"gui.mtr.this_station": "This station is %s",
	"gui.mtr.this_station_cjk": "本站是%s",
	"gui.mtr.to": "to %s",
	"gui.mtr.to_cjk": "往%s",
	"gui.mtr.tph": "/hr",
	"gui.mtr.train_schedule_sensor": "Arrival Offset (Seconds)",
	"gui.mtr.transport_mode_airplane": "Type: Airplane",
	"gui.mtr.transport_mode_boat": "Type: Boat",
	"gui.mtr.transport_mode_cable_car": "Type: Cable Car",
	"gui.mtr.transport_mode_train": "Type: Train",
	"gui.mtr.unlimited": "Unlimited",
	"gui.mtr.unlimited_vehicles": "Unlimited Vehicles",
	"gui.mtr.untitled": "Untitled",
	"gui.mtr.use_time_and_wind_sync": "Automatically sync time using the Time & Wind mod",
	"gui.mtr.used_model_parts": "Used Model Parts",
	"gui.mtr.vehicle_brightness": "Brightness: %s%%",
	"gui.mtr.vehicle_cars": "Cars: %s",
	"gui.mtr.vehicle_direction_backwards": "Direction: Backwards",
	"gui.mtr.vehicle_direction_forwards": "Direction: Forwards",
	"gui.mtr.vehicle_door_max": "Door: %s",
	"gui.mtr.vehicle_length": "Length: %s",
	"gui.mtr.vehicle_speed": "Speed: %s m/s (%s km/h)",
	"gui.mtr.vehicle_width": "Width: %s",
	"gui.mtr.vehicles_per_hour": "Vehicles Per Hour",
	"gui.mtr.welcome_station": "Welcome to %s Station.",
	"gui.mtr.welcome_station_cjk": "歡迎光臨%s站。",
	"gui.mtr.zone": "Fare Zone",
	"gui.mtr.zone_number": "Zone %s",
	"item.mtr.apg_door": "Automatic Platform Gates",
	"item.mtr.apg_glass": "Automatic Platform Gates",
	"item.mtr.apg_glass_end": "Automatic Platform Gates",
	"item.mtr.bridge_creator_3": "Bridge Creator",
	"item.mtr.bridge_creator_5": "Bridge Creator",
	"item.mtr.bridge_creator_7": "Bridge Creator",
	"item.mtr.bridge_creator_9": "Bridge Creator",
	"item.mtr.brush": "Brush",
	"item.mtr.dashboard": "Railway Dashboard",
	"item.mtr.dashboard_2": "Boat Dashboard",
	"item.mtr.dashboard_3": "Cable Car Dashboard",
	"item.mtr.dashboard_4": "Flight Dashboard",
	"item.mtr.driver_key": "Driver Key",
	"item.mtr.escalator": "Rulltrappa",
	"item.mtr.lift_buttons_link_connector": "Lift / Elevator Buttons Link Connector",
	"item.mtr.lift_buttons_link_remover": "Lift / Elevator Buttons Link Remover",
	"item.mtr.lift_door_1": "Lift / Elevator Doors",
	"item.mtr.lift_door_odd_1": "Lift / Elevator Doors",
	"item.mtr.lift_refresher": "Lift / Elevator Refresher",
	"item.mtr.psd_door": "Platform Screen Doors",
	"item.mtr.psd_door_2": "Platform Screen Doors",
	"item.mtr.psd_glass": "Platform Screen Doors",
	"item.mtr.psd_glass_2": "Platform Screen Doors",
	"item.mtr.psd_glass_end": "Platform Screen Doors",
	"item.mtr.psd_glass_end_2": "Platform Screen Doors",
	"item.mtr.rail_connector_120": "Obsidian Rail Connector",
	"item.mtr.rail_connector_120_one_way": "Obsidian Rail Connector (One-way)",
	"item.mtr.rail_connector_160": "Blaze Rail Connector",
	"item.mtr.rail_connector_160_one_way": "Blaze Rail Connector (One-way)",
	"item.mtr.rail_connector_20": "Wooden Rail Connector",
	"item.mtr.rail_connector_200": "Quartz Rail Connector",
	"item.mtr.rail_connector_200_one_way": "Quartz Rail Connector (One-way)",
	"item.mtr.rail_connector_20_one_way": "Wooden Rail Connector (One-way)",
	"item.mtr.rail_connector_300": "Diamond Rail Connector",
	"item.mtr.rail_connector_300_one_way": "Diamond Rail Connector (One-way)",
	"item.mtr.rail_connector_40": "Stone Rail Connector",
	"item.mtr.rail_connector_40_one_way": "Stone Rail Connector (One-way)",
	"item.mtr.rail_connector_60": "Emerald Rail Connector",
	"item.mtr.rail_connector_60_one_way": "Emerald Rail Connector (One-way)",
	"item.mtr.rail_connector_80": "Iron Rail Connector",
	"item.mtr.rail_connector_80_one_way": "Iron Rail Connector (One-way)",
	"item.mtr.rail_connector_cable_car": "Cable Car Connector",
	"item.mtr.rail_connector_platform": "Platform Rail Connector",
	"item.mtr.rail_connector_runway": "Runway Rail Connector",
	"item.mtr.rail_connector_siding": "Siding Rail Connector",
	"item.mtr.rail_connector_turn_back": "Turn Back Rail Connector",
	"item.mtr.rail_remover": "Rälsborttagare",
	"item.mtr.resource_pack_creator": "Resource Pack Creator",
	"item.mtr.signal_connector_black": "Black Signal Connector",
	"item.mtr.signal_connector_blue": "Blue Signal Connector",
	"item.mtr.signal_connector_brown": "Brown Signal Connector",
	"item.mtr.signal_connector_cyan": "Cyan Signal Connector",
	"item.mtr.signal_connector_gray": "Gray Signal Connector",
	"item.mtr.signal_connector_green": "Green Signal Connector",
	"item.mtr.signal_connector_light_blue": "Light Blue Signal Connector",
	"item.mtr.signal_connector_light_gray": "Light Grey Signal Connector",
	"item.mtr.signal_connector_lime": "Lime Signal Connector",
	"item.mtr.signal_connector_magenta": "Magenta Signal Connector",
	"item.mtr.signal_connector_orange": "Orange Signal Connector",
	"item.mtr.signal_connector_pink": "Pink Signal Connector",
	"item.mtr.signal_connector_purple": "Purple Signal Connector",
	"item.mtr.signal_connector_red": "Red Signal Connector",
	"item.mtr.signal_connector_white": "White Signal Connector",
	"item.mtr.signal_connector_yellow": "Yellow Signal Connector",
	"item.mtr.signal_remover_black": "Black Signal Remover",
	"item.mtr.signal_remover_blue": "Blue Signal Remover",
	"item.mtr.signal_remover_brown": "Brown Signal Remover",
	"item.mtr.signal_remover_cyan": "Cyan Signal Remover",
	"item.mtr.signal_remover_gray": "Grey Signal Remover",
	"item.mtr.signal_remover_green": "Green Signal Remover",
	"item.mtr.signal_remover_light_blue": "Light Blue Signal Remover",
	"item.mtr.signal_remover_light_gray": "Light Gray Signal Remover",
	"item.mtr.signal_remover_lime": "Lime Signal Remover",
	"item.mtr.signal_remover_magenta": "Magenta Signal Remover",
	"item.mtr.signal_remover_orange": "Orange Signal Remover",
	"item.mtr.signal_remover_pink": "Pink Signal Remover",
	"item.mtr.signal_remover_purple": "Purple Signal Remover",
	"item.mtr.signal_remover_red": "Red Signal Remover",
	"item.mtr.signal_remover_white": "White Signal Remover",
	"item.mtr.signal_remover_yellow": "Yellow Signal Remover",
	"item.mtr.tunnel_creator_4_3": "Tunnel Creator",
	"item.mtr.tunnel_creator_4_5": "Tunnel Creator",
	"item.mtr.tunnel_creator_4_7": "Tunnel Creator",
	"item.mtr.tunnel_creator_4_9": "Tunnel Creator",
	"item.mtr.tunnel_creator_5_3": "Tunnel Creator",
	"item.mtr.tunnel_creator_5_5": "Tunnel Creator",
	"item.mtr.tunnel_creator_5_7": "Tunnel Creator",
	"item.mtr.tunnel_creator_5_9": "Tunnel Creator",
	"item.mtr.tunnel_creator_6_3": "Tunnel Creator",
	"item.mtr.tunnel_creator_6_5": "Tunnel Creator",
	"item.mtr.tunnel_creator_6_7": "Tunnel Creator",
	"item.mtr.tunnel_creator_6_9": "Tunnel Creator",
	"item.mtr.tunnel_wall_creator_4_3": "Tunnel Wall Creator",
	"item.mtr.tunnel_wall_creator_4_5": "Tunnel Wall Creator",
	"item.mtr.tunnel_wall_creator_4_7": "Tunnel Wall Creator",
	"item.mtr.tunnel_wall_creator_4_9": "Tunnel Wall Creator",
	"item.mtr.tunnel_wall_creator_5_3": "Tunnel Wall Creator",
	"item.mtr.tunnel_wall_creator_5_5": "Tunnel Wall Creator",
	"item.mtr.tunnel_wall_creator_5_7": "Tunnel Wall Creator",
	"item.mtr.tunnel_wall_creator_5_9": "Tunnel Wall Creator",
	"item.mtr.tunnel_wall_creator_6_3": "Tunnel Wall Creator",
	"item.mtr.tunnel_wall_creator_6_5": "Tunnel Wall Creator",
	"item.mtr.tunnel_wall_creator_6_7": "Tunnel Wall Creator",
	"item.mtr.tunnel_wall_creator_6_9": "Tunnel Wall Creator",
	"itemGroup.mtr.core": "Minecraft Transit Railway Core",
	"itemGroup.mtr.escalators_lifts": "Escalators and Lifts / Elevators",
	"itemGroup.mtr.railway_facilities": "Railway Facilities",
	"itemGroup.mtr.station_building_blocks": "Station Building Blocks",
	"key.mtr.debug_1_negative": "Debug Field 1 (Subtract)",
	"key.mtr.debug_1_positive": "Debug Field 1 (Add)",
	"key.mtr.debug_2_negative": "Debug Field 2 (Subtract)",
	"key.mtr.debug_2_positive": "Debug Field 2 (Add)",
	"key.mtr.debug_3_negative": "Debug Field 3 (Subtract)",
	"key.mtr.debug_3_positive": "Debug Field 3 (Add)",
	"key.mtr.debug_cycle_negative": "Cycle Debug Category (Backwards)",
	"key.mtr.debug_cycle_positive": "Cycle Debug Category (Forwards)",
	"key.mtr.lift_menu": "Open Lift / Elevator Floor Selection",
	"key.mtr.train_accelerate": "Accelerate Vehicle",
	"key.mtr.train_brake": "Brake Vehicle",
	"key.mtr.train_toggle_doors": "Toggle Doors",
	"options.mtr.anonymous": "Anonym",
	"options.mtr.dynamic_texture_resolution": "Dynamic texture resolution (higher values might crash!)",
	"options.mtr.hide_special_rail_colors": "Hide special rail colours",
	"options.mtr.hide_translucent_parts": "Hide translucent parts on vehicles",
	"options.mtr.language_options": "Language display on signs",
	"options.mtr.language_options_0": "Default",
	"options.mtr.language_options_1": "CJK Only",
	"options.mtr.language_options_2": "Non-CJK",
	"options.mtr.off": "Av",
	"options.mtr.on": "På",
	"options.mtr.shift_to_toggle_sitting": "Use %s to toggle sitting inside vehicles",
	"options.mtr.show_announcement_messages": "Show \"next station\" messages in chat",
	"options.mtr.support_patreon": "Support the mod on Patreon!",
	"options.mtr.track_texture_offset": "Track Texture Offset",
	"options.mtr.use_dynamic_fps": "Dynamically boost FPS",
	"options.mtr.use_mtr_font": "Use custom MTR fonts (might not work on some computers)",
	"options.mtr.use_tts_announcements": "Enable \"next station\" text-to-speech announcements",
	"options.mtr.vehicle_render_distance_ratio": "Vehicle rendering to Minecraft render distance ratio",
	"sign.mtr.airport": "Airport",
	"sign.mtr.airport_arrivals": "Arrivals",
	"sign.mtr.airport_arrivals_cjk": "抵港",
	"sign.mtr.airport_cjk": "機場",
	"sign.mtr.airport_departures": "Departures",
	"sign.mtr.airport_departures_cjk": "離港",
	"sign.mtr.airport_express": "Tåg till Flygplats",
	"sign.mtr.airport_express_city": "Tåg till Stad",
	"sign.mtr.airport_express_city_cjk": "往市區列車",
	"sign.mtr.airport_express_cjk": "往機場列車",
	"sign.mtr.airport_transfer": "Transfer",
	"sign.mtr.airport_transfer_cjk": "轉機",
	"sign.mtr.baggage_claim": "Baggage Claim",
	"sign.mtr.baggage_claim_cjk": "提取行李",
	"sign.mtr.boat": "Ferries",
	"sign.mtr.boat_cjk": "渡輪",
	"sign.mtr.cable_car": "Cable Cars",
	"sign.mtr.cable_car_cjk": "纜車",
	"sign.mtr.check_in_passengers": "Check-in Passengers",
	"sign.mtr.check_in_passengers_cjk": "登機乘客",
	"sign.mtr.cross": "Ej Ingång",
	"sign.mtr.cross_cjk": "不准進入",
	"sign.mtr.customer_service_centre": "Kundtjänstcenter",
	"sign.mtr.customer_service_centre_cjk": "客務中心",
	"sign.mtr.emergency_exit": "Nödutgång",
	"sign.mtr.emergency_exit_cjk": "緊急出口",
	"sign.mtr.escalator_to_concourse_down": "To Concourse Only",
	"sign.mtr.escalator_to_concourse_down_cjk": "直落大堂",
	"sign.mtr.escalator_to_concourse_up": "To Concourse Only",
	"sign.mtr.escalator_to_concourse_up_cjk": "直上大堂",
	"sign.mtr.female": "Female Toilet",
	"sign.mtr.female_cjk": "女洗手間",
	"sign.mtr.in_town_check_in": "In-town Check-in",
	"sign.mtr.in_town_check_in_cjk": "市區預辦登機",
	"sign.mtr.lift_1": "Hiss",
	"sign.mtr.lift_1_cjk": "升降機",
	"sign.mtr.lift_2": "Hiss",
	"sign.mtr.lift_2_cjk": "升降機",
	"sign.mtr.light_rail_1": "Light Rail",
	"sign.mtr.light_rail_1_cjk": "輕鐵",
	"sign.mtr.light_rail_2": "Light Rail",
	"sign.mtr.light_rail_2_cjk": "輕鐵",
	"sign.mtr.light_rail_3": "Light Rail",
	"sign.mtr.light_rail_3_cjk": "輕鐵",
	"sign.mtr.light_rail_4": "Light Rail",
	"sign.mtr.light_rail_4_cjk": "輕鐵",
	"sign.mtr.logo": "Minecraft Transit Railway",
	"sign.mtr.logo_cjk": "我的世界鐵路",
	"sign.mtr.male": "Male Toilet",
	"sign.mtr.male_cjk": "男洗手間",
	"sign.mtr.platform": "Plattform",
	"sign.mtr.platform_cjk": "月台",
	"sign.mtr.sp1900": "Tåg",
	"sign.mtr.sp1900_cjk": "列車",
	"sign.mtr.station": "Station",
	"sign.mtr.station_cjk": "車站",
	"sign.mtr.tickets": "Biljetter",
	"sign.mtr.tickets_cjk": "車票",
	"sign.mtr.toilets": "Toaletter",
	"sign.mtr.toilets_cjk": "洗手間",
	"sign.mtr.train": "Tåg",
	"sign.mtr.train_cjk": "列車",
	"sign.mtr.train_old": "Tåg",
	"sign.mtr.train_old_cjk": "列車",
	"sign.mtr.wheelchair": "Toaletter",
	"sign.mtr.wheelchair_cjk": "洗手間",
	"sign.mtr.wifi": "Free Wi-Fi Hotspot",
	"sign.mtr.wifi_cjk": "免費Wi-Fi熱點",
	"sign.mtr.xrl_1": "Höghastighetståg",
	"sign.mtr.xrl_1_cjk": "高速鐵路",
	"sign.mtr.xrl_2": "Höghastighetståg",
	"sign.mtr.xrl_2_cjk": "高速鐵路",
	"sign.mtr.yellow_head_1": "Tåg",
	"sign.mtr.yellow_head_1_cjk": "火車",
	"sign.mtr.yellow_head_2": "Tåg",
	"sign.mtr.yellow_head_2_cjk": "火車",
	"tooltip.block.mtr.glass_fence_cio": "City One",
	"tooltip.block.mtr.glass_fence_ckt": "Che Kung Temple",
	"tooltip.block.mtr.glass_fence_heo": "Heng On",
	"tooltip.block.mtr.glass_fence_mos": "Ma On Shan",
	"tooltip.block.mtr.glass_fence_plain": "Glass Pane",
	"tooltip.block.mtr.glass_fence_shm": "Shek Mun",
	"tooltip.block.mtr.glass_fence_stained": "Stained Glass Pane",
	"tooltip.block.mtr.glass_fence_stw": "Sha Tin Wai",
	"tooltip.block.mtr.glass_fence_tsh": "Tai Shui Hang",
	"tooltip.block.mtr.glass_fence_wks": "Wu Kai Sha",
	"tooltip.mtr.cable_car_node": "No platform and sidings\nStraight connections only",
	"tooltip.mtr.cable_car_node_station": "Platforms and sidings may be created\nCurves may be created",
	"tooltip.mtr.pole_placement": "Must be placed on top of an existing\n%s",
	"tooltip.mtr.psd_apg_door": "Door Section",
	"tooltip.mtr.psd_apg_door_2": "Door Section",
	"tooltip.mtr.psd_apg_glass": "Glass Section",
	"tooltip.mtr.psd_apg_glass_2": "Glass Section",
	"tooltip.mtr.psd_apg_glass_end": "Glass End Section",
	"tooltip.mtr.rail_action_depth": "Depth: %s",
	"tooltip.mtr.rail_action_height": "Height: %s",
	"tooltip.mtr.rail_action_width": "Width: %s",
	"tooltip.mtr.rail_speed_limit": "Speed Limit: %s",
	"tooltip.mtr.railway_sign_even": "Orientation: Even",
	"tooltip.mtr.railway_sign_length": "Längd: %s",
	"tooltip.mtr.railway_sign_odd": "Orientation: Odd",
	"tooltip.mtr.selected_block": "Selected Block: %s",
	"tooltip.mtr.selected_material": "Selected Material: %s",
	"tooltip.mtr.shift_right_click_to_clear": "Hold %s and use on|a %s to reset",
	"tooltip.mtr.shift_right_click_to_select_material": "Hold %s and use on|a block to select material",
	"tooltip.mtr.station_color": "Colour depends on the station",
	"tooltip.mtr.station_color_name": "Colour and text depend on the station",
	"train.mtr.a320": "Airbus A320",
	"train.mtr.a_train_ael": "CAF Airport Express",
	"train.mtr.a_train_ael_mini": "CAF Airport Express (Mini)",
	"train.mtr.a_train_tcl": "CAF Tung Chung Line",
	"train.mtr.a_train_tcl_mini": "CAF Tung Chung Line (Mini)",
	"train.mtr.a_train_tcl_small": "CAF Tung Chung Line (Small)",
	"train.mtr.acacia_boat": "Acacia Boat",
	"train.mtr.birch_boat": "Birch Boat",
	"train.mtr.br_423": "DB BR 423",
	"train.mtr.c1141a": "1141A / TML C-Train",
	"train.mtr.c1141a_mini": "1141A / TML C-Train (Mini)",
	"train.mtr.c1141a_small": "1141A / TML C-Train (Small)",
	"train.mtr.c_train": "C-Train",
	"train.mtr.c_train_mini": "C-Train (Mini)",
	"train.mtr.c_train_small": "C-Train (Small)",
	"train.mtr.class_377_southern": "British Rail Class 377 (Southern)",
	"train.mtr.class_802_gwr": "British Rail Class 802 (GWR)",
	"train.mtr.class_802_gwr_mini": "British Rail Class 802 (GWR, Mini)",
	"train.mtr.class_802_tpe": "British Rail Class 802 (TPE)",
	"train.mtr.class_802_tpe_mini": "British Rail Class 802 (TPE, Mini)",
	"train.mtr.cm_stock": "Metro-Cammell Train (Unrefurbished M-Train)",
	"train.mtr.cm_stock_mini": "Metro-Cammell Train (Unrefurbished M-Train, Mini)",
	"train.mtr.cm_stock_small": "Metro-Cammell Train (Unrefurbished M-Train, Small)",
	"train.mtr.dark_oak_boat": "Dark Oak Boat",
	"train.mtr.drl": "Disneyland Resort Line Train",
	"train.mtr.e44": "KCR E44 (Yellow Head)",
	"train.mtr.e44_mini": "KCR E44 (Yellow Head, Mini)",
	"train.mtr.flying_minecart": "Flying Minecart",
	"train.mtr.jungle_boat": "Jungle Boat",
	"train.mtr.k_train": "K-Train",
	"train.mtr.k_train_ael": "K-Train Airport Express",
	"train.mtr.k_train_ael_mini": "K-Train Airport Express (Mini)",
	"train.mtr.k_train_ael_small": "K-Train Airport Express (Small)",
	"train.mtr.k_train_mini": "K-Train (Mini)",
	"train.mtr.k_train_small": "K-Train (Small)",
	"train.mtr.k_train_tcl": "K-Train Tung Chung Line",
	"train.mtr.k_train_tcl_mini": "K-Train Tung Chung Line (Mini)",
	"train.mtr.k_train_tcl_small": "K-Train Tung Chung Line (Small)",
	"train.mtr.light_rail_1": "Light Rail (Phase 1, LHT)",
	"train.mtr.light_rail_1_orange": "Light Rail (Phase 1, Orange Livery, LHT)",
	"train.mtr.light_rail_1_orange_rht": "Light Rail (Phase 1, Orange Livery, RHT)",
	"train.mtr.light_rail_1_rht": "Light Rail (Phase 1, RHT)",
	"train.mtr.light_rail_1r": "Light Rail (Phase 1 Refurbished, LHT)",
	"train.mtr.light_rail_1r_old": "Light Rail (Phase 1 Refurbished, Blue Livery, LHT)",
	"train.mtr.light_rail_1r_old_rht": "Light Rail (Phase 1 Refurbished, Blue Livery, RHT)",
	"train.mtr.light_rail_1r_orange": "Light Rail (Phase 1 Refurbished, Orange Livery, LHT)",
	"train.mtr.light_rail_1r_orange_rht": "Light Rail (Phase 1 Refurbished, Orange Livery, RHT)",
	"train.mtr.light_rail_1r_rht": "Light Rail (Phase 1 Refurbished, RHT)",
	"train.mtr.light_rail_2": "Light Rail (Phase 2, LHT)",
	"train.mtr.light_rail_2r": "Light Rail (Phase 2 Refurbished, LHT)",
	"train.mtr.light_rail_2r_rht": "Light Rail (Phase 2 Refurbished, RHT)",
	"train.mtr.light_rail_2_orange": "Light Rail (Phase 2, Orange Livery, LHT)",
	"train.mtr.light_rail_2_orange_rht": "Light Rail (Phase 2, Orange Livery, RHT)",
	"train.mtr.light_rail_2_rht": "Light Rail (Phase 2, RHT)",
	"train.mtr.light_rail_3": "Light Rail (Phase 3, LHT)",
	"train.mtr.light_rail_3r": "Light Rail (Phase 3 Refurbished, LHT)",
	"train.mtr.light_rail_3r_rht": "Light Rail (Phase 3 Refurbished, RHT)",
	"train.mtr.light_rail_3_orange": "Light Rail (Phase 3, Orange Livery, LHT)",
	"train.mtr.light_rail_3_orange_rht": "Light Rail (Phase 3, Orange Livery, RHT)",
	"train.mtr.light_rail_3_rht": "Light Rail (Phase 3, RHT)",
	"train.mtr.light_rail_4": "Light Rail (Phase 4, LHT)",
	"train.mtr.light_rail_4_old": "Light Rail (Phase 4, Blue Livery, LHT)",
	"train.mtr.light_rail_4_old_rht": "Light Rail (Phase 4, Blue Livery, RHT)",
	"train.mtr.light_rail_4_orange": "Light Rail (Phase 4, Orange Livery, LHT)",
	"train.mtr.light_rail_4_orange_rht": "Light Rail (Phase 4, Orange Livery, RHT)",
	"train.mtr.light_rail_4_rht": "Light Rail (Phase 4, RHT)",
	"train.mtr.light_rail_5": "Light Rail (Phase 5, LHT)",
	"train.mtr.light_rail_5_old": "Light Rail (Phase 5, Blue Livery, LHT)",
	"train.mtr.light_rail_5_old_rht": "Light Rail (Phase 5, Blue Livery, RHT)",
	"train.mtr.light_rail_5_orange": "Light Rail (Phase 5, Orange Livery, LHT)",
	"train.mtr.light_rail_5_orange_rht": "Light Rail (Phase 5, Orange Livery, RHT)",
	"train.mtr.light_rail_5_rht": "Light Rail (Phase 5, RHT)",
	"train.mtr.london_underground_1995": "London Underground 1995 Stock",
	"train.mtr.london_underground_1996": "London Underground 1996 Stock",
	"train.mtr.london_underground_d78": "London Underground D78 Stock",
	"train.mtr.london_underground_d78_mini": "London Underground D78 Stock (Mini)",
	"train.mtr.m_train": "M-Train",
	"train.mtr.m_train_mini": "M-Train (Mini)",
	"train.mtr.m_train_small": "M-Train (Small)",
	"train.mtr.minecart": "Minecart",
	"train.mtr.mlr": "MLR Train",
	"train.mtr.mlr_christmas": "MLR Train Christmas Edition",
	"train.mtr.mlr_christmas_mini": "MLR Train Christmas Edition (Mini)",
	"train.mtr.mlr_christmas_small": "MLR Train Christmas Edition (Small)",
	"train.mtr.mlr_mini": "MLR Train (Mini)",
	"train.mtr.mlr_small": "MLR Train (Small)",
	"train.mtr.mpl_85": "MPL 85",
	"train.mtr.ngong_ping_360_crystal": "Ngong Ping 360 Crystal Cabin (LHT)",
	"train.mtr.ngong_ping_360_crystal_rht": "Ngong Ping 360 Crystal Cabin (RHT)",
	"train.mtr.ngong_ping_360_crystal_plus": "Ngong Ping 360 Crystal+ Cabin (LHT)",
	"train.mtr.ngong_ping_360_crystal_plus_rht": "Ngong Ping 360 Crystal+ Cabin (RHT)",
	"train.mtr.ngong_ping_360_normal_light_blue": "Ngong Ping 360 (Light Blue, LHT)",
	"train.mtr.ngong_ping_360_normal_light_blue_rht": "Ngong Ping 360 (Light Blue, RHT)",
	"train.mtr.ngong_ping_360_normal_orange": "Ngong Ping 360 (Orange, LHT)",
	"train.mtr.ngong_ping_360_normal_orange_rht": "Ngong Ping 360 (Orange, RHT)",
	"train.mtr.ngong_ping_360_normal_red": "Ngong Ping 360 (Red, LHT)",
	"train.mtr.ngong_ping_360_normal_red_rht": "Ngong Ping 360 (Red, RHT)",
	"train.mtr.oak_boat": "Oak Boat",
	"train.mtr.r179": "R179 (New York City Subway)",
	"train.mtr.r179_mini": "R179 (New York City Subway, Mini)",
	"train.mtr.r211": "R211 (New York City Subway)",
	"train.mtr.r211_mini": "R211 (New York City Subway, Mini)",
	"train.mtr.r211t": "R211T (New York City Subway)",
	"train.mtr.r211t_mini": "R211T (New York City Subway, Mini)",
	"train.mtr.r_train": "R-Train",
	"train.mtr.r_train_mini": "R-Train (Mini)",
	"train.mtr.r_train_small": "R-Train (Small)",
	"train.mtr.s_train": "S-Train",
	"train.mtr.s_train_mini": "S-Train (Mini)",
	"train.mtr.s_train_small": "S-Train (Small)",
	"train.mtr.sp1900": "SP1900",
	"train.mtr.sp1900_mini": "SP1900 (Mini)",
	"train.mtr.sp1900_small": "SP1900 (Small)",
	"train.mtr.spruce_boat": "Spruce Boat"
}
