{
	"block.minecraft.bedrock_slab": "แผ่นหินดาน",
	"block.minecraft.birch_wood_slab": "แผ่นไม้เบิร์ช",
	"block.minecraft.bone_block_slab": "แผ่นกระดูก",
	"block.minecraft.chiseled_quartz_block_slab": "แผ่นควอตซ์สลัก",
	"block.minecraft.chiseled_stone_bricks_slab": "แผ่นอิฐหินสลัก",
	"block.minecraft.clay_slab": "แผ่นดินเหนียว",
	"block.minecraft.coal_ore_slab": "แผ่นแร่ถ่าน",
	"block.minecraft.concrete": "คอนกรีตแต่งสี",
	"block.minecraft.concrete_powder": "ผงคอนกรีตแต่งสี",
	"block.minecraft.concrete_powder_slab": "ผงคอนกรีตแต่งสี",
	"block.minecraft.concrete_slab": "แผ่นคอนกรีต",
	"block.minecraft.cracked_stone_bricks_slab": "แผ่นอิฐหินสลัก",
	"block.minecraft.gravel_slab": "แผ่นกรวด",
	"block.minecraft.iron_block_slab": "แผ่นบล็อกเหล็ก",
	"block.minecraft.metal": "บล็อกโลหะแต่งสี",
	"block.minecraft.metal_slab": "แผ่นเหล็ก",
	"block.minecraft.planks": "ไม้แปรรูปแต่งสี",
	"block.minecraft.planks_slab": "แผ่นไม้แปรรูป",
	"block.minecraft.purpur_block_slab": "แผ่นบล็อกม่วง",
	"block.minecraft.purpur_pillar_slab": "แผ่นเสาม่วง",
	"block.minecraft.quartz_block_slab": "แผ่นควอตซ์",
	"block.minecraft.quartz_bricks_slab": "แผ่นอิฐควอตซ์",
	"block.minecraft.quartz_pillar_slab": "แผ่นเสาควอตซ์",
	"block.minecraft.snow_block_slab": "แผ่นบล็อกหิมะ",
	"block.minecraft.stained_glass": "กระจกแต่งสี",
	"block.minecraft.stained_glass_slab": "แผ่นกระจกแต่งสี",
	"block.minecraft.stone_bricks_slab": "แผ่นอิฐหิน",
	"block.minecraft.wool": "ขนแกะแต่งสี",
	"block.minecraft.wool_slab": "แผ่นขนแกะ",
	"block.mtr.airplane_node": "Airplane Node",
	"block.mtr.apg_door": "ประตูกั้นชานชาลา",
	"block.mtr.apg_glass": "ประตูกั้นชานชาลา",
	"block.mtr.apg_glass_end": "ประตูกั้นชานชาลา",
	"block.mtr.arrival_projector_1_large": "จอแสดงรถไฟเข้าสถานี (3x3)",
	"block.mtr.arrival_projector_1_medium": "จอแสดงรถไฟเข้าสถานี (3x2)",
	"block.mtr.arrival_projector_1_small": "จอแสดงรถไฟเข้าสถานี (1x1)",
	"block.mtr.boat_node": "ฐานเรือ",
	"block.mtr.cable_car_node_lower": "เคเบิลคาร์",
	"block.mtr.cable_car_node_station": "เคเบิลคาร์",
	"block.mtr.cable_car_node_upper": "เคเบิลคาร์",
	"block.mtr.ceiling": "ไฟเพดาน",
	"block.mtr.ceiling_light": "ไฟเพดาน (เปิดไฟ)",
	"block.mtr.ceiling_no_light": "ไฟเพดาน (ปิดไฟ)",
	"block.mtr.clock": "นาฬิกา",
	"block.mtr.clock_pole": "เสาตั้งนาฬิกา",
	"block.mtr.escalator_side": "บันไดเลื่อน",
	"block.mtr.escalator_step": "บันไดเลื่อน",
	"block.mtr.glass_fence_cio": "รั้วกระจก",
	"block.mtr.glass_fence_ckt": "รั้วกระจก",
	"block.mtr.glass_fence_heo": "รั้วกระจก",
	"block.mtr.glass_fence_mos": "รั้วกระจก",
	"block.mtr.glass_fence_plain": "รั้วกระจก",
	"block.mtr.glass_fence_shm": "รั้วกระจก",
	"block.mtr.glass_fence_stained": "รั้วกระจก",
	"block.mtr.glass_fence_stw": "รั้วกระจก",
	"block.mtr.glass_fence_tsh": "รั้วกระจก",
	"block.mtr.glass_fence_wks": "รั้วกระจก",
	"block.mtr.lift_buttons_1": "ปุ่มลิฟต์",
	"block.mtr.lift_door_1": "Elevator door",
	"block.mtr.lift_door_odd_1": "ประตูลิฟต์",
	"block.mtr.lift_panel_even_1": "Lift / Elevator Display Panel",
	"block.mtr.lift_panel_even_2": "Lift / Elevator Display Panel",
	"block.mtr.lift_panel_odd_1": "Lift / Elevator Display Panel",
	"block.mtr.lift_panel_odd_2": "Lift / Elevator Display Panel",
	"block.mtr.lift_track_1": "รางลิฟต์",
	"block.mtr.lift_track_floor_1": "รางลิฟต์ / ชั้นลิฟต์",
	"block.mtr.logo": "โลโก้ MTR",
	"block.mtr.marble_blue": "มาเบิลสีน้ำเงิน",
	"block.mtr.marble_blue_slab": "แผ่นมาร์เบิ้ลสีน้ำเงิน",
	"block.mtr.marble_sandy": "มาเบิลทราย",
	"block.mtr.marble_sandy_slab": "แผ่นมาร์เบิ้ลทราย",
	"block.mtr.metal": "Metal",
	"block.mtr.metal_slab": "Metal Slab",
	"block.mtr.pids_1": "จอแสดงข้อมูลสำหรับผู้โดยสาร",
	"block.mtr.pids_2": "จอแสดงข้อมูลสำหรับผู้โดยสาร",
	"block.mtr.pids_3": "จอแสดงข้อมูลสำหรับผู้โดยสาร",
	"block.mtr.pids_pole": "เสาต่อเติมหน้าจอแสดงผล",
	"block.mtr.platform": "ชานชลา (ฮ่องกง)",
	"block.mtr.platform_indented": "ชานชลา (ฮ่องกง)",
	"block.mtr.platform_na_1": "ชานชลา (อเมริกาเหนือ)",
	"block.mtr.platform_na_1_indented": "ชานชลา (อเมริกาเหนือ)",
	"block.mtr.platform_na_2": "ชานชลา (อเมริกาเหนือ)",
	"block.mtr.platform_na_2_indented": "ชานชลา (อเมริกาเหนือ)",
	"block.mtr.platform_uk_1": "ชานชลา (สหราชฯ)",
	"block.mtr.platform_uk_1_indented": "ชานชลา (สหราชฯ)",
	"block.mtr.psd_door": "ประตูกั้นชานชาลา",
	"block.mtr.psd_door_2": "ประตูกั้นชานชาลา",
	"block.mtr.psd_glass": "ประตูกั้นชานชาลา",
	"block.mtr.psd_glass_2": "ประตูกั้นชานชาลา",
	"block.mtr.psd_glass_end": "ประตูกั้นชานชาลา",
	"block.mtr.psd_glass_end_2": "ประตูกั้นชานชาลา",
	"block.mtr.psd_top": "ประตูกั้นชานชาลา",
	"block.mtr.rail": "หัววางราง",
	"block.mtr.railway_sign": "ป้ายสถานี",
	"block.mtr.railway_sign_pole": "เสาตั้งป้ายสถานี",
	"block.mtr.route_sign_standing_light": "ป้ายเส้นทาง (ตั้งพื้น สว่าง)",
	"block.mtr.route_sign_standing_metal": "ป้ายเส้นทาง (ตั้งพื้น โลหะ)",
	"block.mtr.route_sign_wall_light": "ป้ายเส้นทาง (ติดผนัง สว่าง)",
	"block.mtr.route_sign_wall_metal": "ป้ายเส้นทาง (ติดผนัง โลหะ)",
	"block.mtr.rubbish_bin_1": "ถังขยะ",
	"block.mtr.signal_light_1": "Signal Light (2 Aspects)",
	"block.mtr.signal_light_2": "Signal Light (2 Aspects, Double-sided)",
	"block.mtr.signal_light_3": "Signal Light (2 Aspects)",
	"block.mtr.signal_light_3_aspect_1": "Signal Light (3 Aspects)",
	"block.mtr.signal_light_3_aspect_2": "Signal Light (3 Aspects, Double-sided)",
	"block.mtr.signal_light_4": "Signal Light (2 Aspects, Double-sided)",
	"block.mtr.signal_light_4_aspect_1": "Signal Light (4 Aspects)",
	"block.mtr.signal_light_4_aspect_2": "Signal Light (4 Aspects, Double-sided)",
	"block.mtr.signal_pole": "เสาตั้งไฟสัญญาณ",
	"block.mtr.signal_semaphore_1": "ไฟสัญญาณแบบเก่า",
	"block.mtr.signal_semaphore_2": "Semaphore Signal (Double-sided)",
	"block.mtr.station_name_entrance": "ป้ายชื่อสถานี (ทางเข้า)",
	"block.mtr.station_name_tall_block": "ป้ายชื่อสถานี (บล็อกแนวตั้ง)",
	"block.mtr.station_name_tall_block_double_sided": "ป้ายชื่อสถานี (บล็อกสูง สองด้าน)",
	"block.mtr.station_name_tall_wall": "ป้ายชื่อสถานี (ติดกำแพงแนวตั้ง)",
	"block.mtr.station_name_wall": "ป้ายชื่อสถานี (ข้อความติดผนัง สีขาว)",
	"block.mtr.station_name_wall_black": "ป้ายชื่อสถานี (ข้อความติดผนัง สีดำ)",
	"block.mtr.station_name_wall_gray": "ป้ายชื่อสถานี (ข้อความติดผนัง สีเทา)",
	"block.mtr.station_pole": "เสาสถานี",
	"block.mtr.tactile_map": "แผนที่สัมผัส",
	"block.mtr.ticket_barrier_entrance_1": "ประตูเก็บค่าโดยสารอัตโนมัติ (ทางเข้า)",
	"block.mtr.ticket_barrier_exit_1": "ประตูเก็บค่าโดยสารอัตโนมัติ (ทางออก)",
	"block.mtr.ticket_machine": "เครื่องจำหน่ายบัตรโดยสาร",
	"block.mtr.ticket_processor": "เครื่องคิดค่าโดยสาร",
	"block.mtr.ticket_processor_enquiry": "เครื่องเช็คยอดเงิน",
	"block.mtr.ticket_processor_entrance": "เครื่องเก็บค่าโดยสารอัตโนมัติ (ทางเข้า)",
	"block.mtr.ticket_processor_exit": "เครื่องเก็บค่าโดยสารอัตโนมัติ (ทางออก)",
	"block.mtr.train_announcer": "เสียงประกาศรถไฟ",
	"block.mtr.train_cargo_loader": "ช่องโหลดสินค้าขาเข้า",
	"block.mtr.train_cargo_unloader": "ช่องโหลดสินค้าขาออก",
	"block.mtr.train_schedule_sensor": "เซนเซอร์ตั้งเวลา",
	"block.mtr.train_sensor": "เซน็นเซอร์เรดสโตน",
	"category.mtr.keybinding": "การตั้งค่าปุ่มกด Minecraft Transit Railway",
	"entity.mtr.seat": "",
	"gui.mtr.acceleration": "ความเร่งของยานพาหนะ",
	"gui.mtr.add_balance_for_emeralds": "เพิ่มเงิน $%s ด้วย %s มรกต",
	"gui.mtr.add_depot": "เพิ่มอู่ซ่อมรถ",
	"gui.mtr.add_exit": "เพิ่มทางออกสถานี",
	"gui.mtr.add_exit_destination": "เพิ่มจุดหมายทางออก",
	"gui.mtr.add_route": "เพิ่มเส้นทาง",
	"gui.mtr.add_station": "เพิ่มสถานี",
	"gui.mtr.add_value": "เพิ่มจำนวน",
	"gui.mtr.already_entered": "สถานีมีอยู่แล้ว",
	"gui.mtr.already_exited": "ไม่พบบันทึก",
	"gui.mtr.announcement_message": "ข้อความประกาศ",
	"gui.mtr.anticlockwise_to": "ทวนเข็มนาฬิกา%s",
	"gui.mtr.anticlockwise_to_cjk": "逆時針往%s",
	"gui.mtr.anticlockwise_via": "ทวนเข็มนาฬิกาผ่าน%s",
	"gui.mtr.anticlockwise_via_cjk": "逆時針經%s",
	"gui.mtr.arrival_car": "%s ตู้",
	"gui.mtr.arrival_car_cjk": "%s 卡",
	"gui.mtr.arrival_min": "%s นาที",
	"gui.mtr.arrival_min_cjk": "%s 分鐘",
	"gui.mtr.arrival_sec": "%s วินาที",
	"gui.mtr.arrival_sec_cjk": "%s 秒",
	"gui.mtr.automatically_detect_nearby_platform": "Automatically detect nearby platform",
	"gui.mtr.available": "พร้อมใช้งาน",
	"gui.mtr.available_model_parts": "อะไหล่ที่ใช้ได้",
	"gui.mtr.balance": "ยอดคงเหลือ: $%s",
	"gui.mtr.cable_car_invalid_orientation": "การเชื่อมต่อสายเคเบิลไม่ถูกต้อง",
	"gui.mtr.cars_to_spawn": "Cars to Spawn: %s",
	"gui.mtr.clear_vehicles": "ล้างยานพาหนะ",
	"gui.mtr.clockwise_to": "ตามเข็มนาฬิกาไป%s",
	"gui.mtr.clockwise_to_cjk": "順時針往%s",
	"gui.mtr.clockwise_via": "ตามเข็มนาฬิกาผ่าน%s",
	"gui.mtr.clockwise_via_cjk": "ตามเข็มนาฬิกาผ่าน %s",
	"gui.mtr.color": "สี",
	"gui.mtr.comma": ", ",
	"gui.mtr.comma_cjk": "、",
	"gui.mtr.comma_last": " and ",
	"gui.mtr.comma_last_cjk": "或",
	"gui.mtr.connecting_station_interchange_announcement_part": "the %1$s at %2$s station",
	"gui.mtr.connecting_station_interchange_announcement_part_cjk": "往%2$s站轉乘%1$s",
	"gui.mtr.connecting_station_part": "Passengers may change to %s.",
	"gui.mtr.connecting_station_part_cjk": "乘客可在該站%s。",
	"gui.mtr.cruising_altitude": "Cruising Altitude",
	"gui.mtr.custom_destination_suggestion": "Destination (\\r to Reset)",
	"gui.mtr.custom_resources_export_resource_pack": "ส่งออก ข้อมูลทรัพยากร",
	"gui.mtr.custom_resources_gangway_connection_id": "ID เชื่อมต่อทางเดิน",
	"gui.mtr.custom_resources_id": "ID",
	"gui.mtr.custom_resources_name": "ชื่อ",
	"gui.mtr.custom_resources_rider_offset": "Rider Offset: %s",
	"gui.mtr.custom_resources_train_barrier_id": "Train Barrier ID",
	"gui.mtr.delete_confirmation": "ต้องการลบ%sใช่ไหม?",
	"gui.mtr.depot_color": "สีอู่ซ่อมรถ",
	"gui.mtr.depot_name": "ชื่ออู่ซ่อมรถ",
	"gui.mtr.depots": "อู่ซ่อมรถ",
	"gui.mtr.disable_next_station_announcements": "Disable Next Station Announcements",
	"gui.mtr.dismount_hold": "Hold %s to force dismount: %s",
	"gui.mtr.display_page": "Page Number",
	"gui.mtr.door_animation_type_bouncy_1": "Doors: Bouncy (1)",
	"gui.mtr.door_animation_type_bouncy_2": "Doors: Bouncy (2)",
	"gui.mtr.door_animation_type_constant": "Doors: Constant",
	"gui.mtr.door_animation_type_mlr": "Doors: MLR",
	"gui.mtr.door_animation_type_plug_fast": "Doors: Fast Plug",
	"gui.mtr.door_animation_type_plug_slow": "Doors: Slow Plug",
	"gui.mtr.door_animation_type_r179": "Doors: R179",
	"gui.mtr.door_animation_type_r211": "Doors: R211",
	"gui.mtr.door_animation_type_standard": "Doors: Standard",
	"gui.mtr.door_animation_type_standard_slow": "Doors: Slow",
	"gui.mtr.drag_file_to_upload": "ลากไฟล์เพื่ออัพโหลด",
	"gui.mtr.dwell_time": "เวลาจอดของยานพาหนะ",
	"gui.mtr.edit_area": "คลิกและลากเพื่อวาดพื้นที่",
	"gui.mtr.edit_instructions": "แก้ไขการเดินรถไฟ",
	"gui.mtr.edit_route": "คลิกที่ชานชาลาเพื่อเพิ่มไปยังเส้นทาง",
	"gui.mtr.editing_part": "Editing: %s",
	"gui.mtr.emeralds": "มรกต: %s",
	"gui.mtr.enter_barrier": "เข้าสถานี %s - คงเหลือ $%s",
	"gui.mtr.exit_barrier": "ออกจากสถานี %s - ค่าโดยสาร $%s - คงเหลือ $%s",
	"gui.mtr.exit_destinations": "จุดหมายทางออก",
	"gui.mtr.exit_parents": "ทางออกสถานี",
	"gui.mtr.file_model": "Blockbench File",
	"gui.mtr.file_properties": "Properties File (Optional)",
	"gui.mtr.file_texture": "Texture File",
	"gui.mtr.file_upload": "Upload...",
	"gui.mtr.filtered_platforms": "กรองชานชาลา%s",
	"gui.mtr.filtered_routes": "เลือกเส้นทาง (%s)",
	"gui.mtr.filtered_routes_condition": "มีแค่รถที่วิ่งตามเส้นทางที่เลือกเท่านั้นที่จะสั่งการบล็อกนี้",
	"gui.mtr.filtered_routes_empty": "รถทุกขบวนจะสั่งการบล็อกนี้",
	"gui.mtr.game_time": "เวลาในเกม",
	"gui.mtr.generate_map": "สร้างแผนที่เส้นทาง",
	"gui.mtr.generating_path": "กำลังสร้างเส้นทาง",
	"gui.mtr.hide_arrival": "ซ่อนจุดหมายปลายทาง",
	"gui.mtr.insufficient_balance": "ค่าโดยสารไม่เพียงพอ ($%s)",
	"gui.mtr.interchange_announcement": "สามารถเปลี่ยนเส้นทางไป %s ได้ที่สถานีนี้",
	"gui.mtr.interchange_announcement_cjk": "สามารถเปลี่ยนเส้นทางไป %s ได้ที่สถานีนี้",
	"gui.mtr.invalid_orientation": "ไม่สามารถเชื่อมต่อรางได้ ทิศทางผิดพลาด",
	"gui.mtr.is_anticlockwise_route": "เส้นทางทวนเข็มนาฬิกา",
	"gui.mtr.is_clockwise_route": "เส้นทางตามเข็มนาฬิกา",
	"gui.mtr.is_light_rail_route": "มีเลขบอกเส้นทาง",
	"gui.mtr.is_manual": "ยานพาหนะที่ขับได้",
	"gui.mtr.is_route_hidden": "ซ่อนเส้นทาง",
	"gui.mtr.last_airplane_station": "This flight is going to %s",
	"gui.mtr.last_airplane_station_cjk": "本航班往%s",
	"gui.mtr.last_boat_station": "เรือลำนี้ไปท่า %s",
	"gui.mtr.last_boat_station_cjk": "เรือลำนี้ไปท่า %s",
	"gui.mtr.last_cable_car_station": "This cable car is going to %s",
	"gui.mtr.last_cable_car_station_cjk": "本纜車往%s",
	"gui.mtr.last_train_station": "รถไฟขบวนนี้ให้บริการถึงสถานี %s",
	"gui.mtr.last_train_station_cjk": "รถไฟขบวนนี้ให้บริการถึงสถานี %s",
	"gui.mtr.left": "Left",
	"gui.mtr.lift_buttons_locked": "Buttons Locked",
	"gui.mtr.lift_buttons_unlocked": "Buttons Unlocked",
	"gui.mtr.lift_floor_description": "คำอธิบาย",
	"gui.mtr.lift_floor_number": "เลขชั้น",
	"gui.mtr.lift_is_double_sided": "Double-sided",
	"gui.mtr.lift_should_ding": "เล่นเสียง \"ติ๊ง\"",
	"gui.mtr.lift_style": "Style: %s",
	"gui.mtr.lift_style_opaque": "Opaque",
	"gui.mtr.lift_style_transparent": "Transparent",
	"gui.mtr.lift_track_required": "Lift / Elevator Tracks Required",
	"gui.mtr.light_rail_route_announcement": "นี่คือรถสาย %s ไป %s",
	"gui.mtr.light_rail_route_announcement_cjk": "本班為%s綫列車前往%s。",
	"gui.mtr.light_rail_route_number": "เลขเส้นทาง",
	"gui.mtr.london_train_interchange_announcement": "ท่านสามารถเปลี่ยนเส้นทางไป %s ได้ที่สถานีนี้",
	"gui.mtr.london_train_interchange_announcement_cjk": "乘客可在該站轉乘%s。",
	"gui.mtr.london_train_next_station_announcement": "The next station is %s.",
	"gui.mtr.london_train_next_station_announcement_cjk": "下一站是%s。",
	"gui.mtr.london_train_route_announcement": "สถานี %s ผู้โดยสารโปรดทราบรถขบวนนี้จะสิ้นสุดการให้บริการที่สถานี %s ขอบคุณค่ะ",
	"gui.mtr.london_train_route_announcement_cjk": "本班為%s列車前往%s。",
	"gui.mtr.london_train_terminating_announcement": "ผู้โดยสารโปรดทราบรถขบวนนี้สิ้นสุดการให้บริการที่สถานีนี้ ขอขอบคุณทุกท่านที่ใช้บริการรถไฟฟ้า MRT",
	"gui.mtr.london_train_terminating_announcement_cjk": "列車以本站為終點站。",
	"gui.mtr.london_train_this_station_announcement": "This station is %s.",
	"gui.mtr.london_train_this_station_announcement_cjk": "本站是%s。",
	"gui.mtr.manual_to_automatic_time": "Drivable Timeout",
	"gui.mtr.max_manual_speed": "ความเร็วสูงสุด",
	"gui.mtr.max_vehicles": "ขบวนสูงสุดสำหรับรางจอดรถ",
	"gui.mtr.mismatched_versions": "โปรดอัปเดต mod Minecraft Transit Railway แล้วลองใหม่อีกครั้ง",
	"gui.mtr.mismatched_versions_server_version": "เวอร์ชันเซิร์ฟเวอร์: %s",
	"gui.mtr.mismatched_versions_your_version": "เวอร์ชันของคุณ: %s",
	"gui.mtr.moving_only": "ยานพาหนะเคลื่อนที่เท่านั้น",
	"gui.mtr.mtr_options": "การตั้งค่า Minecraft Transit Railway",
	"gui.mtr.name": "ชื่อ",
	"gui.mtr.next_departure": "Estimated next departure: %s",
	"gui.mtr.next_departure_none": "No scheduled departures",
	"gui.mtr.next_route_airplane_announcement": "This flight will be changed to the %s to %s.",
	"gui.mtr.next_route_airplane_announcement_cjk": "本航班會改為%s前往%s。",
	"gui.mtr.next_route_boat_announcement": "รถไฟขบวนนี้จะเปลี่ยนเส้นทางไป %s ไปยัง %s",
	"gui.mtr.next_route_boat_announcement_cjk": "本班車會改為%s前往%s。",
	"gui.mtr.next_route_boat_light_rail_announcement": "เรือลำนี้จะเปลี่ยนเส้นทางไป %s ผู้โดยสารที่ประสงค์จะเดินทางไปสถานี %s กรุณาใช้เรือลำนี้",
	"gui.mtr.next_route_boat_light_rail_announcement_cjk": "เรือข้ามฟากนี้จะเปลี่ยนเส้นทางเป็น %s ผู้โดยสารที่ไปยังสถานีต่างๆ ระหว่างทางไปยัง %s สามารถโดยสารเรือข้ามฟากนี้ได้",
	"gui.mtr.next_route_cable_car_announcement": "รถรางขบวนนี้จะเปลี่ยนเส้นทางไปยัง %s สถานีปลายทาง %s",
	"gui.mtr.next_route_cable_car_announcement_cjk": "本纜車會改為%s前往%s。",
	"gui.mtr.next_route_train_announcement": "รถไฟขบวนนี้จะเปลี่ยนเส้นทางไปยัง %s สถานีปลายทาง %s",
	"gui.mtr.next_route_train_announcement_cjk": "本班車會改為%s前往%s。",
	"gui.mtr.next_route_train_light_rail_announcement": "ผู้โดยสารโปรดทราบรถขบวนนี้จะเปลี่ยนเส้นทางไป %s ผู้โดยสารที่จะประสงค์จะเดินทางไปสถานี %s โปรดใช้รถขบวนนี้",
	"gui.mtr.next_route_train_light_rail_announcement_cjk": "本班車會改為%s路綫。前往%s沿途各站之乘客，可乘本列車。",
	"gui.mtr.next_station": "สถานีต่อไป %s",
	"gui.mtr.next_station_announcement": "สถานีต่อไป: %s",
	"gui.mtr.next_station_announcement_cjk": "下一站：%s。",
	"gui.mtr.next_station_cjk": "下一站是%s",
	"gui.mtr.next_station_light_rail_announcement": "สถานีต่อไป: %s",
	"gui.mtr.next_station_light_rail_announcement_cjk": "下一站：%s。",
	"gui.mtr.no_lift_tracks_floor_found": "No Lift / Elevator Floor Tracks Found",
	"gui.mtr.offset_x": "Offset X: %s",
	"gui.mtr.offset_y": "Offset Y: %s",
	"gui.mtr.offset_z": "Offset Z: %s",
	"gui.mtr.part_blacklisted_cars": "Blacklisted Cars",
	"gui.mtr.part_display_cjk_size_ratio": "CJK Size: %s",
	"gui.mtr.part_display_force_single_line": "Force Single Line",
	"gui.mtr.part_display_force_upper_case": "Force Upper Case",
	"gui.mtr.part_display_should_scroll": "Scrolling Text",
	"gui.mtr.part_display_text_color": "Colour",
	"gui.mtr.part_display_text_color_cjk": "CJK/Non-CJK Colour",
	"gui.mtr.part_display_type_destination": "พิมพ์: สถานีปลายทาง",
	"gui.mtr.part_display_type_next_station_kcr": "พิมพ์: สถานีต่อไป (KCR)",
	"gui.mtr.part_display_type_next_station_mtr": "Type: Next Station (MTR)",
	"gui.mtr.part_display_type_next_station_plain": "Type: Next Station",
	"gui.mtr.part_display_type_next_station_uk": "Type: Next Station (UK)",
	"gui.mtr.part_display_type_route_number": "พิมพ์: รหัสเส้นทาง",
	"gui.mtr.part_display_x_padding": "X Padding: %s",
	"gui.mtr.part_display_y_padding": "Y Padding: %s",
	"gui.mtr.part_door_offset_left_negative": "Door Offset: -Left",
	"gui.mtr.part_door_offset_left_positive": "Door Offset: +Left",
	"gui.mtr.part_door_offset_none": "Door Offset: None",
	"gui.mtr.part_door_offset_right_negative": "Door Offset: -Right",
	"gui.mtr.part_door_offset_right_positive": "Door Offset: +Right",
	"gui.mtr.part_is_display": "Is Display",
	"gui.mtr.part_mirror": "Mirrored",
	"gui.mtr.part_positions": "Positions",
	"gui.mtr.part_render_condition_all": "Render: Always",
	"gui.mtr.part_render_condition_door_left_closed": "Render: Left Doors Closed",
	"gui.mtr.part_render_condition_door_left_open": "Render: Left Doors Open",
	"gui.mtr.part_render_condition_door_right_closed": "Render: Right Doors Closed",
	"gui.mtr.part_render_condition_door_right_open": "Render: Right Doors Open",
	"gui.mtr.part_render_condition_doors_closed": "ประตูกำลังปิด",
	"gui.mtr.part_render_condition_doors_open": "ประตูกำลังเปิด",
	"gui.mtr.part_render_condition_moving_backwards": "Render: Moving Backwards",
	"gui.mtr.part_render_condition_moving_forwards": "Render: Moving Forwards",
	"gui.mtr.part_skip_rendering_if_too_far": "Hide If Far",
	"gui.mtr.part_stage_always_on_lights": "ไฟ (เปิดตลอด)",
	"gui.mtr.part_stage_exterior": "ภายนอก",
	"gui.mtr.part_stage_interior": "ภายใน",
	"gui.mtr.part_stage_interior_translucent": "Interior (Translucent)",
	"gui.mtr.part_stage_lights": "ไฟ",
	"gui.mtr.part_whitelisted_cars": "Whitelisted Cars",
	"gui.mtr.path_found": "สร้างเส้นทางเรียบร้อย",
	"gui.mtr.path_not_found_between": "เส้นทางไม่เจอบนสาย %s ช่วงสถานี %s และ %s",
	"gui.mtr.path_not_generated": "เส้นทางไม่สามารถสร้างได้",
	"gui.mtr.percentage_complete_bridge": "กำลังสร้างสะพาน (%s%%)",
	"gui.mtr.percentage_complete_tunnel": "กำลังสร้างอุโมง (%s%%)",
	"gui.mtr.percentage_complete_tunnel_wall": "กำลังสร้างกำแพงอุโมง (%s%%)",
	"gui.mtr.pids_message": "ข้อความแสดงผลที่กำหนดเอง",
	"gui.mtr.platform": "ชานชาลา %s",
	"gui.mtr.platform_number": "หมายเลขชานชาลา",
	"gui.mtr.platform_or_siding_exists": "แต่ละหัวรางสามารถเชื่อมต่อได้แค่ 1 ชานชลา หรือ 1 จุดจอดรถ",
	"gui.mtr.press_to_select_floor": "กด %s เพื่อเลือกชั้น",
	"gui.mtr.psd_apg_door_locked": "ประตูล็อก",
	"gui.mtr.psd_apg_door_unlocked": "ประตูปลดล็อก",
	"gui.mtr.radius_too_small": "ไม่สามารถเชื่อมต่อราง; ขั้นต่ำของรัศมีคือ 2",
	"gui.mtr.rail_action_bridge": "สะพานโดย %s (ยาว %s บล็อก, %s)",
	"gui.mtr.rail_action_tunnel": "อุโมงค์โดย %s (ยาว %s บล็อก)",
	"gui.mtr.rail_action_tunnel_wall": "กำแพงอุโมงค์โดย %s (ยาว %s บล็อก, %s)",
	"gui.mtr.rail_actions": "Current Build Operations",
	"gui.mtr.rail_actions_button": "Operations...",
	"gui.mtr.rail_not_found": "ไม่สามารถสร้างสัญญานได้; ไม่พบราง",
	"gui.mtr.rail_not_found_action": "Could not perform action; rail not found",
	"gui.mtr.refresh_path": "รีโหลดเส้นทาง",
	"gui.mtr.repeat_indefinitely": "Repeat Instructions Forever",
	"gui.mtr.reset_sign": "ตั้งค่าใหม่",
	"gui.mtr.right": "ขวา",
	"gui.mtr.rotate_anticlockwise": "หมุนทวนเข็มนาฬิกา",
	"gui.mtr.rotate_clockwise": "หมุนตามเข็มนาฬิกา",
	"gui.mtr.route_color": "สีเส้นทาง",
	"gui.mtr.route_name": "ชื่อเส้นทาง",
	"gui.mtr.route_type_boat_high_speed": "ประเภท: เรือด่วน",
	"gui.mtr.route_type_boat_light_rail": "ประเภท: เรือสำราญ",
	"gui.mtr.route_type_boat_normal": "ประเภท: เรือประจำทาง",
	"gui.mtr.route_type_train_high_speed": "ประเภท: รถไฟความเร็วสูง",
	"gui.mtr.route_type_train_light_rail": "ประเภท: รถไฟรางเบา",
	"gui.mtr.route_type_train_normal": "ประเภท: รถไฟธรรมดา",
	"gui.mtr.routes": "เส้นทาง",
	"gui.mtr.s": "วิ",
	"gui.mtr.schedule_mode_real_time_off": "เวลาท้องถิ่น: เวลา Minecraft",
	"gui.mtr.schedule_mode_real_time_on": "เวลาท้องถิ่น: เวลาปัจจุบัน",
	"gui.mtr.search": "ค้นหา",
	"gui.mtr.select_all_platforms": "แสดงขาเข้าจากทุกชาญชาลา",
	"gui.mtr.selected": "เลือกแล้ว",
	"gui.mtr.selected_vehicle": "เลือกยาพาหะนะ",
	"gui.mtr.separator": "/",
	"gui.mtr.separator_cjk": "/",
	"gui.mtr.settings": "ตั้งค่า",
	"gui.mtr.siding_number": "หมายเลขจุดจอดรถ",
	"gui.mtr.sidings_in_depot": "%s จุดจอดในอู่ซ่อมรถ",
	"gui.mtr.sound_file": "ไฟล์เสียง",
	"gui.mtr.station": "%s สถานี",
	"gui.mtr.station_cjk": "%s站",
	"gui.mtr.station_color": "สีสถานี",
	"gui.mtr.station_name": "ชื่อสถานี",
	"gui.mtr.stations": "สถานี",
	"gui.mtr.stopped_only": "Stopped Vehicles Only",
	"gui.mtr.support": "การสนับสนุน",
	"gui.mtr.this_station": "สถานีนี้คือ %s",
	"gui.mtr.this_station_cjk": "สถานีนี้คือ %s",
	"gui.mtr.to": "ไปยัง %s",
	"gui.mtr.to_cjk": "往%s",
	"gui.mtr.tph": "/ชม.",
	"gui.mtr.train_schedule_sensor": "เวลาที่รถเข้า (วินาที)",
	"gui.mtr.transport_mode_airplane": "Type: Airplane",
	"gui.mtr.transport_mode_boat": "Type: Boat",
	"gui.mtr.transport_mode_cable_car": "Type: Cable Car",
	"gui.mtr.transport_mode_train": "Type: Train",
	"gui.mtr.unlimited": "Unlimited",
	"gui.mtr.unlimited_vehicles": "Unlimited Vehicles",
	"gui.mtr.untitled": "ไม่มีชื่อ",
	"gui.mtr.use_time_and_wind_sync": "Automatically sync time using the Time & Wind mod",
	"gui.mtr.used_model_parts": "Used Model Parts",
	"gui.mtr.vehicle_brightness": "Brightness: %s%%",
	"gui.mtr.vehicle_cars": "Cars: %s",
	"gui.mtr.vehicle_direction_backwards": "ทิศทาง: ถอยหลัง",
	"gui.mtr.vehicle_direction_forwards": "ทิศทาง: เดินหน้า",
	"gui.mtr.vehicle_door_max": "Door: %s",
	"gui.mtr.vehicle_length": "Length: %s",
	"gui.mtr.vehicle_speed": "ความเร็ว: %s เมตร/วินาที (%s กม./ชม.)",
	"gui.mtr.vehicle_width": "Width: %s",
	"gui.mtr.vehicles_per_hour": "Vehicles Per Hour",
	"gui.mtr.welcome_station": "ยินดีต้อนรับสู่สถานี %s",
	"gui.mtr.welcome_station_cjk": "ยินดีต้อนรับสู่สถานี %s",
	"gui.mtr.zone": "โซนเก็บค่าโดยสาร",
	"gui.mtr.zone_number": "โซน %s",
	"item.mtr.apg_door": "ประตูกั้นชานชาลาอัตโนมัติ",
	"item.mtr.apg_glass": "ประตูกั้นชานชาลาอัตโนมัติ",
	"item.mtr.apg_glass_end": "ประตูกั้นชานชาลาอัตโนมัติ",
	"item.mtr.bridge_creator_3": "อุปกรณ์สร้างสะพาน",
	"item.mtr.bridge_creator_5": "อุปกรณ์สร้างสะพาน",
	"item.mtr.bridge_creator_7": "อุปกรณ์สร้างสะพาน",
	"item.mtr.bridge_creator_9": "อุปกรณ์สร้างสะพาน",
	"item.mtr.brush": "พู่กันตั้งค่า",
	"item.mtr.dashboard": "ระบบควบคุมรถไฟ",
	"item.mtr.dashboard_2": "Boat Dashboard",
	"item.mtr.dashboard_3": "Cable Car Dashboard",
	"item.mtr.dashboard_4": "Flight Dashboard",
	"item.mtr.driver_key": "กุญแจ",
	"item.mtr.escalator": "บันไดเลื่อน",
	"item.mtr.lift_buttons_link_connector": "Lift / Elevator Buttons Link Connector",
	"item.mtr.lift_buttons_link_remover": "Lift / Elevator Buttons Link Remover",
	"item.mtr.lift_door_1": "ประตูลิฟต์",
	"item.mtr.lift_door_odd_1": "Lift / Elevator Doors",
	"item.mtr.lift_refresher": "Lift / Elevator Refresher",
	"item.mtr.psd_door": "ประตูกั้นชานชาลาแบบเต็ม",
	"item.mtr.psd_door_2": "ประตูกั้นชานชาลาแบบเต็ม",
	"item.mtr.psd_glass": "ประตูกั้นชานชาลาแบบเต็ม",
	"item.mtr.psd_glass_2": "ประตูกั้นชานชาลาแบบเต็ม",
	"item.mtr.psd_glass_end": "ประตูกั้นชานชาลาแบบเต็ม",
	"item.mtr.psd_glass_end_2": "ประตูกั้นชานชาลาแบบเต็ม",
	"item.mtr.rail_connector_120": "Obsidian Rail Connector",
	"item.mtr.rail_connector_120_one_way": "Obsidian Rail Connector (One-way)",
	"item.mtr.rail_connector_160": "Blaze Rail Connector",
	"item.mtr.rail_connector_160_one_way": "Blaze Rail Connector (One-way)",
	"item.mtr.rail_connector_20": "Wooden Rail Connector",
	"item.mtr.rail_connector_200": "Quartz Rail Connector",
	"item.mtr.rail_connector_200_one_way": "Quartz Rail Connector (One-way)",
	"item.mtr.rail_connector_20_one_way": "Wooden Rail Connector (One-way)",
	"item.mtr.rail_connector_300": "Diamond Rail Connector",
	"item.mtr.rail_connector_300_one_way": "Diamond Rail Connector (One-way)",
	"item.mtr.rail_connector_40": "Stone Rail Connector",
	"item.mtr.rail_connector_40_one_way": "Stone Rail Connector (One-way)",
	"item.mtr.rail_connector_60": "Emerald Rail Connector",
	"item.mtr.rail_connector_60_one_way": "Emerald Rail Connector (One-way)",
	"item.mtr.rail_connector_80": "Iron Rail Connector",
	"item.mtr.rail_connector_80_one_way": "Iron Rail Connector (One-way)",
	"item.mtr.rail_connector_cable_car": "Cable Car Connector",
	"item.mtr.rail_connector_platform": "อุปกรณ์วางรางชานชาลา",
	"item.mtr.rail_connector_runway": "Runway Rail Connector",
	"item.mtr.rail_connector_siding": "อุปกรณ์วางรางจุดจอดรถ",
	"item.mtr.rail_connector_turn_back": "อุปกรณ์วางรางที่กลับรถ",
	"item.mtr.rail_remover": "อุปกรณ์รื้อราง",
	"item.mtr.resource_pack_creator": "ที่สร้างแพ็คทรัพยากร",
	"item.mtr.signal_connector_black": "อุปกรณ์วางสัญญาณสีดำ",
	"item.mtr.signal_connector_blue": "อุปกรณ์วางสัญญาณสีน้ำเงิน",
	"item.mtr.signal_connector_brown": "อุปกรณ์วางสัญญาณสีน้ำตาล",
	"item.mtr.signal_connector_cyan": "อุปกรณ์วางสัญญาณสีฟ้าคราม",
	"item.mtr.signal_connector_gray": "อุปกรณ์วางสัญญาณสีเทา",
	"item.mtr.signal_connector_green": "อุปกรณ์วางสัญญาณสีเขียว",
	"item.mtr.signal_connector_light_blue": "อุปกรณ์วางสัญญาณสีฟ้าอ่อน",
	"item.mtr.signal_connector_light_gray": "Light Grey Signal Connector",
	"item.mtr.signal_connector_lime": "อุปกรณ์วางสัญญาณสีเขียวมะนาว",
	"item.mtr.signal_connector_magenta": "อุปกรณ์วางสัญญาณสีบานเย็น",
	"item.mtr.signal_connector_orange": "อุปกรณ์วางสัญญาณสีส้ม",
	"item.mtr.signal_connector_pink": "อุปกรณ์วางสัญญาณสีชมพู",
	"item.mtr.signal_connector_purple": "อุปกรณ์วางสัญญาณสีม่วง",
	"item.mtr.signal_connector_red": "อุปกรณ์วางสัญญาณสีแดง",
	"item.mtr.signal_connector_white": "อุปกรณ์วางสัญญาณสีขาว",
	"item.mtr.signal_connector_yellow": "อุปกรณ์วางสัญญาณสีเหลือง",
	"item.mtr.signal_remover_black": "อุปกรณ์ลบสัญญาณสีดำ",
	"item.mtr.signal_remover_blue": "อุปกรณ์ลบสัญญาณสีน้ำเงิน",
	"item.mtr.signal_remover_brown": "อุปกรณ์ลบสัญญาณสีน้ำตาล",
	"item.mtr.signal_remover_cyan": "อุปกรณ์ลบสัญญาณสีฟ้าคราม",
	"item.mtr.signal_remover_gray": "Grey Signal Remover",
	"item.mtr.signal_remover_green": "อุปกรณ์ลบสัญญาณสีเขียว",
	"item.mtr.signal_remover_light_blue": "อุปกรณ์ลบสัญญาณสีฟ้าอ่อน",
	"item.mtr.signal_remover_light_gray": "อุปกรณ์ลบสัญญาณสีเทาอ่อน",
	"item.mtr.signal_remover_lime": "อุปกรณ์ลบสัญญาณสีเขียวมะนาว",
	"item.mtr.signal_remover_magenta": "อุปกรณ์ลบสัญญาณสีบานเย็น",
	"item.mtr.signal_remover_orange": "อุปกรณ์ลบสัญญาณสีส้ม",
	"item.mtr.signal_remover_pink": "อุปกรณ์ลบสัญญาณสีชมพู",
	"item.mtr.signal_remover_purple": "อุปกรณ์ลบสัญญาณสีม่วง",
	"item.mtr.signal_remover_red": "อุปกรณ์ลบสัญญาณสีแดง",
	"item.mtr.signal_remover_white": "อุปกรณ์ลบสัญญาณสีขาว",
	"item.mtr.signal_remover_yellow": "อุปกรณ์ลบสัญญาณสีเหลือง",
	"item.mtr.tunnel_creator_4_3": "สร้างอุโมงค์",
	"item.mtr.tunnel_creator_4_5": "สร้างอุโมงค์",
	"item.mtr.tunnel_creator_4_7": "สร้างอุโมงค์",
	"item.mtr.tunnel_creator_4_9": "สร้างอุโมงค์",
	"item.mtr.tunnel_creator_5_3": "สร้างอุโมงค์",
	"item.mtr.tunnel_creator_5_5": "สร้างอุโมงค์",
	"item.mtr.tunnel_creator_5_7": "อุปกรณ์สร้างอุโมง",
	"item.mtr.tunnel_creator_5_9": "อุปกรณ์สร้างอุโมง",
	"item.mtr.tunnel_creator_6_3": "อุปกรณ์สร้างอุโมง",
	"item.mtr.tunnel_creator_6_5": "อุปกรณ์สร้างอุโมง",
	"item.mtr.tunnel_creator_6_7": "อุปกรณ์สร้างอุโมง",
	"item.mtr.tunnel_creator_6_9": "อุปกรณ์สร้างอุโมง",
	"item.mtr.tunnel_wall_creator_4_3": "อุปกรณ์สร้างผนังอุโมง",
	"item.mtr.tunnel_wall_creator_4_5": "อุปกรณ์สร้างผนังอุโมง",
	"item.mtr.tunnel_wall_creator_4_7": "อุปกรณ์สร้างผนังอุโมง",
	"item.mtr.tunnel_wall_creator_4_9": "อุปกรณ์สร้างผนังอุโมง",
	"item.mtr.tunnel_wall_creator_5_3": "อุปกรณ์สร้างผนังอุโมง",
	"item.mtr.tunnel_wall_creator_5_5": "อุปกรณ์สร้างผนังอุโมง",
	"item.mtr.tunnel_wall_creator_5_7": "อุปกรณ์สร้างผนังอุโมง",
	"item.mtr.tunnel_wall_creator_5_9": "อุปกรณ์สร้างผนังอุโมง",
	"item.mtr.tunnel_wall_creator_6_3": "อุปกรณ์สร้างผนังอุโมง",
	"item.mtr.tunnel_wall_creator_6_5": "อุปกรณ์สร้างผนังอุโมง",
	"item.mtr.tunnel_wall_creator_6_7": "อุปกรณ์สร้างผนังอุโมง",
	"item.mtr.tunnel_wall_creator_6_9": "อุปกรณ์สร้างผนังอุโมง",
	"itemGroup.mtr.core": "แกนกลาง Minecraft Transit Railway",
	"itemGroup.mtr.escalators_lifts": "บันไดเลื่อน และ ลิฟต์โดยสาร",
	"itemGroup.mtr.railway_facilities": "สิ่งอำนวยความสะดวกในระบบรถไฟ",
	"itemGroup.mtr.station_building_blocks": "บล็อคสร้างสถานี",
	"key.mtr.debug_1_negative": "Debug Field 1 (Subtract)",
	"key.mtr.debug_1_positive": "Debug Field 1 (Add)",
	"key.mtr.debug_2_negative": "Debug Field 2 (Subtract)",
	"key.mtr.debug_2_positive": "Debug Field 2 (Add)",
	"key.mtr.debug_3_negative": "Debug Field 3 (Subtract)",
	"key.mtr.debug_3_positive": "Debug Field 3 (Add)",
	"key.mtr.debug_cycle_negative": "Cycle Debug Category (Backwards)",
	"key.mtr.debug_cycle_positive": "Cycle Debug Category (Forwards)",
	"key.mtr.lift_menu": "Open Lift / Elevator Floor Selection",
	"key.mtr.train_accelerate": "คันเร่งยานพาหะนะ",
	"key.mtr.train_brake": "เบรกยากพาหะนะ",
	"key.mtr.train_toggle_doors": "Toggle Doors",
	"options.mtr.anonymous": "ไม่ระบุตัวตน",
	"options.mtr.dynamic_texture_resolution": "Dynamic texture resolution (higher values might crash!)",
	"options.mtr.hide_special_rail_colors": "ซ่อนรางสีพิเศษ",
	"options.mtr.hide_translucent_parts": "Hide translucent parts on vehicles",
	"options.mtr.language_options": "Language display on signs",
	"options.mtr.language_options_0": "ค่าเริ่มต้น",
	"options.mtr.language_options_1": "CJK Only",
	"options.mtr.language_options_2": "Non-CJK",
	"options.mtr.off": "ปิด",
	"options.mtr.on": "เปิด",
	"options.mtr.shift_to_toggle_sitting": "Use %s to toggle sitting inside vehicles",
	"options.mtr.show_announcement_messages": "แสดงข้อความ \"สถานีต่อไป\" ในแชท",
	"options.mtr.support_patreon": "สนับสนุนเราบน Patreon",
	"options.mtr.track_texture_offset": "ทรัพยากรราง",
	"options.mtr.use_dynamic_fps": "เพิ่ม FPS",
	"options.mtr.use_mtr_font": "ใช้ฟอนต์ของ MTR (อาจใช้ไม่ได้ในบางเครื่อง)",
	"options.mtr.use_tts_announcements": "ใช้ตัวพูด Text-To-Speech ประกาศ \"สถานีต่อไป\"",
	"options.mtr.vehicle_render_distance_ratio": "Vehicle rendering to Minecraft render distance ratio",
	"sign.mtr.airport": "Airport",
	"sign.mtr.airport_arrivals": "เดินทางถึง",
	"sign.mtr.airport_arrivals_cjk": "抵港",
	"sign.mtr.airport_cjk": "機場",
	"sign.mtr.airport_departures": "เดินทางออก",
	"sign.mtr.airport_departures_cjk": "離港",
	"sign.mtr.airport_express": "รถไฟเข้าสนามบิน",
	"sign.mtr.airport_express_city": "รถไฟเข้าเมือง",
	"sign.mtr.airport_express_city_cjk": "รถไฟเข้าเมือง",
	"sign.mtr.airport_express_cjk": "รถไฟไปสนามบิน",
	"sign.mtr.airport_transfer": "Transfer",
	"sign.mtr.airport_transfer_cjk": "轉機",
	"sign.mtr.baggage_claim": "Baggage Claim",
	"sign.mtr.baggage_claim_cjk": "提取行李",
	"sign.mtr.boat": "Ferries",
	"sign.mtr.boat_cjk": "渡輪",
	"sign.mtr.cable_car": "Cable Cars",
	"sign.mtr.cable_car_cjk": "纜車",
	"sign.mtr.check_in_passengers": "เช็คอินผู้โดยสาร",
	"sign.mtr.check_in_passengers_cjk": "ผู้โดยสารขึ้นเครื่อง",
	"sign.mtr.cross": "ห้ามเข้า",
	"sign.mtr.cross_cjk": "ห้ามเข้า",
	"sign.mtr.customer_service_centre": "ศูนย์ช่วยเหลือลูกค้า",
	"sign.mtr.customer_service_centre_cjk": "客務中心",
	"sign.mtr.emergency_exit": "ทางออกฉุกเฉิน",
	"sign.mtr.emergency_exit_cjk": "ไปชั้นจำหน่ายตั๋ว",
	"sign.mtr.escalator_to_concourse_down": "ไปชั้นจำหน่ายตั๋วเท่านั้น",
	"sign.mtr.escalator_to_concourse_down_cjk": "ไปชั้นจำหน่ายตั๋ว",
	"sign.mtr.escalator_to_concourse_up": "ไปชั้นจำหน่ายตั๋วเท่านั้น",
	"sign.mtr.escalator_to_concourse_up_cjk": "เดินตรงไปที่ล็อบบี้",
	"sign.mtr.female": "ห้องน้ำสุภาพสตรี",
	"sign.mtr.female_cjk": "ห้องน้ำสุภาพสตรี",
	"sign.mtr.in_town_check_in": "เช็คอินภายในเมือง",
	"sign.mtr.in_town_check_in_cjk": "เช็คอินภายในเมือง",
	"sign.mtr.lift_1": "ลิฟต์",
	"sign.mtr.lift_1_cjk": "ลิฟต์",
	"sign.mtr.lift_2": "ลิฟต์",
	"sign.mtr.lift_2_cjk": "ลิฟต์",
	"sign.mtr.light_rail_1": "รถรางเบา",
	"sign.mtr.light_rail_1_cjk": "รถรางเบา",
	"sign.mtr.light_rail_2": "รถรางเบา",
	"sign.mtr.light_rail_2_cjk": "รถรางเบา",
	"sign.mtr.light_rail_3": "รถรางเบา",
	"sign.mtr.light_rail_3_cjk": "รถรางเบา",
	"sign.mtr.light_rail_4": "รถรางเบา",
	"sign.mtr.light_rail_4_cjk": "รถรางเบา",
	"sign.mtr.logo": "Minecraft Transit Railway",
	"sign.mtr.logo_cjk": "Minecraft Transit Railway",
	"sign.mtr.male": "ห้องน้ำสุภาพบุรุษ",
	"sign.mtr.male_cjk": "ห้องน้ำสุภาพบุรุษ",
	"sign.mtr.platform": "ชานชาลา",
	"sign.mtr.platform_cjk": "ชาญชาลา",
	"sign.mtr.sp1900": "รถไฟ",
	"sign.mtr.sp1900_cjk": "รถไฟ",
	"sign.mtr.station": "Station",
	"sign.mtr.station_cjk": "車站",
	"sign.mtr.tickets": "ตั๋วโดยสาร",
	"sign.mtr.tickets_cjk": "ตั๋วโดยสาร",
	"sign.mtr.toilets": "ห้องน้ำ",
	"sign.mtr.toilets_cjk": "สุขา",
	"sign.mtr.train": "รถไฟ",
	"sign.mtr.train_cjk": "รถไฟ",
	"sign.mtr.train_old": "รถไฟ",
	"sign.mtr.train_old_cjk": "รถไฟ",
	"sign.mtr.wheelchair": "ห้องน้ำ",
	"sign.mtr.wheelchair_cjk": "สุขา",
	"sign.mtr.wifi": "บริการ Wi-Fi ฟรี",
	"sign.mtr.wifi_cjk": "ฟรี Wi-Fi ฮอตสปอต",
	"sign.mtr.xrl_1": "รถไฟความเร็วสูง",
	"sign.mtr.xrl_1_cjk": "รถไฟความเร็วสูง",
	"sign.mtr.xrl_2": "รถไฟความเร็วสูง",
	"sign.mtr.xrl_2_cjk": "รถไฟความเร็วสูง",
	"sign.mtr.yellow_head_1": "รถไฟ",
	"sign.mtr.yellow_head_1_cjk": "รถไฟ",
	"sign.mtr.yellow_head_2": "รถไฟ",
	"sign.mtr.yellow_head_2_cjk": "รถไฟ",
	"tooltip.block.mtr.glass_fence_cio": "City One",
	"tooltip.block.mtr.glass_fence_ckt": "Che Kung Temple",
	"tooltip.block.mtr.glass_fence_heo": "Heng On",
	"tooltip.block.mtr.glass_fence_mos": "Ma On Shan",
	"tooltip.block.mtr.glass_fence_plain": "บานกระจกแผ่น",
	"tooltip.block.mtr.glass_fence_shm": "Shek Mun",
	"tooltip.block.mtr.glass_fence_stained": "บานกระจกแผ่นแต่งสี",
	"tooltip.block.mtr.glass_fence_stw": "Sha Tin Wai",
	"tooltip.block.mtr.glass_fence_tsh": "Tai Shui Hang",
	"tooltip.block.mtr.glass_fence_wks": "Wu Kai Sha",
	"tooltip.mtr.cable_car_node": "No platform and sidings\nStraight connections only",
	"tooltip.mtr.cable_car_node_station": "Platforms and sidings may be created\nCurves may be created",
	"tooltip.mtr.pole_placement": "ต้องวางบน %s ที่มีอยู่แล้ว",
	"tooltip.mtr.psd_apg_door": "ส่วนประตู",
	"tooltip.mtr.psd_apg_door_2": "ส่วนประตู",
	"tooltip.mtr.psd_apg_glass": "ส่วนกระจก",
	"tooltip.mtr.psd_apg_glass_2": "ส่วนกระจก",
	"tooltip.mtr.psd_apg_glass_end": "ส่วนปลายกระจก",
	"tooltip.mtr.rail_action_depth": "Depth: %s",
	"tooltip.mtr.rail_action_height": "Height: %s",
	"tooltip.mtr.rail_action_width": "Width: %s",
	"tooltip.mtr.rail_speed_limit": "ความเร็วสูงสุด: %s",
	"tooltip.mtr.railway_sign_even": "จุดกึ่งกลาง: ตำแหน่งคู่",
	"tooltip.mtr.railway_sign_length": "ความยาว: %s",
	"tooltip.mtr.railway_sign_odd": "จุดกึ่งกลาง: ตำแหน่งคี่",
	"tooltip.mtr.selected_block": "บล็อกที่เลือก: %s",
	"tooltip.mtr.selected_material": "Selected Material: %s",
	"tooltip.mtr.shift_right_click_to_clear": "Hold %s and use on|a %s to reset",
	"tooltip.mtr.shift_right_click_to_select_material": "Hold %s and use on|a block to select material",
	"tooltip.mtr.station_color": "สีจะแตกต่างไปตามการตั้งค่าสถานี",
	"tooltip.mtr.station_color_name": "สีและข้อความจะแตกต่างไปตามการตั้งค่าสถานี",
	"train.mtr.a320": "Airbus A320",
	"train.mtr.a_train_ael": "CAF ด่วนพิเศษสนามบิน",
	"train.mtr.a_train_ael_mini": "CAF ด่วนพิเศษสนามบิน (จิ๋ว)",
	"train.mtr.a_train_tcl": "CAF สาย Tung Chung",
	"train.mtr.a_train_tcl_mini": "CAF สาย Tung Chung (จิ๋ว)",
	"train.mtr.a_train_tcl_small": "CAF สาย Tung Chung (เล็ก)",
	"train.mtr.acacia_boat": "Acacia Boat",
	"train.mtr.birch_boat": "Birch Boat",
	"train.mtr.br_423": "DB BR 423",
	"train.mtr.c1141a": "1141A / TML C-Train",
	"train.mtr.c1141a_mini": "1141A / TML C-Train (จิ๋ว)",
	"train.mtr.c1141a_small": "1141A / TML C-Train (เล็ก)",
	"train.mtr.c_train": "C-Train",
	"train.mtr.c_train_mini": "C-Train (จิ๋ว)",
	"train.mtr.c_train_small": "C-Train (เล็ก)",
	"train.mtr.class_377_southern": "British Rail Class 377 (Southern)",
	"train.mtr.class_802_gwr": "British Rail Class 802 (GWR)",
	"train.mtr.class_802_gwr_mini": "British Rail Class 802 (GWR, Mini)",
	"train.mtr.class_802_tpe": "British Rail Class 802 (TPE)",
	"train.mtr.class_802_tpe_mini": "British Rail Class 802 (TPE, Mini)",
	"train.mtr.cm_stock": "Metro-Cammell Train (Unrefurbished M-Train)",
	"train.mtr.cm_stock_mini": "Metro-Cammell Train (Unrefurbished M-Train, Mini)",
	"train.mtr.cm_stock_small": "Metro-Cammell Train (Unrefurbished M-Train, Small)",
	"train.mtr.dark_oak_boat": "Dark Oak Boat",
	"train.mtr.drl": "Disneyland Resort Line Train",
	"train.mtr.e44": "KCR E44 (หน้ารถสีเหลือง)",
	"train.mtr.e44_mini": "KCR E44 (หน้ารถสีเหลือง จิ๋ว)",
	"train.mtr.flying_minecart": "Flying Minecart",
	"train.mtr.jungle_boat": "Jungle Boat",
	"train.mtr.k_train": "K-Train",
	"train.mtr.k_train_ael": "K-Train ด่วนพิเศษสนามบิน",
	"train.mtr.k_train_ael_mini": "K-Train ด่วนพิเศษสนามบิน (จิ๋ว)",
	"train.mtr.k_train_ael_small": "K-Train ด่วนพิเศษสนามบิน (เล็ก)",
	"train.mtr.k_train_mini": "K-Train (จิ๋ว)",
	"train.mtr.k_train_small": "K-Train (เล็ก)",
	"train.mtr.k_train_tcl": "K-Train สาย Tung Chung",
	"train.mtr.k_train_tcl_mini": "K-Train สาย Tung Chung (จิ๋ว)",
	"train.mtr.k_train_tcl_small": "K-Train สาย Tung Chung (เล็ก)",
	"train.mtr.light_rail_1": "รถไฟฟ้ารางเบา (ระยะที่ 1, LHT)",
	"train.mtr.light_rail_1_orange": "Light Rail (Phase 1, Orange Livery, LHT)",
	"train.mtr.light_rail_1_orange_rht": "Light Rail (Phase 1, Orange Livery, RHT)",
	"train.mtr.light_rail_1_rht": "Light Rail (Phase 1, RHT)",
	"train.mtr.light_rail_1r": "Light Rail (Phase 1 Refurbished, LHT)",
	"train.mtr.light_rail_1r_old": "Light Rail (Phase 1 Refurbished, Blue Livery, LHT)",
	"train.mtr.light_rail_1r_old_rht": "Light Rail (Phase 1 Refurbished, Blue Livery, RHT)",
	"train.mtr.light_rail_1r_orange": "Light Rail (Phase 1 Refurbished, Orange Livery, LHT)",
	"train.mtr.light_rail_1r_orange_rht": "Light Rail (Phase 1 Refurbished, Orange Livery, RHT)",
	"train.mtr.light_rail_1r_rht": "Light Rail (Phase 1 Refurbished, RHT)",
	"train.mtr.light_rail_2": "Light Rail (Phase 2, LHT)",
	"train.mtr.light_rail_2r": "Light Rail (Phase 2 Refurbished, LHT)",
	"train.mtr.light_rail_2r_rht": "Light Rail (Phase 2 Refurbished, RHT)",
	"train.mtr.light_rail_2_orange": "Light Rail (Phase 2, Orange Livery, LHT)",
	"train.mtr.light_rail_2_orange_rht": "Light Rail (Phase 2, Orange Livery, RHT)",
	"train.mtr.light_rail_2_rht": "Light Rail (Phase 2, RHT)",
	"train.mtr.light_rail_3": "Light Rail (Phase 3, LHT)",
	"train.mtr.light_rail_3r": "Light Rail (Phase 3 Refurbished, LHT)",
	"train.mtr.light_rail_3r_rht": "Light Rail (Phase 3 Refurbished, RHT)",
	"train.mtr.light_rail_3_orange": "Light Rail (Phase 3, Orange Livery, LHT)",
	"train.mtr.light_rail_3_orange_rht": "Light Rail (Phase 3, Orange Livery, RHT)",
	"train.mtr.light_rail_3_rht": "Light Rail (Phase 3, RHT)",
	"train.mtr.light_rail_4": "Light Rail (Phase 4, LHT)",
	"train.mtr.light_rail_4_old": "Light Rail (Phase 4, Blue Livery, LHT)",
	"train.mtr.light_rail_4_old_rht": "Light Rail (Phase 4, Blue Livery, RHT)",
	"train.mtr.light_rail_4_orange": "Light Rail (Phase 4, Orange Livery, LHT)",
	"train.mtr.light_rail_4_orange_rht": "Light Rail (Phase 4, Orange Livery, RHT)",
	"train.mtr.light_rail_4_rht": "Light Rail (Phase 4, RHT)",
	"train.mtr.light_rail_5": "Light Rail (Phase 5, LHT)",
	"train.mtr.light_rail_5_old": "Light Rail (Phase 5, Blue Livery, LHT)",
	"train.mtr.light_rail_5_old_rht": "Light Rail (Phase 5, Blue Livery, RHT)",
	"train.mtr.light_rail_5_orange": "Light Rail (Phase 5, Orange Livery, LHT)",
	"train.mtr.light_rail_5_orange_rht": "Light Rail (Phase 5, Orange Livery, RHT)",
	"train.mtr.light_rail_5_rht": "Light Rail (Phase 5, RHT)",
	"train.mtr.london_underground_1995": "รถไฟใต้ดินลอนดอน รุ่นปี 1995",
	"train.mtr.london_underground_1996": "London Underground 1996 Stock",
	"train.mtr.london_underground_d78": "London Underground D78 Stock",
	"train.mtr.london_underground_d78_mini": "London Underground D78 Stock (Mini)",
	"train.mtr.m_train": "M-Train",
	"train.mtr.m_train_mini": "M-Train (จิ๋ว)",
	"train.mtr.m_train_small": "M-Train (เล็ก)",
	"train.mtr.minecart": "รถเหมือง",
	"train.mtr.mlr": "MLR Train",
	"train.mtr.mlr_christmas": "MLR Train Christmas Edition",
	"train.mtr.mlr_christmas_mini": "MLR Train Christmas Edition (Mini)",
	"train.mtr.mlr_christmas_small": "MLR Train Christmas Edition (Small)",
	"train.mtr.mlr_mini": "MLR Train (จิ๋ว)",
	"train.mtr.mlr_small": "MLR Train (เล็ก)",
	"train.mtr.mpl_85": "MPL 85",
	"train.mtr.ngong_ping_360_crystal": "Ngong Ping 360 Crystal Cabin (LHT)",
	"train.mtr.ngong_ping_360_crystal_rht": "Ngong Ping 360 Crystal Cabin (RHT)",
	"train.mtr.ngong_ping_360_crystal_plus": "Ngong Ping 360 Crystal+ Cabin (LHT)",
	"train.mtr.ngong_ping_360_crystal_plus_rht": "Ngong Ping 360 Crystal+ Cabin (RHT)",
	"train.mtr.ngong_ping_360_normal_light_blue": "Ngong Ping 360 (Light Blue, LHT)",
	"train.mtr.ngong_ping_360_normal_light_blue_rht": "Ngong Ping 360 (Light Blue, RHT)",
	"train.mtr.ngong_ping_360_normal_orange": "Ngong Ping 360 (Orange, LHT)",
	"train.mtr.ngong_ping_360_normal_orange_rht": "Ngong Ping 360 (Orange, RHT)",
	"train.mtr.ngong_ping_360_normal_red": "Ngong Ping 360 (Red, LHT)",
	"train.mtr.ngong_ping_360_normal_red_rht": "Ngong Ping 360 (Red, RHT)",
	"train.mtr.oak_boat": "Oak Boat",
	"train.mtr.r179": "R179 (รถไฟใต้ดินนิวยอร์ก)",
	"train.mtr.r179_mini": "R179 (รถไฟใต้ดินนิวยอร์ก จิ๋ว)",
	"train.mtr.r211": "R211 (New York City Subway)",
	"train.mtr.r211_mini": "R211 (New York City Subway, Mini)",
	"train.mtr.r211t": "R211T (New York City Subway)",
	"train.mtr.r211t_mini": "R211T (New York City Subway, Mini)",
	"train.mtr.r_train": "R-Train",
	"train.mtr.r_train_mini": "R-Train (Mini)",
	"train.mtr.r_train_small": "R-Train (Small)",
	"train.mtr.s_train": "S-Train",
	"train.mtr.s_train_mini": "S-Train (Mini)",
	"train.mtr.s_train_small": "S-Train (Small)",
	"train.mtr.sp1900": "SP1900",
	"train.mtr.sp1900_mini": "SP1900 (จิ๋ว)",
	"train.mtr.sp1900_small": "SP1900 (เล็ก)",
	"train.mtr.spruce_boat": "Spruce Boat"
}
