{
	"block.minecraft.bedrock_slab": "Ladrilyo na Bedrock",
	"block.minecraft.birch_wood_slab": "Ladrilyo ng Kahoy na Birch",
	"block.minecraft.bone_block_slab": "Ladrilyo na Buto",
	"block.minecraft.chiseled_quartz_block_slab": "Ladrilyo ng Pinait na Bloke ng Quartz",
	"block.minecraft.chiseled_stone_bricks_slab": "Pinait na Ladrilyo ng Bato",
	"block.minecraft.clay_slab": "Luwad na Tilad",
	"block.minecraft.coal_ore_slab": "Tilad ng Mineral ng Karbon",
	"block.minecraft.concrete": "Kongkreto",
	"block.minecraft.concrete_powder": "Kongkretong Pulbos",
	"block.minecraft.concrete_powder_slab": "Tilad ng Kongkretong Pulbos",
	"block.minecraft.concrete_slab": "Tilad ng Simento",
	"block.minecraft.cracked_stone_bricks_slab": "Basag na Ladrilyo ng Bato",
	"block.minecraft.gravel_slab": "Ladrilyo ng Graba",
	"block.minecraft.iron_block_slab": "Ladrilyo ng Bloke na Bakal",
	"block.minecraft.metal": "Blokeng Metal",
	"block.minecraft.metal_slab": "Ladrilyo ng Bakal",
	"block.minecraft.planks": "Kahoy",
	"block.minecraft.planks_slab": "Ladrilyo na Tabla ng Kahoy",
	"block.minecraft.purpur_block_slab": "Ladrilyo ng Bloke na Purpur",
	"block.minecraft.purpur_pillar_slab": "Ladrilyo ng Haligi na Purpur",
	"block.minecraft.quartz_block_slab": "Ladrilyo ng Bloke na Quartz",
	"block.minecraft.quartz_bricks_slab": "Quartz Bricks Slab",
	"block.minecraft.quartz_pillar_slab": "Ladrilyo ng Haligi na Quartz",
	"block.minecraft.snow_block_slab": "Ladrilyo ng Bloke na Niyebe",
	"block.minecraft.stained_glass": "Tintadong Salamin",
	"block.minecraft.stained_glass_slab": "Ladrilyo ng Tintadong Salamin",
	"block.minecraft.stone_bricks_slab": "Stone Bricks Slab",
	"block.minecraft.wool": "Lana",
	"block.minecraft.wool_slab": "Ladrilyo ng Tela",
	"block.mtr.airplane_node": "Eroplano koneksyon",
	"block.mtr.apg_door": "Automatikong Platform Gates",
	"block.mtr.apg_glass": "Automatikong Platform Gates",
	"block.mtr.apg_glass_end": "Automatikong Platform Gates",
	"block.mtr.arrival_projector_1_large": "Projector ng Pagdating (3x3)",
	"block.mtr.arrival_projector_1_medium": "Projector ng Pagdating (3x2)",
	"block.mtr.arrival_projector_1_small": "Projector ng Pagdating (1x1)",
	"block.mtr.boat_node": "Bangka koneksyon",
	"block.mtr.cable_car_node_lower": "Node ng Cable Car",
	"block.mtr.cable_car_node_station": "Cable Car Station Node",
	"block.mtr.cable_car_node_upper": "Node ng Cable Car",
	"block.mtr.ceiling": "Kisame",
	"block.mtr.ceiling_light": "Kisame (May Ilaw)",
	"block.mtr.ceiling_no_light": "Kisame (Walang Ilaw)",
	"block.mtr.clock": "Orasan",
	"block.mtr.clock_pole": "Poste ng Orasan",
	"block.mtr.escalator_side": "Eskalator",
	"block.mtr.escalator_step": "Eskalator",
	"block.mtr.glass_fence_cio": "Bakod na Salamin",
	"block.mtr.glass_fence_ckt": "Bakod na Salamin",
	"block.mtr.glass_fence_heo": "Bakod na Salamin",
	"block.mtr.glass_fence_mos": "Bakod na Salamin",
	"block.mtr.glass_fence_plain": "Bakod na Salamin",
	"block.mtr.glass_fence_shm": "Bakod na Salamin",
	"block.mtr.glass_fence_stained": "Bakod na Salamin",
	"block.mtr.glass_fence_stw": "Bakod na Salamin",
	"block.mtr.glass_fence_tsh": "Bakod na Salamin",
	"block.mtr.glass_fence_wks": "Bakod na Salamin",
	"block.mtr.lift_buttons_1": "Pindutan ng Elevator",
	"block.mtr.lift_door_1": "Pinto ng Elevator",
	"block.mtr.lift_door_odd_1": "Pinto ng Elevator",
	"block.mtr.lift_panel_even_1": "Lift / Elevator Display Panel",
	"block.mtr.lift_panel_even_2": "Lift / Elevator Display Panel",
	"block.mtr.lift_panel_odd_1": "Lift / Elevator Display Panel",
	"block.mtr.lift_panel_odd_2": "Lift / Elevator Display Panel",
	"block.mtr.lift_track_1": "Lift / Elevator Track",
	"block.mtr.lift_track_floor_1": "Lift / Elevator Floor Track",
	"block.mtr.logo": "Logo ng MTR",
	"block.mtr.marble_blue": "Asul na Marmol",
	"block.mtr.marble_blue_slab": "Slab na Asul na Marmol",
	"block.mtr.marble_sandy": "Dilaw na Marmol",
	"block.mtr.marble_sandy_slab": "Slab na Dilaw na Marmol",
	"block.mtr.metal": "Bakal",
	"block.mtr.metal_slab": "Ladrilyo ng Bakal",
	"block.mtr.pids_1": "Passenger Information Display System",
	"block.mtr.pids_2": "Passenger Information Display System",
	"block.mtr.pids_3": "Passenger Information Display System",
	"block.mtr.pids_pole": "Poste ng PIDS",
	"block.mtr.platform": "Platform (Hong Kong)",
	"block.mtr.platform_indented": "Platform (Hong Kong)",
	"block.mtr.platform_na_1": "Platform (Hilagang Amerika)",
	"block.mtr.platform_na_1_indented": "Platform (Hilagang Amerika)",
	"block.mtr.platform_na_2": "Platform (Hilagang Amerika)",
	"block.mtr.platform_na_2_indented": "Platform (Hilagang Amerika)",
	"block.mtr.platform_uk_1": "Platform (United Kingdom)",
	"block.mtr.platform_uk_1_indented": "Platform (United Kingdom)",
	"block.mtr.psd_door": "Platform Screen Doors",
	"block.mtr.psd_door_2": "Platform Screen Doors",
	"block.mtr.psd_glass": "Platform Screen Doors",
	"block.mtr.psd_glass_2": "Platform Screen Doors",
	"block.mtr.psd_glass_end": "Platform Screen Doors",
	"block.mtr.psd_glass_end_2": "Platform Screen Doors",
	"block.mtr.psd_top": "Platform Screen Doors",
	"block.mtr.rail": "Node ng Riles",
	"block.mtr.railway_sign": "Railway Sign",
	"block.mtr.railway_sign_pole": "Poste ng Railway Sign",
	"block.mtr.route_sign_standing_light": "Tanda ng Ruta (Nakatayo May Ilaw)",
	"block.mtr.route_sign_standing_metal": "Tanda ng Ruta (Nakatayo Bakal)",
	"block.mtr.route_sign_wall_light": "Tanda ng Ruta (Pader May Ilaw)",
	"block.mtr.route_sign_wall_metal": "Tanda ng Ruta (Pader Bakal)",
	"block.mtr.rubbish_bin_1": "Basurahan",
	"block.mtr.signal_light_1": "Signal Light (2 Aspeto)",
	"block.mtr.signal_light_2": "Signal Light (2 Aspeto, Dalawang panig)",
	"block.mtr.signal_light_3": "Signal Light (2 Aspeto)",
	"block.mtr.signal_light_3_aspect_1": "Signal Light (3 Aspeto)",
	"block.mtr.signal_light_3_aspect_2": "Signal Light (3 Aspeto, Dalawang panig)",
	"block.mtr.signal_light_4": "Signal Light (2 Aspeto, Dalawang panig)",
	"block.mtr.signal_light_4_aspect_1": "Signal Light (4 na Aspeto)",
	"block.mtr.signal_light_4_aspect_2": "Signal Light (4 na Aspeto, Dalawang panig)",
	"block.mtr.signal_pole": "Poste ng Signal",
	"block.mtr.signal_semaphore_1": "Semaporo na Signal",
	"block.mtr.signal_semaphore_2": "Semaphore Signal (Double-sided)",
	"block.mtr.station_name_entrance": "Pangalan ng Istasyon (Papasok)",
	"block.mtr.station_name_tall_block": "Pangalan ng Istasyon (Mataas)",
	"block.mtr.station_name_tall_block_double_sided": "Station Name (Tall Block, Double-sided)",
	"block.mtr.station_name_tall_wall": "Pangalan ng Istasyon (Mataas na Pader na may teksto)",
	"block.mtr.station_name_wall": "Pangalan ng Istasyon (Teksto sa Pader. Puti)",
	"block.mtr.station_name_wall_black": "Pangalan ng Istasyon (Teksto sa Pader. Itim)",
	"block.mtr.station_name_wall_gray": "Pangalan ng Istasyon (Teksto sa Pader. Kulay-abo)",
	"block.mtr.station_pole": "Poste na may Kulay ng Istasyon",
	"block.mtr.tactile_map": "Tactile Map",
	"block.mtr.ticket_barrier_entrance_1": "Ticket Barrier (Papasok)",
	"block.mtr.ticket_barrier_exit_1": "Ticket Barrier (Palabas)",
	"block.mtr.ticket_machine": "Ticket Machine",
	"block.mtr.ticket_processor": "Processor ng Tiket",
	"block.mtr.ticket_processor_enquiry": "Enquiry Processor",
	"block.mtr.ticket_processor_entrance": "Ticket Processor (Papasok)",
	"block.mtr.ticket_processor_exit": "Ticket Processor (Palabas)",
	"block.mtr.train_announcer": "Taga-hayag",
	"block.mtr.train_cargo_loader": "Taga-load ng Kargamento",
	"block.mtr.train_cargo_unloader": "Taga-unload ng Kargamento",
	"block.mtr.train_schedule_sensor": "Sensor ng Iskedyul",
	"block.mtr.train_sensor": "Sensor ng Redstone",
	"category.mtr.keybinding": "Mga Keybind ng Minecraft Transit Railway",
	"entity.mtr.seat": "",
	"gui.mtr.acceleration": "Pagbilis ng Sasakyan",
	"gui.mtr.add_balance_for_emeralds": "Mag-dagdag ng $%s Kapalit ng %s (na) Esmeralda",
	"gui.mtr.add_depot": "Mag-dagdag ng Silungan",
	"gui.mtr.add_exit": "Mag-dagdag ng Labasan ng Istasyion",
	"gui.mtr.add_exit_destination": "Mag-dagdag ng Destinasyon Palabas",
	"gui.mtr.add_route": "Mag-dagdag ng Ruta",
	"gui.mtr.add_station": "Mag-dagdag ng Istasyon",
	"gui.mtr.add_value": "Mag-dagdag ng Halaga",
	"gui.mtr.already_entered": "Nakapasok na sa istasyon",
	"gui.mtr.already_exited": "Walang entry record ang nahanap",
	"gui.mtr.announcement_message": "Mensahe sa Anunsyo",
	"gui.mtr.anticlockwise_to": "Anticlockwise papuntang %s",
	"gui.mtr.anticlockwise_to_cjk": "逆時針往%s",
	"gui.mtr.anticlockwise_via": "Anticlockwise via %s",
	"gui.mtr.anticlockwise_via_cjk": "逆時針經%s",
	"gui.mtr.arrival_car": "%s-car",
	"gui.mtr.arrival_car_cjk": "%s 卡",
	"gui.mtr.arrival_min": "%s min",
	"gui.mtr.arrival_min_cjk": "%s 分鐘",
	"gui.mtr.arrival_sec": "%s seg",
	"gui.mtr.arrival_sec_cjk": "%s 秒",
	"gui.mtr.automatically_detect_nearby_platform": "Automatically detect nearby platform",
	"gui.mtr.available": "Meron",
	"gui.mtr.available_model_parts": "Magagamit na Mga Bahagi ng Model",
	"gui.mtr.balance": "Balanse: $%s",
	"gui.mtr.cable_car_invalid_orientation": "Invalid na cable connection",
	"gui.mtr.cars_to_spawn": "Cars to Spawn: %s",
	"gui.mtr.clear_vehicles": "Tanggalin ang mga Sasakyan",
	"gui.mtr.clockwise_to": "Clockwise papuntang %s",
	"gui.mtr.clockwise_to_cjk": "順時針往%s",
	"gui.mtr.clockwise_via": "Clockwise sa pamamagitan ng daan sa %s",
	"gui.mtr.clockwise_via_cjk": "順時針經%s",
	"gui.mtr.color": "Kulay",
	"gui.mtr.comma": ", ",
	"gui.mtr.comma_cjk": "、",
	"gui.mtr.comma_last": " at ",
	"gui.mtr.comma_last_cjk": "或",
	"gui.mtr.connecting_station_interchange_announcement_part": "ang %1$s sa %2$s station",
	"gui.mtr.connecting_station_interchange_announcement_part_cjk": "往%2$s站轉乘%1$s",
	"gui.mtr.connecting_station_part": "Ang mga pasahero any maaring pumunta sa %s.",
	"gui.mtr.connecting_station_part_cjk": "乘客可在該站%s。",
	"gui.mtr.cruising_altitude": "Cruising Altitude",
	"gui.mtr.custom_destination_suggestion": "Destinasyon (\\r para I-reset)",
	"gui.mtr.custom_resources_export_resource_pack": "I-export ang resource Pack",
	"gui.mtr.custom_resources_gangway_connection_id": "ID ng Gangway Connection",
	"gui.mtr.custom_resources_id": "ID",
	"gui.mtr.custom_resources_name": "Pangalan",
	"gui.mtr.custom_resources_rider_offset": "Offset ng Rider: %s",
	"gui.mtr.custom_resources_train_barrier_id": "ID ng Train Barrier",
	"gui.mtr.delete_confirmation": "Sigurado ka bang gusto mong tanggalin ang %s?",
	"gui.mtr.depot_color": "Kulay ng Depot",
	"gui.mtr.depot_name": "Pangalan ng Depot",
	"gui.mtr.depots": "Mga Depot",
	"gui.mtr.disable_next_station_announcements": "I-disable ang mga Anunsyo para sa Susunod na Istasyon",
	"gui.mtr.dismount_hold": "Pindutin ng Matagal ang %s Para Pilit na Bumaba: %s",
	"gui.mtr.display_page": "Bilang ng Pahina",
	"gui.mtr.door_animation_type_bouncy_1": "Pintuan: Matalbog (1)",
	"gui.mtr.door_animation_type_bouncy_2": "Pintuan: Matalbog (2)",
	"gui.mtr.door_animation_type_constant": "Pintuan: Constant",
	"gui.mtr.door_animation_type_mlr": "Pintuan: MLR",
	"gui.mtr.door_animation_type_plug_fast": "Pintuan: Mabilis na Plug",
	"gui.mtr.door_animation_type_plug_slow": "Pintuan: Mabagal na Plug",
	"gui.mtr.door_animation_type_r179": "Pintuan R179",
	"gui.mtr.door_animation_type_r211": "Pintuan: R211",
	"gui.mtr.door_animation_type_standard": "Pinto: Pamantayan",
	"gui.mtr.door_animation_type_standard_slow": "Pinto: Mabagal",
	"gui.mtr.drag_file_to_upload": "I-drag ang file para i-upload",
	"gui.mtr.dwell_time": "Oras para tumigil ang sasakyan",
	"gui.mtr.edit_area": "I-click at drag para idraw ang lugar.",
	"gui.mtr.edit_instructions": "I-edit ang instruksyon",
	"gui.mtr.edit_route": "Pindutin ang isang platform para idagdag sa ruta.",
	"gui.mtr.editing_part": "Ineedit: %s",
	"gui.mtr.emeralds": "Mga Esmeralda: %s",
	"gui.mtr.enter_barrier": "Pumasok sa %s - Balanse: $%s",
	"gui.mtr.exit_barrier": "Lumabas ng %s - Bayad: $%s - Balance: $%s",
	"gui.mtr.exit_destinations": "Destinasyon Palabas",
	"gui.mtr.exit_parents": "Mga Labasan sa Istasyon",
	"gui.mtr.file_model": "Blockbench File",
	"gui.mtr.file_properties": "Properties File (Opsyonal)",
	"gui.mtr.file_texture": "Texture File",
	"gui.mtr.file_upload": "I-upload...",
	"gui.mtr.filtered_platforms": "Mga platform na nakafilter (%s)",
	"gui.mtr.filtered_routes": "Mga ruta na nakafilter (%s)",
	"gui.mtr.filtered_routes_condition": "Ang mga tren lamang na nasa mga rutang ito ang mag papagana sa block na ito",
	"gui.mtr.filtered_routes_empty": "Lahat ng tren ay mag papagana sa block na ito",
	"gui.mtr.game_time": "Oras sa Laro",
	"gui.mtr.generate_map": "I-generate ang route map",
	"gui.mtr.generating_path": "Binubuo ang Daan",
	"gui.mtr.hide_arrival": "Itago ang Pagdating",
	"gui.mtr.insufficient_balance": "Hindi sapat ang balance ($%s)",
	"gui.mtr.interchange_announcement": "Interchange na istasyon para sa %s.",
	"gui.mtr.interchange_announcement_cjk": "乘客可以轉乘%s。",
	"gui.mtr.invalid_orientation": "Hindi ma i-connect ang riles; invalid na oryentasyon",
	"gui.mtr.is_anticlockwise_route": "Ay Anticlockwise na Rutang Bilog",
	"gui.mtr.is_clockwise_route": "Ay Clockwise na Rutang Bilog",
	"gui.mtr.is_light_rail_route": "May Numero ng Ruta",
	"gui.mtr.is_manual": "Mada-drive na Sasakyan",
	"gui.mtr.is_route_hidden": "Itago ang Ruta",
	"gui.mtr.last_airplane_station": "Ang flight na ito ay papuntang %s",
	"gui.mtr.last_airplane_station_cjk": "本航班往%s",
	"gui.mtr.last_boat_station": "Ang barko na ito ay papuntang %s",
	"gui.mtr.last_boat_station_cjk": "本渡輪往%s",
	"gui.mtr.last_cable_car_station": "Ang cable car na ito ay papuntang %s",
	"gui.mtr.last_cable_car_station_cjk": "本纜車往%s",
	"gui.mtr.last_train_station": "Ang tren na ito ay papunta sa %s",
	"gui.mtr.last_train_station_cjk": "本列車往%s",
	"gui.mtr.left": "Kaliwa",
	"gui.mtr.lift_buttons_locked": "Buttons Locked",
	"gui.mtr.lift_buttons_unlocked": "Buttons Unlocked",
	"gui.mtr.lift_floor_description": "Paglalarawan",
	"gui.mtr.lift_floor_number": "Bilang ng Palapag",
	"gui.mtr.lift_is_double_sided": "Dalawang Panig",
	"gui.mtr.lift_should_ding": "I-play ang \"Ding\" na Tunog",
	"gui.mtr.lift_style": "Style: %s",
	"gui.mtr.lift_style_opaque": "Opaque",
	"gui.mtr.lift_style_transparent": "Transparent",
	"gui.mtr.lift_track_required": "Lift / Elevator Tracks Required",
	"gui.mtr.light_rail_route_announcement": "Ito ay ruta %s papuntang %s.",
	"gui.mtr.light_rail_route_announcement_cjk": "本班為%s綫列車前往%s。",
	"gui.mtr.light_rail_route_number": "Bilang ng Ruta",
	"gui.mtr.london_train_interchange_announcement": "Lumipat dito para sa %s.",
	"gui.mtr.london_train_interchange_announcement_cjk": "乘客可在該站轉乘%s。",
	"gui.mtr.london_train_next_station_announcement": "Ang susunod na istasyon ay %s.",
	"gui.mtr.london_train_next_station_announcement_cjk": "下一站是%s。",
	"gui.mtr.london_train_route_announcement": "Ito ay ang %s train na mag teterminate sa %s.",
	"gui.mtr.london_train_route_announcement_cjk": "本班為%s列車前往%s。",
	"gui.mtr.london_train_terminating_announcement": "Hihinto ang tren dito.",
	"gui.mtr.london_train_terminating_announcement_cjk": "列車以本站為終點站。",
	"gui.mtr.london_train_this_station_announcement": "Ang istasyon na ito ay %s.",
	"gui.mtr.london_train_this_station_announcement_cjk": "本站是%s。",
	"gui.mtr.manual_to_automatic_time": "Drivable Timeout",
	"gui.mtr.max_manual_speed": "Maximum Drive Speed",
	"gui.mtr.max_vehicles": "Pinakamataas na dami ng sasakyan sa siding",
	"gui.mtr.mismatched_versions": "Paki-update ang Minecraft Transit Railway mod at tignan muli.",
	"gui.mtr.mismatched_versions_server_version": "Bersyon ng Server: %s",
	"gui.mtr.mismatched_versions_your_version": "Ang Iyong Bersyon: %s",
	"gui.mtr.moving_only": "Umaandar na mga sasakyan lamang",
	"gui.mtr.mtr_options": "Mga Opsyon ng Minecraft Transit Railway",
	"gui.mtr.name": "Pangalan",
	"gui.mtr.next_departure": "Tinatayang sunod na pag-alis ng tren: %s",
	"gui.mtr.next_departure_none": "Walang naka-iskedyul na pag-alis ng tren",
	"gui.mtr.next_route_airplane_announcement": "Ang flight na ito ay papalitan ng %s papuntang %s.",
	"gui.mtr.next_route_airplane_announcement_cjk": "本航班會改為%s前往%s。",
	"gui.mtr.next_route_boat_announcement": "Ang barko na ito ay papalitan ng %s papuntang %s.",
	"gui.mtr.next_route_boat_announcement_cjk": "本渡輪會改為%s前往%s。",
	"gui.mtr.next_route_boat_light_rail_announcement": "Ang rutang ito ay papalitan ng ruta %s. Mga pasahero sa %s, sumakay sa barko na ito.",
	"gui.mtr.next_route_boat_light_rail_announcement_cjk": "本渡輪會改為%s路綫。前往%s沿途各站之乘客，可乘本渡輪。",
	"gui.mtr.next_route_cable_car_announcement": "Ang cable car na ito ay papalitan ng %s papuntang %s.",
	"gui.mtr.next_route_cable_car_announcement_cjk": "本纜車會改為%s前往%s。",
	"gui.mtr.next_route_train_announcement": "Ang tren na ito ay papalitan ng %s papuntang %s.",
	"gui.mtr.next_route_train_announcement_cjk": "本班車會改為%s前往%s。",
	"gui.mtr.next_route_train_light_rail_announcement": "Ang rutang ito ay papalitan ng ruta %s. Mga pasahero sa %s, sumakay sa tren na ito.",
	"gui.mtr.next_route_train_light_rail_announcement_cjk": "本班車會改為%s路綫。前往%s沿途各站之乘客，可乘本列車。",
	"gui.mtr.next_station": "Ang susunod na istasyon ay %s",
	"gui.mtr.next_station_announcement": "Susunod na istasyon: %s.",
	"gui.mtr.next_station_announcement_cjk": "下一站：%s。",
	"gui.mtr.next_station_cjk": "下一站是%s",
	"gui.mtr.next_station_light_rail_announcement": "Susunod na istasyon: %s.",
	"gui.mtr.next_station_light_rail_announcement_cjk": "下一站：%s。",
	"gui.mtr.no_lift_tracks_floor_found": "No Lift / Elevator Floor Tracks Found",
	"gui.mtr.offset_x": "Offset X: %s",
	"gui.mtr.offset_y": "Offset Y: %s",
	"gui.mtr.offset_z": "Offset Z: %s",
	"gui.mtr.part_blacklisted_cars": "Naka-blacklist na mga Car",
	"gui.mtr.part_display_cjk_size_ratio": "CJK Size: %s",
	"gui.mtr.part_display_force_single_line": "Force Single Line",
	"gui.mtr.part_display_force_upper_case": "Force Upper Case",
	"gui.mtr.part_display_should_scroll": "Scrolling Text",
	"gui.mtr.part_display_text_color": "Kulay",
	"gui.mtr.part_display_text_color_cjk": "CJK/Non-CJK Colour",
	"gui.mtr.part_display_type_destination": "Type: Destination",
	"gui.mtr.part_display_type_next_station_kcr": "Type: Next Station (KCR)",
	"gui.mtr.part_display_type_next_station_mtr": "Type: Next Station (MTR)",
	"gui.mtr.part_display_type_next_station_plain": "Type: Next Station",
	"gui.mtr.part_display_type_next_station_uk": "Type: Next Station (UK)",
	"gui.mtr.part_display_type_route_number": "Type: Route Number",
	"gui.mtr.part_display_x_padding": "X Padding: %s",
	"gui.mtr.part_display_y_padding": "Y Padding: %s",
	"gui.mtr.part_door_offset_left_negative": "Offset ng Pintuan: -Kaliwa",
	"gui.mtr.part_door_offset_left_positive": "Offset ng Pintuan: +Kaliwa",
	"gui.mtr.part_door_offset_none": "Offset ng Pintuan: Wala",
	"gui.mtr.part_door_offset_right_negative": "Offset ng Pintuan: -Kanan",
	"gui.mtr.part_door_offset_right_positive": "Offset ng Pintuan: +Kanan",
	"gui.mtr.part_is_display": "Is Display",
	"gui.mtr.part_mirror": "Naka-mirror",
	"gui.mtr.part_positions": "Mga Posisyon",
	"gui.mtr.part_render_condition_all": "I-render: Lagi",
	"gui.mtr.part_render_condition_door_left_closed": "I-render: Nakasarado ang Kaliwang Pintuan",
	"gui.mtr.part_render_condition_door_left_open": "I-render: Nakabukas ang Kaliwang Pintuan",
	"gui.mtr.part_render_condition_door_right_closed": "I-render: Nakasarado ang Kanang Pintuan",
	"gui.mtr.part_render_condition_door_right_open": "I-render: Nakabukas ang Kanang Pintuan",
	"gui.mtr.part_render_condition_doors_closed": "I-render: Nakasarado ang Pintuan",
	"gui.mtr.part_render_condition_doors_open": "I-render: Nakabukas ang Pintuan",
	"gui.mtr.part_render_condition_moving_backwards": "Render: Moving Backwards",
	"gui.mtr.part_render_condition_moving_forwards": "Render: Moving Forwards",
	"gui.mtr.part_skip_rendering_if_too_far": "Itago Kapag Malayo",
	"gui.mtr.part_stage_always_on_lights": "Mga Ilaw (Laging Nakabukas)",
	"gui.mtr.part_stage_exterior": "Labas",
	"gui.mtr.part_stage_interior": "Loob",
	"gui.mtr.part_stage_interior_translucent": "Interior (Translucent)",
	"gui.mtr.part_stage_lights": "Mga Ilaw",
	"gui.mtr.part_whitelisted_cars": "Naka-whitelist na mga Car",
	"gui.mtr.path_found": "Tagumpay na nabuo ang daan",
	"gui.mtr.path_not_found_between": "Walang Daan na Nahanap sa|> %s|sa Pagitan ng|> %s|at|> %s|",
	"gui.mtr.path_not_generated": "Hindi nabuo ang daan",
	"gui.mtr.percentage_complete_bridge": "Ginagawa ang Tulay (%s%%)",
	"gui.mtr.percentage_complete_tunnel": "Ginagawa ang Lagusan (%s%%)",
	"gui.mtr.percentage_complete_tunnel_wall": "Ginagawa ang Pader ng Lagusan (%s%%)",
	"gui.mtr.pids_message": "Sariling mensahe sa PIDS",
	"gui.mtr.platform": "Platform %s",
	"gui.mtr.platform_number": "Bilang ng Platform",
	"gui.mtr.platform_or_siding_exists": "Ang isang rail node ay pwede lamang i-konekta sa iisang platform o siding",
	"gui.mtr.press_to_select_floor": "Pindutin ang %s upang pumili ng palapag",
	"gui.mtr.psd_apg_door_locked": "Naka-lock ang Pintuan",
	"gui.mtr.psd_apg_door_unlocked": "Hindi Naka-lock ang Pintuan",
	"gui.mtr.radius_too_small": "Hindi ma-iconnect ang riles; ang radius ay dapat 2 o pataas",
	"gui.mtr.rail_action_bridge": "Tulay gawa ni %s (%s bloke ang haba, %s)",
	"gui.mtr.rail_action_tunnel": "Lagusan gawa ni %s (%s bloke ang haba)",
	"gui.mtr.rail_action_tunnel_wall": "Pader ng Lagusan gawa ni %s (%s bloke ang haba, %s)",
	"gui.mtr.rail_actions": "Kasalukuyang Build Operations",
	"gui.mtr.rail_actions_button": "Mga Operasyon...",
	"gui.mtr.rail_not_found": "Hindi makagawa ng signal; walang riles na nahanap",
	"gui.mtr.rail_not_found_action": "Hindi maitupad ang aksyon; walang riles na nahanap",
	"gui.mtr.refresh_path": "I-refresh ang daanan",
	"gui.mtr.repeat_indefinitely": "Ulitin ang mga Instructions Habang Buhay",
	"gui.mtr.reset_sign": "I-reset",
	"gui.mtr.right": "Kanan",
	"gui.mtr.rotate_anticlockwise": "Paikutin Anticlockwise",
	"gui.mtr.rotate_clockwise": "Paikutin Clockwise",
	"gui.mtr.route_color": "Kulay ng Ruta",
	"gui.mtr.route_name": "Pangalan ng Ruta",
	"gui.mtr.route_type_boat_high_speed": "Uri: Mabilis na Ferry",
	"gui.mtr.route_type_boat_light_rail": "Uri: Barko",
	"gui.mtr.route_type_boat_normal": "Uri: Ferry",
	"gui.mtr.route_type_train_high_speed": "Uri: Mabilis na Tren",
	"gui.mtr.route_type_train_light_rail": "Uri: Light Rail",
	"gui.mtr.route_type_train_normal": "Uri: Normal",
	"gui.mtr.routes": "mga Ruta",
	"gui.mtr.s": "s",
	"gui.mtr.schedule_mode_real_time_off": "Iskedyul: Oras sa Minecraft",
	"gui.mtr.schedule_mode_real_time_on": "Iskedyul: Totoong Oras",
	"gui.mtr.search": "Mag-search",
	"gui.mtr.select_all_platforms": "Ipakita ang arrival galing sa lahat ng platform",
	"gui.mtr.selected": "Pinili",
	"gui.mtr.selected_vehicle": "Piniling sasakyan",
	"gui.mtr.separator": "/",
	"gui.mtr.separator_cjk": "/",
	"gui.mtr.settings": "Settings",
	"gui.mtr.siding_number": "Numero ng Siding",
	"gui.mtr.sidings_in_depot": "Mga sidings sa depot na ito: %s",
	"gui.mtr.sound_file": "Sound File",
	"gui.mtr.station": "%s Station",
	"gui.mtr.station_cjk": "%s站",
	"gui.mtr.station_color": "Kulay ng Istasyion",
	"gui.mtr.station_name": "Pangalan ng Istasyion",
	"gui.mtr.stations": "Istasyion",
	"gui.mtr.stopped_only": "Nakatigil na mga sasakyan lamang",
	"gui.mtr.support": "Suportahan",
	"gui.mtr.this_station": "Ang istasyon na ito ay %s",
	"gui.mtr.this_station_cjk": "本站是%s",
	"gui.mtr.to": "papuntang %s",
	"gui.mtr.to_cjk": "往%s",
	"gui.mtr.tph": "/kada oras",
	"gui.mtr.train_schedule_sensor": "Offset ng Pagdating (Segundo)",
	"gui.mtr.transport_mode_airplane": "Uri: Aeroplano",
	"gui.mtr.transport_mode_boat": "Uri: Bangka",
	"gui.mtr.transport_mode_cable_car": "Uri: Cable Car",
	"gui.mtr.transport_mode_train": "Uri: Tren",
	"gui.mtr.unlimited": "Unlimited",
	"gui.mtr.unlimited_vehicles": "Unlimitadong mga Sasakyan",
	"gui.mtr.untitled": "Walang Pangalan",
	"gui.mtr.use_time_and_wind_sync": "Awtomatikong i-sync ang oras gamit ang Time & Wind mod",
	"gui.mtr.used_model_parts": "Used Model Parts",
	"gui.mtr.vehicle_brightness": "Liwanag: %s%%",
	"gui.mtr.vehicle_cars": "Mga Car: %s",
	"gui.mtr.vehicle_direction_backwards": "Direksyon: Paatras",
	"gui.mtr.vehicle_direction_forwards": "Direksyon: Paabante",
	"gui.mtr.vehicle_door_max": "Pinto: %s",
	"gui.mtr.vehicle_length": "Haba: %s",
	"gui.mtr.vehicle_speed": "Bilis: %s m/s (%s km/h)",
	"gui.mtr.vehicle_width": "Lapad: %s",
	"gui.mtr.vehicles_per_hour": "Sasakyan Kada Oras",
	"gui.mtr.welcome_station": "Maligayang pagdating sa %s Station.",
	"gui.mtr.welcome_station_cjk": "歡迎光臨%s站。",
	"gui.mtr.zone": "Sona ng Pamasahe",
	"gui.mtr.zone_number": "Sona %s",
	"item.mtr.apg_door": "Automatikong Platform Gates",
	"item.mtr.apg_glass": "Automatikong Platform Gates",
	"item.mtr.apg_glass_end": "Automatikong Platform Gates",
	"item.mtr.bridge_creator_3": "Taga-gawa ng tulay",
	"item.mtr.bridge_creator_5": "Taga-gawa ng tulay",
	"item.mtr.bridge_creator_7": "Taga-gawa ng tulay",
	"item.mtr.bridge_creator_9": "Taga-gawa ng tulay",
	"item.mtr.brush": "Brush",
	"item.mtr.dashboard": "Dashboard pang daang-bakal",
	"item.mtr.dashboard_2": "Dashboard pang bangka",
	"item.mtr.dashboard_3": "Dashboard ng Cable Car",
	"item.mtr.dashboard_4": "Flight Dashboard",
	"item.mtr.driver_key": "Susi ng Nagmamaneho",
	"item.mtr.escalator": "Eskalator",
	"item.mtr.lift_buttons_link_connector": "Lift / Elevator Buttons Link Connector",
	"item.mtr.lift_buttons_link_remover": "Lift / Elevator Buttons Link Remover",
	"item.mtr.lift_door_1": "Lift / Elevator Doors",
	"item.mtr.lift_door_odd_1": "Lift / Elevator Doors",
	"item.mtr.lift_refresher": "Lift / Elevator Refresher",
	"item.mtr.psd_door": "Platform Screen Doors",
	"item.mtr.psd_door_2": "Platform Screen Doors",
	"item.mtr.psd_glass": "Platform Screen Doors",
	"item.mtr.psd_glass_2": "Platform Screen Doors",
	"item.mtr.psd_glass_end": "Platform Screen Doors",
	"item.mtr.psd_glass_end_2": "Platform Screen Doors",
	"item.mtr.rail_connector_120": "Obsidian na Rail Connector",
	"item.mtr.rail_connector_120_one_way": "Obsidian Rail Connector (One-way)",
	"item.mtr.rail_connector_160": "Blaze na Rail Connector",
	"item.mtr.rail_connector_160_one_way": "Blaze Rail Connector (One-way)",
	"item.mtr.rail_connector_20": "Kahoy na Rail Connector",
	"item.mtr.rail_connector_200": "Quartz na Rail Connector",
	"item.mtr.rail_connector_200_one_way": "Quartz Rail Connector (One-way)",
	"item.mtr.rail_connector_20_one_way": "Wooden Rail Connector (One-way)",
	"item.mtr.rail_connector_300": "Brilyanteng Rail Connector",
	"item.mtr.rail_connector_300_one_way": "Diamond Rail Connector (One-way)",
	"item.mtr.rail_connector_40": "Bato na Rail Connector",
	"item.mtr.rail_connector_40_one_way": "Stone Rail Connector (One-way)",
	"item.mtr.rail_connector_60": "Esmeralda na Rail Connector",
	"item.mtr.rail_connector_60_one_way": "Emerald Rail Connector (One-way)",
	"item.mtr.rail_connector_80": "Bakal na Rail Connector",
	"item.mtr.rail_connector_80_one_way": "Iron Rail Connector (One-way)",
	"item.mtr.rail_connector_cable_car": "Cable Car Connector",
	"item.mtr.rail_connector_platform": "Platform na Rail Connector",
	"item.mtr.rail_connector_runway": "Runway Rail Connector",
	"item.mtr.rail_connector_siding": "Siding na Rail Connector",
	"item.mtr.rail_connector_turn_back": "Turn Back na Rail Connector",
	"item.mtr.rail_remover": "Tagatangal ng Riles",
	"item.mtr.resource_pack_creator": "Taga-gawa ng Resource Pack",
	"item.mtr.signal_connector_black": "Itim na Signal Connector",
	"item.mtr.signal_connector_blue": "Asul na Signal Connector",
	"item.mtr.signal_connector_brown": "Kayumangging Signal Connector",
	"item.mtr.signal_connector_cyan": "Cyan na Signal Connector",
	"item.mtr.signal_connector_gray": "Kulay-abo na Signal Connector",
	"item.mtr.signal_connector_green": "Berdeng Signal Connector",
	"item.mtr.signal_connector_light_blue": "Mapusyaw na Asul na Signal Connector",
	"item.mtr.signal_connector_light_gray": "Mapusyaw na Kulay-abo na Signal Connector",
	"item.mtr.signal_connector_lime": "Lime na Signal Connector",
	"item.mtr.signal_connector_magenta": "Magenta na Signal Connector",
	"item.mtr.signal_connector_orange": "Kahel na Signal Connector",
	"item.mtr.signal_connector_pink": "Kulay Rosas na Signal Connector",
	"item.mtr.signal_connector_purple": "Lila na Signal Connector",
	"item.mtr.signal_connector_red": "Pulang Signal Connector",
	"item.mtr.signal_connector_white": "Puting Signal Connector",
	"item.mtr.signal_connector_yellow": "Dilaw na Signal Connector",
	"item.mtr.signal_remover_black": "Itim na Signal Remover",
	"item.mtr.signal_remover_blue": "Asul na Signal Remover",
	"item.mtr.signal_remover_brown": "Kayumangging Signal Remover",
	"item.mtr.signal_remover_cyan": "Cyan na Signal Remover",
	"item.mtr.signal_remover_gray": "Kulay-abo na Signal Remover",
	"item.mtr.signal_remover_green": "Berdeng Signal Remover",
	"item.mtr.signal_remover_light_blue": "Mapusyaw na Asul Signal Remover",
	"item.mtr.signal_remover_light_gray": "Mapusyaw na Kulay-abo Signal Remover",
	"item.mtr.signal_remover_lime": "Lime na Signal Remover",
	"item.mtr.signal_remover_magenta": "Magenta na Signal Remover",
	"item.mtr.signal_remover_orange": "Kahel na Signal Remover",
	"item.mtr.signal_remover_pink": "Kulay Rosas na Signal Remover",
	"item.mtr.signal_remover_purple": "Lila na Signal Remover",
	"item.mtr.signal_remover_red": "Pulang Signal Remover",
	"item.mtr.signal_remover_white": "Puting Signal Remover",
	"item.mtr.signal_remover_yellow": "Dilaw Signal Remover",
	"item.mtr.tunnel_creator_4_3": "Taga-gawa ng Lagusan",
	"item.mtr.tunnel_creator_4_5": "Taga-gawa ng Lagusan",
	"item.mtr.tunnel_creator_4_7": "Taga-gawa ng Lagusan",
	"item.mtr.tunnel_creator_4_9": "Taga-gawa ng Lagusan",
	"item.mtr.tunnel_creator_5_3": "Taga-gawa ng Lagusan",
	"item.mtr.tunnel_creator_5_5": "Taga-gawa ng Lagusan",
	"item.mtr.tunnel_creator_5_7": "Taga-gawa ng Lagusan",
	"item.mtr.tunnel_creator_5_9": "Taga-gawa ng Lagusan",
	"item.mtr.tunnel_creator_6_3": "Taga-gawa ng Lagusan",
	"item.mtr.tunnel_creator_6_5": "Taga-gawa ng Lagusan",
	"item.mtr.tunnel_creator_6_7": "Taga-gawa ng Lagusan",
	"item.mtr.tunnel_creator_6_9": "Taga-gawa ng Lagusan",
	"item.mtr.tunnel_wall_creator_4_3": "Taga-gawa ng Pader ng Lagusan",
	"item.mtr.tunnel_wall_creator_4_5": "Taga-gawa ng Pader ng Lagusan",
	"item.mtr.tunnel_wall_creator_4_7": "Taga-gawa ng Pader ng Lagusan",
	"item.mtr.tunnel_wall_creator_4_9": "Taga-gawa ng Pader ng Lagusan",
	"item.mtr.tunnel_wall_creator_5_3": "Taga-gawa ng Pader ng Lagusan",
	"item.mtr.tunnel_wall_creator_5_5": "Taga-gawa ng Pader ng Lagusan",
	"item.mtr.tunnel_wall_creator_5_7": "Taga-gawa ng Pader ng Lagusan",
	"item.mtr.tunnel_wall_creator_5_9": "Taga-gawa ng Pader ng Lagusan",
	"item.mtr.tunnel_wall_creator_6_3": "Taga-gawa ng Pader ng Lagusan",
	"item.mtr.tunnel_wall_creator_6_5": "Taga-gawa ng Pader ng Lagusan",
	"item.mtr.tunnel_wall_creator_6_7": "Taga-gawa ng Pader ng Lagusan",
	"item.mtr.tunnel_wall_creator_6_9": "Taga-gawa ng Pader ng Lagusan",
	"itemGroup.mtr.core": "Minecraft Transit Railway Core",
	"itemGroup.mtr.escalators_lifts": "Escalators and Lifts / Elevators",
	"itemGroup.mtr.railway_facilities": "Pasilidad ng Daang-bakal",
	"itemGroup.mtr.station_building_blocks": "Station Building Blocks",
	"key.mtr.debug_1_negative": "Debug Field 1 (Bawas)",
	"key.mtr.debug_1_positive": "Debug Field 1 (Dagdag)",
	"key.mtr.debug_2_negative": "Debug Field 2 (Bawas)",
	"key.mtr.debug_2_positive": "Debug Field 2 (Dagdag)",
	"key.mtr.debug_3_negative": "Debug Field 3 (Bawas)",
	"key.mtr.debug_3_positive": "Debug Field 3 (Dagdag)",
	"key.mtr.debug_cycle_negative": "Cycle Debug Category (Backwards)",
	"key.mtr.debug_cycle_positive": "Cycle Debug Category (Forwards)",
	"key.mtr.lift_menu": "Open Lift / Elevator Floor Selection",
	"key.mtr.train_accelerate": "Accelerate Vehicle",
	"key.mtr.train_brake": "Brake Vehicle",
	"key.mtr.train_toggle_doors": "I-toggle ang mga Pintuan",
	"options.mtr.anonymous": "Hindi kilala",
	"options.mtr.dynamic_texture_resolution": "Dynamic texture resolution (Maaring mag-crash kapag mataas ang value!)",
	"options.mtr.hide_special_rail_colors": "Itago ang mga espesyal na kulay ng mga riles",
	"options.mtr.hide_translucent_parts": "Itago ang mga translucent na parts sa mga sasakyan",
	"options.mtr.language_options": "Language display on signs",
	"options.mtr.language_options_0": "Default",
	"options.mtr.language_options_1": "CJK Only",
	"options.mtr.language_options_2": "Non-CJK",
	"options.mtr.off": "Patay",
	"options.mtr.on": "Bukas",
	"options.mtr.shift_to_toggle_sitting": "Gamitin ang %s upang i-toggle ang pag-upo sa loob ng mga sasakyan",
	"options.mtr.show_announcement_messages": "Ipakita ang \"susunod na istasyion\" na mensahe sa chat",
	"options.mtr.support_patreon": "Suportahan ang mod sa Patreon!",
	"options.mtr.track_texture_offset": "Track Texture Offset",
	"options.mtr.use_dynamic_fps": "Dynamically boost FPS",
	"options.mtr.use_mtr_font": "Gamitin ang custom MTR fonts (maaring hindi gumana sa ibang mga kompyuter)",
	"options.mtr.use_tts_announcements": "I-enable ang \"susunod na istasyon\" na text-to-speech na anunsyo",
	"options.mtr.vehicle_render_distance_ratio": "Ratio ng rendering ng sasakyan at Minecraft render distance",
	"sign.mtr.airport": "Paliparan",
	"sign.mtr.airport_arrivals": "Arrivals",
	"sign.mtr.airport_arrivals_cjk": "抵港",
	"sign.mtr.airport_cjk": "機場",
	"sign.mtr.airport_departures": "Departures",
	"sign.mtr.airport_departures_cjk": "離港",
	"sign.mtr.airport_express": "Mga tren pa-Paliparan",
	"sign.mtr.airport_express_city": "Mga tren papuntang bayan",
	"sign.mtr.airport_express_city_cjk": "往市區列車",
	"sign.mtr.airport_express_cjk": "往機場列車",
	"sign.mtr.airport_transfer": "Transfer",
	"sign.mtr.airport_transfer_cjk": "轉機",
	"sign.mtr.baggage_claim": "Baggage Claim",
	"sign.mtr.baggage_claim_cjk": "提取行李",
	"sign.mtr.boat": "Mga Ferry",
	"sign.mtr.boat_cjk": "渡輪",
	"sign.mtr.cable_car": "Mga Cable Car",
	"sign.mtr.cable_car_cjk": "纜車",
	"sign.mtr.check_in_passengers": "Pasaherong magcheck-in",
	"sign.mtr.check_in_passengers_cjk": "登機乘客",
	"sign.mtr.cross": "Bawal Pumasok",
	"sign.mtr.cross_cjk": "不准進入",
	"sign.mtr.customer_service_centre": "Customer Service Centre",
	"sign.mtr.customer_service_centre_cjk": "客務中心",
	"sign.mtr.emergency_exit": "Labasang Pangemergency",
	"sign.mtr.emergency_exit_cjk": "緊急出口",
	"sign.mtr.escalator_to_concourse_down": "Papuntang Concourse Lamang",
	"sign.mtr.escalator_to_concourse_down_cjk": "直落大堂",
	"sign.mtr.escalator_to_concourse_up": "Papuntang Concourse Lamang",
	"sign.mtr.escalator_to_concourse_up_cjk": "直上大堂",
	"sign.mtr.female": "Palikurang pang Babae",
	"sign.mtr.female_cjk": "女洗手間",
	"sign.mtr.in_town_check_in": "In-town Check-in",
	"sign.mtr.in_town_check_in_cjk": "市區預辦登機",
	"sign.mtr.lift_1": "Elebeytor",
	"sign.mtr.lift_1_cjk": "升降機",
	"sign.mtr.lift_2": "Elebeytor",
	"sign.mtr.lift_2_cjk": "升降機",
	"sign.mtr.light_rail_1": "Magaang Riles",
	"sign.mtr.light_rail_1_cjk": "輕鐵",
	"sign.mtr.light_rail_2": "Magaang Riles",
	"sign.mtr.light_rail_2_cjk": "輕鐵",
	"sign.mtr.light_rail_3": "Magaang Riles",
	"sign.mtr.light_rail_3_cjk": "輕鐵",
	"sign.mtr.light_rail_4": "Magaang Riles",
	"sign.mtr.light_rail_4_cjk": "輕鐵",
	"sign.mtr.logo": "Minecraft Transit Railway",
	"sign.mtr.logo_cjk": "我的世界鐵路",
	"sign.mtr.male": "Palikurang pang Lalaki",
	"sign.mtr.male_cjk": "男洗手間",
	"sign.mtr.platform": "Platform",
	"sign.mtr.platform_cjk": "月台",
	"sign.mtr.sp1900": "Mga Tren",
	"sign.mtr.sp1900_cjk": "列車",
	"sign.mtr.station": "Istasyon",
	"sign.mtr.station_cjk": "車站",
	"sign.mtr.tickets": "Tiket",
	"sign.mtr.tickets_cjk": "車票",
	"sign.mtr.toilets": "Palikuran",
	"sign.mtr.toilets_cjk": "洗手間",
	"sign.mtr.train": "Mga Tren",
	"sign.mtr.train_cjk": "列車",
	"sign.mtr.train_old": "Mga Tren",
	"sign.mtr.train_old_cjk": "列車",
	"sign.mtr.wheelchair": "Palikuran",
	"sign.mtr.wheelchair_cjk": "洗手間",
	"sign.mtr.wifi": "Libreng Wi-Fi Hotspot",
	"sign.mtr.wifi_cjk": "免費Wi-Fi熱點",
	"sign.mtr.xrl_1": "Mabilis na Tren",
	"sign.mtr.xrl_1_cjk": "高速鐵路",
	"sign.mtr.xrl_2": "Mabilis na Tren",
	"sign.mtr.xrl_2_cjk": "高速鐵路",
	"sign.mtr.yellow_head_1": "Mga Tren",
	"sign.mtr.yellow_head_1_cjk": "火車",
	"sign.mtr.yellow_head_2": "Mga Tren",
	"sign.mtr.yellow_head_2_cjk": "火車",
	"tooltip.block.mtr.glass_fence_cio": "City One",
	"tooltip.block.mtr.glass_fence_ckt": "Che Kung Temple",
	"tooltip.block.mtr.glass_fence_heo": "Heng On",
	"tooltip.block.mtr.glass_fence_mos": "Ma On Shan",
	"tooltip.block.mtr.glass_fence_plain": "Salamin",
	"tooltip.block.mtr.glass_fence_shm": "Shek Mun",
	"tooltip.block.mtr.glass_fence_stained": "Tintadong Salamin",
	"tooltip.block.mtr.glass_fence_stw": "Sha Tin Wai",
	"tooltip.block.mtr.glass_fence_tsh": "Tai Shui Hang",
	"tooltip.block.mtr.glass_fence_wks": "Wu Kai Sha",
	"tooltip.mtr.cable_car_node": "Walang platform at sidings\nDiretso na koneksyon lamang",
	"tooltip.mtr.cable_car_node_station": "Ang mga plataporma at mga sidings ay maaring gawin\nAng mga kurba ay maaring gawin",
	"tooltip.mtr.pole_placement": "Dapat ilagay sa taas ng isang\n%s",
	"tooltip.mtr.psd_apg_door": "Seksyon ng Pintuan",
	"tooltip.mtr.psd_apg_door_2": "Seksyon ng Pintuan",
	"tooltip.mtr.psd_apg_glass": "Seksyon ng Pintuan",
	"tooltip.mtr.psd_apg_glass_2": "Seksyon ng Pintuan",
	"tooltip.mtr.psd_apg_glass_end": "Dulong Seksyon ng Pintuan",
	"tooltip.mtr.rail_action_depth": "Lalim: %s",
	"tooltip.mtr.rail_action_height": "Taas: %s",
	"tooltip.mtr.rail_action_width": "Lapad: %s",
	"tooltip.mtr.rail_speed_limit": "Limit ng Bilis: %s",
	"tooltip.mtr.railway_sign_even": "Oryentasyon: Even",
	"tooltip.mtr.railway_sign_length": "Haba: %s",
	"tooltip.mtr.railway_sign_odd": "Oryentasyon: Odd",
	"tooltip.mtr.selected_block": "Selected na Block: %s",
	"tooltip.mtr.selected_material": "Selektadong Materyales: %s",
	"tooltip.mtr.shift_right_click_to_clear": "I-hold ang %s at gamitin sa %s para i-reset",
	"tooltip.mtr.shift_right_click_to_select_material": "Hold %s and use on|a block to select material",
	"tooltip.mtr.station_color": "Ang kulay ay nakadepende sa istasyion",
	"tooltip.mtr.station_color_name": "Ang kulay at text ay nakadepende sa istasyion",
	"train.mtr.a320": "Airbus A320",
	"train.mtr.a_train_ael": "CAF Airport Express",
	"train.mtr.a_train_ael_mini": "CAF Airport Express (Munti)",
	"train.mtr.a_train_tcl": "CAF Tung Chung Line",
	"train.mtr.a_train_tcl_mini": "CAF Tung Chung Line (Munti)",
	"train.mtr.a_train_tcl_small": "CAF Tung Chung Line (Maliit)",
	"train.mtr.acacia_boat": "Bangka na Acacia",
	"train.mtr.birch_boat": "Bangka na Birch",
	"train.mtr.br_423": "DB BR 423",
	"train.mtr.c1141a": "1141A / TML C-Train",
	"train.mtr.c1141a_mini": "1141A / TML C-Train (Munti)",
	"train.mtr.c1141a_small": "1141A / TML C-Train (Maliit)",
	"train.mtr.c_train": "C-Train",
	"train.mtr.c_train_mini": "C-Train (Munti)",
	"train.mtr.c_train_small": "C-Train (Maliit)",
	"train.mtr.class_377_southern": "British Rail Class 377 (Southern)",
	"train.mtr.class_802_gwr": "British Rail Class 802 (GWR)",
	"train.mtr.class_802_gwr_mini": "British Rail Class 802 (GWR, Munti)",
	"train.mtr.class_802_tpe": "British Rail Class 802 (TPE)",
	"train.mtr.class_802_tpe_mini": "British Rail Class 802 (TPE, Munti)",
	"train.mtr.cm_stock": "Metro-Cammell Train (Unrefurbished na M-Train)",
	"train.mtr.cm_stock_mini": "Metro-Cammell Train (Unrefurbished na M-Train, Munti)",
	"train.mtr.cm_stock_small": "Metro-Cammell Train (Unrefurbished na M-Train, Maliit)",
	"train.mtr.dark_oak_boat": "Bangka na Dark Oak",
	"train.mtr.drl": "Disneyland Resort Line Train",
	"train.mtr.e44": "KCR E44 (Yellow Head)",
	"train.mtr.e44_mini": "KCR E44 (Yellow Head, Munti)",
	"train.mtr.flying_minecart": "Lumilipad na Minecart",
	"train.mtr.jungle_boat": "Bangka na Jungle",
	"train.mtr.k_train": "K-Train",
	"train.mtr.k_train_ael": "K-Train Airport Express",
	"train.mtr.k_train_ael_mini": "K-Train Airport Express (Munti)",
	"train.mtr.k_train_ael_small": "K-Train Airport Express (Maliit)",
	"train.mtr.k_train_mini": "K-Train (Munti)",
	"train.mtr.k_train_small": "K-Train (Maliit)",
	"train.mtr.k_train_tcl": "K-Train Tung Chung Line",
	"train.mtr.k_train_tcl_mini": "K-Train Tung Chung Line (Munti)",
	"train.mtr.k_train_tcl_small": "K-Train Tung Chung Line (Maliit)",
	"train.mtr.light_rail_1": "Light Rail (Phase 1, LHT)",
	"train.mtr.light_rail_1_orange": "Light Rail (Phase 1, Kahel na Livery, LHT)",
	"train.mtr.light_rail_1_orange_rht": "Light Rail (Phase 1, Kahel na Livery, RHT)",
	"train.mtr.light_rail_1_rht": "Light Rail (Phase 1, RHT)",
	"train.mtr.light_rail_1r": "Light Rail (Phase 1 Refurbished, LHT)",
	"train.mtr.light_rail_1r_old": "Light Rail (Phase 1 Refurbished, Asul na Livery, LHT)",
	"train.mtr.light_rail_1r_old_rht": "Light Rail (Phase 1 Refurbished, Asul na Livery, RHT)",
	"train.mtr.light_rail_1r_orange": "Light Rail (Phase 1 Refurbished, Kahel na Livery, LHT)",
	"train.mtr.light_rail_1r_orange_rht": "Light Rail (Phase 1 Refurbished, Kahel na Livery, RHT)",
	"train.mtr.light_rail_1r_rht": "Light Rail (Phase 1 Refurbished, RHT)",
	"train.mtr.light_rail_2": "Light Rail (Phase 2, LHT)",
	"train.mtr.light_rail_2r": "Light Rail (Phase 2 Refurbished, LHT)",
	"train.mtr.light_rail_2r_rht": "Light Rail (Phase 2 Refurbished, RHT)",
	"train.mtr.light_rail_2_orange": "Light Rail (Phase 2, Kahel na Livery, LHT)",
	"train.mtr.light_rail_2_orange_rht": "Light Rail (Phase 2, Kahel na Livery, RHT)",
	"train.mtr.light_rail_2_rht": "Light Rail (Phase 2, RHT)",
	"train.mtr.light_rail_3": "Light Rail (Phase 3, LHT)",
	"train.mtr.light_rail_3r": "Light Rail (Phase 3 Refurbished, LHT)",
	"train.mtr.light_rail_3r_rht": "Light Rail (Phase 3 Refurbished, RHT)",
	"train.mtr.light_rail_3_orange": "Light Rail (Phase 3, Kahel na Livery, LHT)",
	"train.mtr.light_rail_3_orange_rht": "Light Rail (Phase 3, Kahel na Livery, RHT)",
	"train.mtr.light_rail_3_rht": "Light Rail (Phase 3, RHT)",
	"train.mtr.light_rail_4": "Light Rail (Phase 4, LHT)",
	"train.mtr.light_rail_4_old": "Light Rail (Phase 4, Asul na Livery, LHT)",
	"train.mtr.light_rail_4_old_rht": "Light Rail (Phase 4, Asul na Livery, RHT)",
	"train.mtr.light_rail_4_orange": "Light Rail (Phase 4, Kahel na Livery, LHT)",
	"train.mtr.light_rail_4_orange_rht": "Light Rail (Phase 4, Kahel na Livery, RHT)",
	"train.mtr.light_rail_4_rht": "Light Rail (Phase 4, RHT)",
	"train.mtr.light_rail_5": "Light Rail (Phase 5, LHT)",
	"train.mtr.light_rail_5_old": "Light Rail (Phase 5, Asul na Livery, LHT)",
	"train.mtr.light_rail_5_old_rht": "Light Rail (Phase 5, Asul na Livery, RHT)",
	"train.mtr.light_rail_5_orange": "Light Rail (Phase 5, Kahel na Livery, LHT)",
	"train.mtr.light_rail_5_orange_rht": "Light Rail (Phase 5, Kahel na Livery, RHT)",
	"train.mtr.light_rail_5_rht": "Light Rail (Phase 5, RHT)",
	"train.mtr.london_underground_1995": "London Underground 1995 Stock",
	"train.mtr.london_underground_1996": "London Underground 1996 Stock",
	"train.mtr.london_underground_d78": "London Underground D78 Stock",
	"train.mtr.london_underground_d78_mini": "London Underground D78 Stock (Munti)",
	"train.mtr.m_train": "M-Train",
	"train.mtr.m_train_mini": "M-Train (Munti)",
	"train.mtr.m_train_small": "M-Train (Maliit)",
	"train.mtr.minecart": "Minecart",
	"train.mtr.mlr": "MLR Train",
	"train.mtr.mlr_christmas": "MLR Train Christmas Edition",
	"train.mtr.mlr_christmas_mini": "MLR Train Christmas Edition (Mini)",
	"train.mtr.mlr_christmas_small": "MLR Train Christmas Edition (Small)",
	"train.mtr.mlr_mini": "MLR Train (Munti)",
	"train.mtr.mlr_small": "MLR Train (Maliit)",
	"train.mtr.mpl_85": "MPL 85",
	"train.mtr.ngong_ping_360_crystal": "Ngong Ping 360 Crystal Cabin (LHT)",
	"train.mtr.ngong_ping_360_crystal_rht": "Ngong Ping 360 Crystal Cabin (RHT)",
	"train.mtr.ngong_ping_360_crystal_plus": "Ngong Ping 360 Crystal+ Cabin (LHT)",
	"train.mtr.ngong_ping_360_crystal_plus_rht": "Ngong Ping 360 Crystal+ Cabin (RHT)",
	"train.mtr.ngong_ping_360_normal_light_blue": "Ngong Ping 360 (Light Blue, LHT)",
	"train.mtr.ngong_ping_360_normal_light_blue_rht": "Ngong Ping 360 (Light Blue, RHT)",
	"train.mtr.ngong_ping_360_normal_orange": "Ngong Ping 360 (Kahel, LHT)",
	"train.mtr.ngong_ping_360_normal_orange_rht": "Ngong Ping 360 (Kahel, RHT)",
	"train.mtr.ngong_ping_360_normal_red": "Ngong Ping 360 (Pula, LHT)",
	"train.mtr.ngong_ping_360_normal_red_rht": "Ngong Ping 360 (Pula, RHT)",
	"train.mtr.oak_boat": "Bangka na Oak",
	"train.mtr.r179": "R179 (New York City Subway)",
	"train.mtr.r179_mini": "R179 (New York City Subway, Munti)",
	"train.mtr.r211": "R211 (New York City Subway)",
	"train.mtr.r211_mini": "R211 (New York City Subway, Munti)",
	"train.mtr.r211t": "R211T (New York City Subway)",
	"train.mtr.r211t_mini": "R211T (New York City Subway, Munti)",
	"train.mtr.r_train": "R-Train",
	"train.mtr.r_train_mini": "R-Train (Munti)",
	"train.mtr.r_train_small": "R-Train (Maliit)",
	"train.mtr.s_train": "S-Train",
	"train.mtr.s_train_mini": "S-Train (Munti)",
	"train.mtr.s_train_small": "S-Train (Maliit)",
	"train.mtr.sp1900": "SP1900",
	"train.mtr.sp1900_mini": "SP1900 (Munti)",
	"train.mtr.sp1900_small": "SP1900 (Maliit)",
	"train.mtr.spruce_boat": "Spruce Boat"
}
