{
	"block.minecraft.bedrock_slab": "Ana Kaya Levhası",
	"block.minecraft.birch_wood_slab": "Huş Odunu Basamağı",
	"block.minecraft.bone_block_slab": "Kemik Levhası",
	"block.minecraft.chiseled_quartz_block_slab": "Yontulmuş Kuvars Blok Levha",
	"block.minecraft.chiseled_stone_bricks_slab": "Oyma Taş Tuğla Basamağı",
	"block.minecraft.clay_slab": "Kil Basamak",
	"block.minecraft.coal_ore_slab": "Kömür Cevheri Levhası",
	"block.minecraft.concrete": "Beton",
	"block.minecraft.concrete_powder": "Çimento Tozu",
	"block.minecraft.concrete_powder_slab": "Çimento Basamak",
	"block.minecraft.concrete_slab": "Beton Basamak",
	"block.minecraft.cracked_stone_bricks_slab": "Çatlak Taş Tuğla Basamak",
	"block.minecraft.gravel_slab": "Çakıl Basamak",
	"block.minecraft.iron_block_slab": "Demir Basamak",
	"block.minecraft.metal": "Metal Bloğu",
	"block.minecraft.metal_slab": "Metal Basamak",
	"block.minecraft.planks": "Meşe Tahta",
	"block.minecraft.planks_slab": "Meşe Basamak",
	"block.minecraft.purpur_block_slab": "Purpur Basamak",
	"block.minecraft.purpur_pillar_slab": "Purpur Sütun Basamak",
	"block.minecraft.quartz_block_slab": "Kuvars Basamak",
	"block.minecraft.quartz_bricks_slab": "Kuvars Tuğla Basamak",
	"block.minecraft.quartz_pillar_slab": "Kuvars Sütun Basamak",
	"block.minecraft.snow_block_slab": "Kar Basamak",
	"block.minecraft.stained_glass": "Boyalı Cam",
	"block.minecraft.stained_glass_slab": "Boyalı Cam Basamak",
	"block.minecraft.stone_bricks_slab": "Taş Tuğla Basamak",
	"block.minecraft.wool": "Yün",
	"block.minecraft.wool_slab": "Yün Basamak",
	"block.mtr.airplane_node": "Uçuş Boğumu",
	"block.mtr.apg_door": "Otomatik Platfor Geçitleri",
	"block.mtr.apg_glass": "Otomatik Platform Kapıları",
	"block.mtr.apg_glass_end": "Otomatik Platform Kapıları",
	"block.mtr.arrival_projector_1_large": "Varış Saatleri Projektörü (3x3)",
	"block.mtr.arrival_projector_1_medium": "Varış Saatleri Projektörü (3x2)",
	"block.mtr.arrival_projector_1_small": "Varış Saatleri Projektörü (1x1)",
	"block.mtr.boat_node": "Denizyolu Düğümü",
	"block.mtr.cable_car_node_lower": "Teleferik Düğümü",
	"block.mtr.cable_car_node_station": "Teleferik İstasyon Düğümü",
	"block.mtr.cable_car_node_upper": "Teleferik Düğümü",
	"block.mtr.ceiling": "Tavan",
	"block.mtr.ceiling_light": "Tavan (Işıklı)",
	"block.mtr.ceiling_no_light": "Tavan (Işıksız)",
	"block.mtr.clock": "Saat",
	"block.mtr.clock_pole": "Saat Direği",
	"block.mtr.escalator_side": "Yürüyen Merdiven",
	"block.mtr.escalator_step": "Yürüyen Merdiven",
	"block.mtr.glass_fence_cio": "Cam Korkuluk",
	"block.mtr.glass_fence_ckt": "Cam Korkuluk",
	"block.mtr.glass_fence_heo": "Cam Korkuluk",
	"block.mtr.glass_fence_mos": "Cam Korkuluk",
	"block.mtr.glass_fence_plain": "Cam Korkuluk",
	"block.mtr.glass_fence_shm": "Cam Korkuluk",
	"block.mtr.glass_fence_stained": "Cam Korkuluk",
	"block.mtr.glass_fence_stw": "Cam Korkuluk",
	"block.mtr.glass_fence_tsh": "Cam Korkuluk",
	"block.mtr.glass_fence_wks": "Cam Korkuluk",
	"block.mtr.lift_buttons_1": "Asansör Düğmesi",
	"block.mtr.lift_door_1": "Asansör Kapısı",
	"block.mtr.lift_door_odd_1": "Asansör Kapısı",
	"block.mtr.lift_panel_even_1": "Asansör Ekran Paneli",
	"block.mtr.lift_panel_even_2": "Asansör Gösterge Paneli",
	"block.mtr.lift_panel_odd_1": "Asansör Gösterge Paneli",
	"block.mtr.lift_panel_odd_2": "Asansör Gösterge Paneli",
	"block.mtr.lift_track_1": "Asansör Rayı",
	"block.mtr.lift_track_floor_1": "Asansör Kat Rayı",
	"block.mtr.logo": "MTR Logosu",
	"block.mtr.marble_blue": "Mavi Mermer",
	"block.mtr.marble_blue_slab": "Mavi Mermer Basamak",
	"block.mtr.marble_sandy": "Kum Rengi Mermer",
	"block.mtr.marble_sandy_slab": "Kum Rengi Mermer Basamak",
	"block.mtr.metal": "Metal",
	"block.mtr.metal_slab": "Yarım Metal Bloğu",
	"block.mtr.pids_1": "Yolcu Bilgilendirme Ekranı",
	"block.mtr.pids_2": "Yolcu Bilgilendirme Ekranı",
	"block.mtr.pids_3": "Yolcu Bilgilendirme Ekranı",
	"block.mtr.pids_pole": "Yolcu Bilgilendirme Ekranı Direği",
	"block.mtr.platform": "Peron (Hong Kong Tipi)",
	"block.mtr.platform_indented": "Peron (Hong Kong Tipi)",
	"block.mtr.platform_na_1": "Peron (Kuzey Amerika Tipi)",
	"block.mtr.platform_na_1_indented": "Peron (Kuzey Amerika Tipi)",
	"block.mtr.platform_na_2": "Peron (Kuzey Amerika Tipi)",
	"block.mtr.platform_na_2_indented": "Peron (Kuzey Amerika Tipi)",
	"block.mtr.platform_uk_1": "Peron (Birleşik Krallık Tipi)",
	"block.mtr.platform_uk_1_indented": "Peron (Birleşik Krallık Tipi)",
	"block.mtr.psd_door": "Peron-Demiryolu Ayırıcı Kapı",
	"block.mtr.psd_door_2": "Peron-Demiryolu Ayırıcı Kapı",
	"block.mtr.psd_glass": "Peron-Demiryolu Ayırıcı Kapı",
	"block.mtr.psd_glass_2": "Peron-Demiryolu Ayırıcı Kapı",
	"block.mtr.psd_glass_end": "Peron-Demiryolu Ayırıcı Kapı",
	"block.mtr.psd_glass_end_2": "Peron-Demiryolu Ayırıcı Kapı",
	"block.mtr.psd_top": "Peron-Demiryolu Ayırıcı Kapı",
	"block.mtr.rail": "Ray Düğümü",
	"block.mtr.railway_sign": "Bilgilendirme Tabelası",
	"block.mtr.railway_sign_pole": "Bilgilendirme Tabelası Direği",
	"block.mtr.route_sign_standing_light": "Güzergah Tabelası (Ayaklı, Tepe Işıklı)",
	"block.mtr.route_sign_standing_metal": "Güzergah Tabelası (Ayaklı, Metal)",
	"block.mtr.route_sign_wall_light": "Güzergah Tabelası (Duvar Tipi, Tepe Işıklı)",
	"block.mtr.route_sign_wall_metal": "Güzergah Tabelası (Duvar Tipi, Metal)",
	"block.mtr.rubbish_bin_1": "Çöp Kutusu",
	"block.mtr.signal_light_1": "Sinyal Lambası (2 Yönlü)",
	"block.mtr.signal_light_2": "Sinyal Lambası (2 Yönlü, Çift Taraflı)",
	"block.mtr.signal_light_3": "Sinyal Lambası (2 Yönlü)",
	"block.mtr.signal_light_3_aspect_1": "Sinyal Lambası (3 Yönlü)",
	"block.mtr.signal_light_3_aspect_2": "Sinyal Lambası (3 Yönlü, Çift Taraflı)",
	"block.mtr.signal_light_4": "Sinyal Lambası (2 Yönlü, Çift Taraflı)",
	"block.mtr.signal_light_4_aspect_1": "Sinyal Lambası (4 Yönlü)",
	"block.mtr.signal_light_4_aspect_2": "Sinyal Lambası (4 Yönlü, Çift Taraflı)",
	"block.mtr.signal_pole": "Sinyal Lambası Direği",
	"block.mtr.signal_semaphore_1": "Semafor Tipi Sinyal Lambası",
	"block.mtr.signal_semaphore_2": "Semafor Sinyali (Çift Taraflı)",
	"block.mtr.station_name_entrance": "İstasyon Giriş Tablası",
	"block.mtr.station_name_tall_block": "Direk Tipi İstasyon Tabelası",
	"block.mtr.station_name_tall_block_double_sided": "Direk Tipi İstasyon Tabelası (Çift Taraflı)",
	"block.mtr.station_name_tall_wall": "Duvar Tipi İstasyon Tabelası",
	"block.mtr.station_name_wall": "İstasyon Adı (Beyaz)",
	"block.mtr.station_name_wall_black": "İstasyon Adı (Siyah)",
	"block.mtr.station_name_wall_gray": "İstasyon Adı (Gri)",
	"block.mtr.station_pole": "İstasyon Renginde Çubuk",
	"block.mtr.tactile_map": "Etkileşimli Harita",
	"block.mtr.ticket_barrier_entrance_1": "Giriş Turnikesi",
	"block.mtr.ticket_barrier_exit_1": "Çıkış Turnikesi",
	"block.mtr.ticket_machine": "Bilet Makinesi",
	"block.mtr.ticket_processor": "Bilet Okuyucu",
	"block.mtr.ticket_processor_enquiry": "Bakiye Sorgulama Cihazı",
	"block.mtr.ticket_processor_entrance": "Bilet Okuyucu (Giriş)",
	"block.mtr.ticket_processor_exit": "Bilet Okuyucu (Çıkış)",
	"block.mtr.train_announcer": "Anons Cihazı",
	"block.mtr.train_cargo_loader": "Kargo Yükleyici",
	"block.mtr.train_cargo_unloader": "Kargo Boşaltıcı",
	"block.mtr.train_schedule_sensor": "Tren Varış Süresi Algılayıcı",
	"block.mtr.train_sensor": "Tren Algılayıcı",
	"category.mtr.keybinding": "Minecraft Transit Railway",
	"entity.mtr.seat": "",
	"gui.mtr.acceleration": "Araç Hızlanması",
	"gui.mtr.add_balance_for_emeralds": "%s Bakiye Yükle. Fiyat: %s Zümrüt",
	"gui.mtr.add_depot": "Depo Ekle",
	"gui.mtr.add_exit": "İstasyon Çıkışı Ekle",
	"gui.mtr.add_exit_destination": "Çıkış Noktası Ekle",
	"gui.mtr.add_route": "Güzergah Ekle",
	"gui.mtr.add_station": "İstasyon Ekle",
	"gui.mtr.add_value": "Bakiye Yükle",
	"gui.mtr.already_entered": "İstasyona zaten giriş yaptınız",
	"gui.mtr.already_exited": "Giriş kaydı bulunamadı",
	"gui.mtr.announcement_message": "Anons Mesajı",
	"gui.mtr.anticlockwise_to": "Saat yönünün tersine %s",
	"gui.mtr.anticlockwise_to_cjk": "逆時針往%s",
	"gui.mtr.anticlockwise_via": "Saat yönünün tersinde %s",
	"gui.mtr.anticlockwise_via_cjk": "逆時針經%s",
	"gui.mtr.arrival_car": "%s vagon",
	"gui.mtr.arrival_car_cjk": "%s 卡",
	"gui.mtr.arrival_min": "%s dak",
	"gui.mtr.arrival_min_cjk": "%s 分鐘",
	"gui.mtr.arrival_sec": "%s sn",
	"gui.mtr.arrival_sec_cjk": "%s 秒",
	"gui.mtr.automatically_detect_nearby_platform": "Otomatik Algınanan Yakı Platform",
	"gui.mtr.available": "Mevcut",
	"gui.mtr.available_model_parts": "Kullanılabilir Model Parçaları",
	"gui.mtr.balance": "Bakiye: %s",
	"gui.mtr.cable_car_invalid_orientation": "Geçersiz kablo bağlantısı",
	"gui.mtr.cars_to_spawn": "Oluşturulacak Vagonlar: %s",
	"gui.mtr.clear_vehicles": "Araçları Temizle",
	"gui.mtr.clockwise_to": "Saat yönüne %s",
	"gui.mtr.clockwise_to_cjk": "順時針往%s",
	"gui.mtr.clockwise_via": "Saat yönünde %s",
	"gui.mtr.clockwise_via_cjk": "順時針經%s",
	"gui.mtr.color": "Renk",
	"gui.mtr.comma": ", ",
	"gui.mtr.comma_cjk": "、",
	"gui.mtr.comma_last": " ve ",
	"gui.mtr.comma_last_cjk": "veya",
	"gui.mtr.connecting_station_interchange_announcement_part": "%2$s istasyonundaki %1$s",
	"gui.mtr.connecting_station_interchange_announcement_part_cjk": "%2$s istasyonunda %1$s'ye aktarın",
	"gui.mtr.connecting_station_part": "Yolcular %s 'a Aktarma Yapabilirler.",
	"gui.mtr.connecting_station_part_cjk": "乘客可在該站%s。",
	"gui.mtr.cruising_altitude": "Seyir Rakımı",
	"gui.mtr.custom_destination_suggestion": "Hedef (Resetlemek için \\r)",
	"gui.mtr.custom_resources_export_resource_pack": "Kaynak Paketini Dışa Aktar",
	"gui.mtr.custom_resources_gangway_connection_id": "Gangway Bağlantısı ID'si",
	"gui.mtr.custom_resources_id": "ID",
	"gui.mtr.custom_resources_name": "Ad",
	"gui.mtr.custom_resources_rider_offset": "Sürücü Aralığı %s",
	"gui.mtr.custom_resources_train_barrier_id": "Tren Bariyer ID",
	"gui.mtr.delete_confirmation": "%s'yi silmek istediğine emin misin?",
	"gui.mtr.depot_color": "Depo Rengi",
	"gui.mtr.depot_name": "Depo İsmi",
	"gui.mtr.depots": "Depolar",
	"gui.mtr.disable_next_station_announcements": "Gelecek İstasyon Anonslarını Devre Dışı Bırak",
	"gui.mtr.dismount_hold": "Zorla çıkmak için %s tuşuna basılı tutun: %s",
	"gui.mtr.display_page": "Sayfa Numarası",
	"gui.mtr.door_animation_type_bouncy_1": "Kapılar: Yaylı (1)",
	"gui.mtr.door_animation_type_bouncy_2": "Kapılar: Yaylı (2)",
	"gui.mtr.door_animation_type_constant": "Kapılar: Devamlı",
	"gui.mtr.door_animation_type_mlr": "Kapılar: MLR",
	"gui.mtr.door_animation_type_plug_fast": "Kapılar: Hızlı fış",
	"gui.mtr.door_animation_type_plug_slow": "Kapılar: Yavaş fiş",
	"gui.mtr.door_animation_type_r179": "Kapılar: R179",
	"gui.mtr.door_animation_type_r211": "Kapılar: R211",
	"gui.mtr.door_animation_type_standard": "Kapılar: Standart",
	"gui.mtr.door_animation_type_standard_slow": "Kapılar: Yavaş",
	"gui.mtr.drag_file_to_upload": "Yüklenecek dosyayı buraya sürükleyin",
	"gui.mtr.dwell_time": "Aracın Durakta Bekleme Süresi",
	"gui.mtr.edit_area": "Alanı seçmek için tıklayıp sürükleyin.",
	"gui.mtr.edit_instructions": "Talimatları Düzenle",
	"gui.mtr.edit_route": "Güzergaha peron eklemek için onlara tıklayın.",
	"gui.mtr.editing_part": "%s Düzenleniyor",
	"gui.mtr.emeralds": "Zümrüt: %s",
	"gui.mtr.enter_barrier": "Giriş Yapıldı %s - Bakiye: $%s",
	"gui.mtr.exit_barrier": "Çıkıldı %s - Ücret: %s - Bakiye: $%s",
	"gui.mtr.exit_destinations": "Çıkış Noktaları",
	"gui.mtr.exit_parents": "İstasyon Çıkışları",
	"gui.mtr.file_model": "Blockbench Dosyası",
	"gui.mtr.file_properties": "Yapılandırma Dosyası (İsteğe Bağlı)",
	"gui.mtr.file_texture": "Doku Dosyası",
	"gui.mtr.file_upload": "Yükle...",
	"gui.mtr.filtered_platforms": "Ayrılmış Peronlar (%s)",
	"gui.mtr.filtered_routes": "Ayrılmış Güzergahlar (%s)",
	"gui.mtr.filtered_routes_condition": "Yalnızca aşağıdaki güzergahlarda çalışan araçlar bu bloğu aktive eder",
	"gui.mtr.filtered_routes_empty": "Tüm araçlar bu bloğu aktive eder",
	"gui.mtr.game_time": "Oyun Süresi",
	"gui.mtr.generate_map": "Güzergah haritası oluştur",
	"gui.mtr.generating_path": "Yol Oluşturuluyor",
	"gui.mtr.hide_arrival": "Varış'ı gizle",
	"gui.mtr.insufficient_balance": "Yetersiz Bakiye ($%s)",
	"gui.mtr.interchange_announcement": "%s için değişim istasyonu.",
	"gui.mtr.interchange_announcement_cjk": "乘客可以轉乘%s。",
	"gui.mtr.invalid_orientation": "Ray bağlanamadı; geçersiz yönlendirme",
	"gui.mtr.is_anticlockwise_route": "Saat Yönü Tersi Dairesel Güzergah",
	"gui.mtr.is_clockwise_route": "Saat Yönü Dairesel Güzergah",
	"gui.mtr.is_light_rail_route": "Güzergah Numarası Ekle",
	"gui.mtr.is_manual": "Sürülebilir Araç",
	"gui.mtr.is_route_hidden": "Güzergahı Gizle",
	"gui.mtr.last_airplane_station": "Bu uçak %s noktasına gidecektir",
	"gui.mtr.last_airplane_station_cjk": "Bu uçak %s havaalanında kalkıyor",
	"gui.mtr.last_boat_station": "Bu gemi %s noktasına gidecektir",
	"gui.mtr.last_boat_station_cjk": "本渡輪往%s",
	"gui.mtr.last_cable_car_station": "Bu teleferik %s noktasına gidecektir",
	"gui.mtr.last_cable_car_station_cjk": "本纜車往%s",
	"gui.mtr.last_train_station": "Bu tren %s noktasına gidecektir",
	"gui.mtr.last_train_station_cjk": "本列車往%s",
	"gui.mtr.left": "Sol",
	"gui.mtr.lift_buttons_locked": "Butonlar Kilitlendi",
	"gui.mtr.lift_buttons_unlocked": "Butonların Kilidi Açıldı",
	"gui.mtr.lift_floor_description": "Açıklama",
	"gui.mtr.lift_floor_number": "Kat Numarası",
	"gui.mtr.lift_is_double_sided": "Çift Taraflı",
	"gui.mtr.lift_should_ding": "\"Ding\" Sesi Çal",
	"gui.mtr.lift_style": "Tarz: %s",
	"gui.mtr.lift_style_opaque": "Opak",
	"gui.mtr.lift_style_transparent": "Saydam",
	"gui.mtr.lift_track_required": "Asansör Rayı Gerekiyor",
	"gui.mtr.light_rail_route_announcement": "Bu %s - %s Güzergahıdır.",
	"gui.mtr.light_rail_route_announcement_cjk": "本班為%s綫列車前往%s。",
	"gui.mtr.light_rail_route_number": "Güzergah Numarası",
	"gui.mtr.london_train_interchange_announcement": "%s İçin Burayı Değiştirin.",
	"gui.mtr.london_train_interchange_announcement_cjk": "乘客可在該站轉乘%s。",
	"gui.mtr.london_train_next_station_announcement": "Gelecek istasyon: %s.",
	"gui.mtr.london_train_next_station_announcement_cjk": "下一站是%s。",
	"gui.mtr.london_train_route_announcement": "Bu Tren, %s'de sona eren %s Treni.",
	"gui.mtr.london_train_route_announcement_cjk": "Bu sınıf %s ile %s arasındaki trendir",
	"gui.mtr.london_train_terminating_announcement": "Tren Burada Sonlanır.",
	"gui.mtr.london_train_terminating_announcement_cjk": "Tren bu istasyonda sona erer",
	"gui.mtr.london_train_this_station_announcement": "Bu İstasyon %s.",
	"gui.mtr.london_train_this_station_announcement_cjk": "Bu site %s'dir",
	"gui.mtr.manual_to_automatic_time": "Sürüş Zaman Aşımı",
	"gui.mtr.max_manual_speed": "Maksimun Sürüş Hızı",
	"gui.mtr.max_vehicles": "Oluşturacak Maksimun Araç Sayısı",
	"gui.mtr.mismatched_versions": "Lütfen Minecraft Transit Railway modunu güncelleyip tekrar deneyin.",
	"gui.mtr.mismatched_versions_server_version": "Sunucu Sürümü: %s",
	"gui.mtr.mismatched_versions_your_version": "Sizin Sürümünüz: %s",
	"gui.mtr.moving_only": "Sadece Hareket Eden Araçlar",
	"gui.mtr.mtr_options": "Minecraft Transit Railway Ayarları",
	"gui.mtr.name": "Ad",
	"gui.mtr.next_departure": "Tahmini kalkış: %s",
	"gui.mtr.next_departure_none": "Planlanmış kalkış yok",
	"gui.mtr.next_route_airplane_announcement": "Bu Uçuş, %s 'den %s'ye Değiştirilecek.",
	"gui.mtr.next_route_airplane_announcement_cjk": "Bu uçuş %s ile %s olarak değiştirilecek",
	"gui.mtr.next_route_boat_announcement": "Bu geminin güzergahı, %s güzergahından, %s güzergahı ile değişecektir.",
	"gui.mtr.next_route_boat_announcement_cjk": "本渡輪會改為%s前往%s。",
	"gui.mtr.next_route_boat_light_rail_announcement": "Şu anki güzergah, %s güzergah ile değişecektir. %s güzergahına gidecek olan yolcular bu gemiye binmelidir.",
	"gui.mtr.next_route_boat_light_rail_announcement_cjk": "本渡輪會改為%s路綫。前往%s沿途各站之乘客，可乘本渡輪。",
	"gui.mtr.next_route_cable_car_announcement": "Bu teleferiğin güzergahı, %s güzergahından, %s güzergahı ile değişecektir.",
	"gui.mtr.next_route_cable_car_announcement_cjk": "本纜車會改為%s前往%s。",
	"gui.mtr.next_route_train_announcement": "Bu trenin güzergahı, %s güzergahından, %s güzergahı ile değişecektir.",
	"gui.mtr.next_route_train_announcement_cjk": "本班車會改為%s前往%s。",
	"gui.mtr.next_route_train_light_rail_announcement": "Şu anki güzergah, %s güzergah ile değişecektir. %s güzergahına gidecek olan yolcular bu trene binmelidir.",
	"gui.mtr.next_route_train_light_rail_announcement_cjk": "Bu servis otobüsü %s güzergahı olarak değiştirilecektir.%s güzergahı boyunca tüm istasyonlara giden yolcular bu trene binebilir",
	"gui.mtr.next_station": "Gelecek istasyon: %s",
	"gui.mtr.next_station_announcement": "Gelecek istasyon: %s.",
	"gui.mtr.next_station_announcement_cjk": "下一站：%s。",
	"gui.mtr.next_station_cjk": "下一站是%s",
	"gui.mtr.next_station_light_rail_announcement": "Gelecek durak: %s.",
	"gui.mtr.next_station_light_rail_announcement_cjk": "下一站：%s。",
	"gui.mtr.no_lift_tracks_floor_found": "Herhangi Bir Asansör Rayı Bulunamadı",
	"gui.mtr.offset_x": "Uzaklık X: %s",
	"gui.mtr.offset_y": "Uzaklık Y: %s",
	"gui.mtr.offset_z": "Uzaklık Z: %s",
	"gui.mtr.part_blacklisted_cars": "Karalisteye Alınmış Araçlar",
	"gui.mtr.part_display_cjk_size_ratio": "CJK Boyutu: %s",
	"gui.mtr.part_display_force_single_line": "Tekli Hata Zorla",
	"gui.mtr.part_display_force_upper_case": "Büyük Harfe Zorla",
	"gui.mtr.part_display_should_scroll": "Yazı Kaydırılıyor",
	"gui.mtr.part_display_text_color": "Renk",
	"gui.mtr.part_display_text_color_cjk": "CJK / CJK Olmayan Renk",
	"gui.mtr.part_display_type_destination": "Tarz: Hedef",
	"gui.mtr.part_display_type_next_station_kcr": "Tarz: Gelecek İstasyon (KCR)",
	"gui.mtr.part_display_type_next_station_mtr": "Tarz: Gelecek İstasyon (MTR)",
	"gui.mtr.part_display_type_next_station_plain": "Tarz: Gelecek İstasyon",
	"gui.mtr.part_display_type_next_station_uk": "Tarz: Gelecek İstasyon (Birleşik Krallık)",
	"gui.mtr.part_display_type_route_number": "Tarz: Rota Numarası",
	"gui.mtr.part_display_x_padding": "X Dolgu: %s",
	"gui.mtr.part_display_y_padding": "Y Dolgu: %s",
	"gui.mtr.part_door_offset_left_negative": "Kapı Aralığı: -Sol",
	"gui.mtr.part_door_offset_left_positive": "Kapı Aralığı: +Sol",
	"gui.mtr.part_door_offset_none": "Kapı Aralığı: Yok",
	"gui.mtr.part_door_offset_right_negative": "Kapı Aralığı: -Sağ",
	"gui.mtr.part_door_offset_right_positive": "Kapı Aralığı: +Sağ",
	"gui.mtr.part_is_display": "Ekran mı",
	"gui.mtr.part_mirror": "Aynalı",
	"gui.mtr.part_positions": "Pozisyonlar",
	"gui.mtr.part_render_condition_all": "Görüntüle: Her Zaman",
	"gui.mtr.part_render_condition_door_left_closed": "Görüntüle: Sol Kapılar Kapalı",
	"gui.mtr.part_render_condition_door_left_open": "Görüntüle: Sol Kapılar Açık",
	"gui.mtr.part_render_condition_door_right_closed": "Görüntüle: Sağ Kapılar Kapalı",
	"gui.mtr.part_render_condition_door_right_open": "Görüntüle: Sağ Kapılar Açık",
	"gui.mtr.part_render_condition_doors_closed": "Görüntüle: Kapılar Kapalı",
	"gui.mtr.part_render_condition_doors_open": "Görüntüle: Kapılar Açık",
	"gui.mtr.part_render_condition_moving_backwards": "Görüntüle: Geriye Doğru Hareket",
	"gui.mtr.part_render_condition_moving_forwards": "Görüntüle: İleriye Doğru Hareket",
	"gui.mtr.part_skip_rendering_if_too_far": "Uzaksa Gizle",
	"gui.mtr.part_stage_always_on_lights": "Işıklar (Her Zaman Açık)",
	"gui.mtr.part_stage_exterior": "Dışarısı",
	"gui.mtr.part_stage_interior": "İçerisi",
	"gui.mtr.part_stage_interior_translucent": "İçerisi (Yarı Saydam)",
	"gui.mtr.part_stage_lights": "Işıklar",
	"gui.mtr.part_whitelisted_cars": "Beyazlisteye Alınmış Araçlar",
	"gui.mtr.path_found": "Yol başarıyla oluşturuldu",
	"gui.mtr.path_not_found_between": "%s güzergahında yol bulunamadı:|> %s|ile|> %s|arasında",
	"gui.mtr.path_not_generated": "Yol oluşturamadı",
	"gui.mtr.percentage_complete_bridge": "Köprü Oluşturuluyor (%s%%)",
	"gui.mtr.percentage_complete_tunnel": "Tunel Oluşturuluyor (%s%%)",
	"gui.mtr.percentage_complete_tunnel_wall": "Tunel Duvarı Oluşturuluyor (%s%%)",
	"gui.mtr.pids_message": "Özel Bilgilendirme Mesajı",
	"gui.mtr.platform": "Peron %s",
	"gui.mtr.platform_number": "Peron Numarası",
	"gui.mtr.platform_or_siding_exists": "Her ray düğümü sadece bir tane peron veya oluşturma rayına bağlanabilir",
	"gui.mtr.press_to_select_floor": "Kat seçmek için %s tuşuna basın",
	"gui.mtr.psd_apg_door_locked": "Kapılar Kilitlendi",
	"gui.mtr.psd_apg_door_unlocked": "Kapıların Kilidi Açıldı",
	"gui.mtr.radius_too_small": "Ray bağlanamadı; yarıçap en az 2 olmalıdır",
	"gui.mtr.rail_action_bridge": "%s tarafından köprü (%s blok uzunluğunda, %s)",
	"gui.mtr.rail_action_tunnel": "%s tarafından tunel (%s blok uzunluğunda)",
	"gui.mtr.rail_action_tunnel_wall": "%s tarafından tunel duvarı (%s blok uzunluğunda, %s)",
	"gui.mtr.rail_actions": "Şu Andaki Yapım İşlemleri",
	"gui.mtr.rail_actions_button": "İşlemler...",
	"gui.mtr.rail_not_found": "Sinyal oluşturalamadı; ray bulunamadı",
	"gui.mtr.rail_not_found_action": "İşlem yapılamadı; ray bulunamadı",
	"gui.mtr.refresh_path": "Yolu Tazele",
	"gui.mtr.repeat_indefinitely": "İşlemleri Sürekli Tekrarla",
	"gui.mtr.reset_sign": "Sıfırla",
	"gui.mtr.right": "Sağ",
	"gui.mtr.rotate_anticlockwise": "Saat Yönünün Tersine Çevir",
	"gui.mtr.rotate_clockwise": "Saat Yönüne Çevir",
	"gui.mtr.route_color": "Güzergah Rengi",
	"gui.mtr.route_name": "Güzergah Adı",
	"gui.mtr.route_type_boat_high_speed": "Tür: Hızlı Feribot",
	"gui.mtr.route_type_boat_light_rail": "Tür: Cruise Gemisi",
	"gui.mtr.route_type_boat_normal": "Tür: Feribot",
	"gui.mtr.route_type_train_high_speed": "Tür: Yüksek Hızlı",
	"gui.mtr.route_type_train_light_rail": "Tür: Hafif Raylı Sistem",
	"gui.mtr.route_type_train_normal": "Tür: Normal",
	"gui.mtr.routes": "Güzergahlar",
	"gui.mtr.s": "sn",
	"gui.mtr.schedule_mode_real_time_off": "Zamanla: Minecraft Zamanı",
	"gui.mtr.schedule_mode_real_time_on": "Zamanla: Gerçek Zaman",
	"gui.mtr.search": "Ara",
	"gui.mtr.select_all_platforms": "Tüm peronlardaki varışları göster",
	"gui.mtr.selected": "Seçilen",
	"gui.mtr.selected_vehicle": "Seçilen Araç",
	"gui.mtr.separator": "/",
	"gui.mtr.separator_cjk": "/",
	"gui.mtr.settings": "Ayarlar",
	"gui.mtr.siding_number": "Oluşturucu Numarası",
	"gui.mtr.sidings_in_depot": "Bu depodaki oluşturucular: %s",
	"gui.mtr.sound_file": "Ses Dosyası",
	"gui.mtr.station": "%s İstasyonu",
	"gui.mtr.station_cjk": "%s站",
	"gui.mtr.station_color": "İstasyon Rengi",
	"gui.mtr.station_name": "İstasyon Adı",
	"gui.mtr.stations": "İstasyonlar",
	"gui.mtr.stopped_only": "Sadece Duran Araçlar",
	"gui.mtr.support": "Destek",
	"gui.mtr.this_station": "Bu istasyon: %s",
	"gui.mtr.this_station_cjk": "本站是%s",
	"gui.mtr.to": "%s",
	"gui.mtr.to_cjk": "往%s",
	"gui.mtr.tph": "/saat",
	"gui.mtr.train_schedule_sensor": "Varış Süresi (Saniye)",
	"gui.mtr.transport_mode_airplane": "Tarz: Uçak",
	"gui.mtr.transport_mode_boat": "Tür: Deniz Aracı",
	"gui.mtr.transport_mode_cable_car": "Tür: Teleferik",
	"gui.mtr.transport_mode_train": "Tür: Tren",
	"gui.mtr.unlimited": "Sınırsız",
	"gui.mtr.unlimited_vehicles": "Sınırsız Araç Oluşumu",
	"gui.mtr.untitled": "İsimsiz",
	"gui.mtr.use_time_and_wind_sync": "Time & Wind modunu kullanarak zamanı otomatik olarak eşzamanla",
	"gui.mtr.used_model_parts": "Kullanılan Model Parçaları",
	"gui.mtr.vehicle_brightness": "Parlaklık: %s%%",
	"gui.mtr.vehicle_cars": "Vagonlar: %s",
	"gui.mtr.vehicle_direction_backwards": "Yön: Geri",
	"gui.mtr.vehicle_direction_forwards": "Yön: İleri",
	"gui.mtr.vehicle_door_max": "Kapı: %s",
	"gui.mtr.vehicle_length": "Uzunluk: %s",
	"gui.mtr.vehicle_speed": "Hız: %s m/s (%s km/sa)",
	"gui.mtr.vehicle_width": "Genişlik: %s",
	"gui.mtr.vehicles_per_hour": "Saate Düşecek Araç Sayısı",
	"gui.mtr.welcome_station": "%s İstasyonuna Hoş Geldiniz.",
	"gui.mtr.welcome_station_cjk": "歡迎光臨%s站。",
	"gui.mtr.zone": "Ücret Bölgesi",
	"gui.mtr.zone_number": "Ücret %s",
	"item.mtr.apg_door": "Peron-Demiryolu Ayırıcı Kapı",
	"item.mtr.apg_glass": "Peron-Demiryolu Ayırıcı Kapı",
	"item.mtr.apg_glass_end": "Peron-Demiryolu Ayırıcı Kapı",
	"item.mtr.bridge_creator_3": "Köprü Oluşturucu",
	"item.mtr.bridge_creator_5": "Köprü Oluşturucu",
	"item.mtr.bridge_creator_7": "Köprü Oluşturucu",
	"item.mtr.bridge_creator_9": "Köprü Oluşturucu",
	"item.mtr.brush": "Fırça",
	"item.mtr.dashboard": "Demiryolu Kontrol Paneli",
	"item.mtr.dashboard_2": "Denizyolu Kontrol Paneli",
	"item.mtr.dashboard_3": "Teleferik Kontrol Paneli",
	"item.mtr.dashboard_4": "Uçuş Ekranı",
	"item.mtr.driver_key": "Sürücü Anahtarı",
	"item.mtr.escalator": "Yürüyen Merdiven",
	"item.mtr.lift_buttons_link_connector": "Asansör Bağlantı Oluşturucu",
	"item.mtr.lift_buttons_link_remover": "Asansör Bağlantı Kaldırıcı",
	"item.mtr.lift_door_1": "Asansör Kapısı",
	"item.mtr.lift_door_odd_1": "Asansör Kapısı",
	"item.mtr.lift_refresher": "Asansör Yenileyici",
	"item.mtr.psd_door": "Peron-Demiryolu Ayırıcı Kapı",
	"item.mtr.psd_door_2": "Peron-Demiryolu Ayırıcı Kapı",
	"item.mtr.psd_glass": "Peron-Demiryolu Ayırıcı Kapı",
	"item.mtr.psd_glass_2": "Peron-Demiryolu Ayırıcı Kapı",
	"item.mtr.psd_glass_end": "Peron-Demiryolu Ayırıcı Kapı",
	"item.mtr.psd_glass_end_2": "Peron-Demiryolu Ayırıcı Kapı",
	"item.mtr.rail_connector_120": "Obsidyen Ray Bağlayıcı",
	"item.mtr.rail_connector_120_one_way": "Obsidyen Ray Bağlayıcı (Tek Yönlü)",
	"item.mtr.rail_connector_160": "Blaze Ray Bağlayıcı",
	"item.mtr.rail_connector_160_one_way": "Blaze Ray Bağlayıcı (Tek Yönlü)",
	"item.mtr.rail_connector_20": "Tahta Ray Bağlayıcı",
	"item.mtr.rail_connector_200": "Kuvars Ray Bağlayıcı",
	"item.mtr.rail_connector_200_one_way": "Kuvars Ray Bağlayıcı (Tek Yönlü)",
	"item.mtr.rail_connector_20_one_way": "Tahta Ray Bağlayıcı (Tek Yönlü)",
	"item.mtr.rail_connector_300": "Elmas Ray Bağlayıcı",
	"item.mtr.rail_connector_300_one_way": "Elmas Ray Bağlayıcı (Tek Yönlü)",
	"item.mtr.rail_connector_40": "Taş Ray Bağlayıcı",
	"item.mtr.rail_connector_40_one_way": "Taş Ray Bağlayıcı (Tek Yönlü)",
	"item.mtr.rail_connector_60": "Zümrüt Ray Bağlayıcı",
	"item.mtr.rail_connector_60_one_way": "Zümrüt Ray Bağlayıcı (Tek Yönlü)",
	"item.mtr.rail_connector_80": "Demir Ray Bağlayıcı",
	"item.mtr.rail_connector_80_one_way": "Demir Ray Bağlayıcı (Tek Yönlü)",
	"item.mtr.rail_connector_cable_car": "Teleferik Kablo Bağlayıcı",
	"item.mtr.rail_connector_platform": "Peron Ray Bağlayıcı",
	"item.mtr.rail_connector_runway": "Tahli Ray Bağlayıcı",
	"item.mtr.rail_connector_siding": "Oluşturucu Ray Bağlayıcı",
	"item.mtr.rail_connector_turn_back": "Geri Döndürücü Ray Bağlayıcı",
	"item.mtr.rail_remover": "Ray Bağlantı Kaldırıcı",
	"item.mtr.resource_pack_creator": "Kaynak Paketi Oluşturucu",
	"item.mtr.signal_connector_black": "Siyah Sinyal Bağlayıcı",
	"item.mtr.signal_connector_blue": "Mavi Sinyal Bağlayıcı",
	"item.mtr.signal_connector_brown": "Kahverengi Sinyal Bağlayıcı",
	"item.mtr.signal_connector_cyan": "Camgöbeği Sinyal Bağlayıcı",
	"item.mtr.signal_connector_gray": "Gri Sinyal Bağlayıcı",
	"item.mtr.signal_connector_green": "Yeşil Sinyal Bağlayıcı",
	"item.mtr.signal_connector_light_blue": "Açık Mavi Sinyal Bağlayıcı",
	"item.mtr.signal_connector_light_gray": "Açık Gri Sinyal Bağlayıcı",
	"item.mtr.signal_connector_lime": "Açık Yeşil Sinyal Bağlayıcı",
	"item.mtr.signal_connector_magenta": "Eflatun Sinyal Bağlayıcı",
	"item.mtr.signal_connector_orange": "Turuncu Sinyal Bağlayıcı",
	"item.mtr.signal_connector_pink": "Pembe Sinyal Bağlayıcı",
	"item.mtr.signal_connector_purple": "Mor Sinyal Bağlayıcı",
	"item.mtr.signal_connector_red": "Kırmızı Sinyal Bağlayıcı",
	"item.mtr.signal_connector_white": "Beyaz Sinyal Bağlayıcı",
	"item.mtr.signal_connector_yellow": "Sarı Sinyal Bağlayıcı",
	"item.mtr.signal_remover_black": "Siyah Sinyal Kaldırıcı",
	"item.mtr.signal_remover_blue": "Mavi Sinyal Kaldırıcı",
	"item.mtr.signal_remover_brown": "Kahverengi Sinyal Kaldırıcı",
	"item.mtr.signal_remover_cyan": "Camgöbeği Sinyal Kaldırıcı",
	"item.mtr.signal_remover_gray": "Gri Sinyal Kaldırıcı",
	"item.mtr.signal_remover_green": "Yeşil Sinyal Kaldırıcı",
	"item.mtr.signal_remover_light_blue": "Açık Mavi Sinyal Kaldırıcı",
	"item.mtr.signal_remover_light_gray": "Açık Gri Sinyal Kaldırıcı",
	"item.mtr.signal_remover_lime": "Açık Yeşil Sinyal Kaldırıcı",
	"item.mtr.signal_remover_magenta": "Eflatun Sinyal Kaldırıcı",
	"item.mtr.signal_remover_orange": "Turuncu Sinyal Kaldırıcı",
	"item.mtr.signal_remover_pink": "Pembe Sinyal Kaldırıcı",
	"item.mtr.signal_remover_purple": "Mor Sinyal Kaldırıcı",
	"item.mtr.signal_remover_red": "Kırmızı Sinyal Kaldırıcı",
	"item.mtr.signal_remover_white": "Beyaz Sinyal Kaldırıcı",
	"item.mtr.signal_remover_yellow": "Sarı Sinyal Kaldırıcı",
	"item.mtr.tunnel_creator_4_3": "Tunel Oluşturucu",
	"item.mtr.tunnel_creator_4_5": "Tunel Oluşturucu",
	"item.mtr.tunnel_creator_4_7": "Tunel Oluşturucu",
	"item.mtr.tunnel_creator_4_9": "Tunel Oluşturucu",
	"item.mtr.tunnel_creator_5_3": "Tunel Oluşturucu",
	"item.mtr.tunnel_creator_5_5": "Tunel Oluşturucu",
	"item.mtr.tunnel_creator_5_7": "Tunel Oluşturucu",
	"item.mtr.tunnel_creator_5_9": "Tunel Oluşturucu",
	"item.mtr.tunnel_creator_6_3": "Tunel Oluşturucu",
	"item.mtr.tunnel_creator_6_5": "Tunel Oluşturucu",
	"item.mtr.tunnel_creator_6_7": "Tunel Oluşturucu",
	"item.mtr.tunnel_creator_6_9": "Tunel Oluşturucu",
	"item.mtr.tunnel_wall_creator_4_3": "Tunel Duvarı Oluşturucu",
	"item.mtr.tunnel_wall_creator_4_5": "Tunel Duvarı Oluşturucu",
	"item.mtr.tunnel_wall_creator_4_7": "Tunel Duvarı Oluşturucu",
	"item.mtr.tunnel_wall_creator_4_9": "Tunel Duvarı Oluşturucu",
	"item.mtr.tunnel_wall_creator_5_3": "Tunel Duvarı Oluşturucu",
	"item.mtr.tunnel_wall_creator_5_5": "Tunel Duvarı Oluşturucu",
	"item.mtr.tunnel_wall_creator_5_7": "Tunel Duvarı Oluşturucu",
	"item.mtr.tunnel_wall_creator_5_9": "Tunel Duvarı Oluşturucu",
	"item.mtr.tunnel_wall_creator_6_3": "Tunel Duvarı Oluşturucu",
	"item.mtr.tunnel_wall_creator_6_5": "Tunel Duvarı Oluşturucu",
	"item.mtr.tunnel_wall_creator_6_7": "Tunel Duvarı Oluşturucu",
	"item.mtr.tunnel_wall_creator_6_9": "Tunel Duvarı Oluşturucu",
	"itemGroup.mtr.core": "MTR Ana Bileşenler",
	"itemGroup.mtr.escalators_lifts": "Yürüyen Merdivenler ve Asansörler",
	"itemGroup.mtr.railway_facilities": "Demiryolu Bileşenleri",
	"itemGroup.mtr.station_building_blocks": "İstasyon Yapı Blokları",
	"key.mtr.debug_1_negative": "Hata Ayıklama Alanı 1 (Çıkar)",
	"key.mtr.debug_1_positive": "Hata Ayıklama Alanı 1 (Ekle)",
	"key.mtr.debug_2_negative": "Hata Ayıklama Alanı 2 (Çıkar)",
	"key.mtr.debug_2_positive": "Hata Ayıklama Alanı 2 (Ekle)",
	"key.mtr.debug_3_negative": "Hata Ayıklama Alanı 3 (Çıkar)",
	"key.mtr.debug_3_positive": "Hata Ayıklama Alanı 3 (Ekle)",
	"key.mtr.debug_cycle_negative": "Döngü Hata Ayıklama Kategorisi (Geriye Doğru)",
	"key.mtr.debug_cycle_positive": "Döngü Hata Ayıklama Kategorisi (İleriye Doğru)",
	"key.mtr.lift_menu": "Asansör Kat Seçimini Aç",
	"key.mtr.train_accelerate": "Aracı Hızlandır",
	"key.mtr.train_brake": "Aracı Frenle",
	"key.mtr.train_toggle_doors": "Kapıları Aç/Kapa",
	"options.mtr.anonymous": "Anonim",
	"options.mtr.dynamic_texture_resolution": "Dinamik doku çözünürlüğü (yüksek değerler çökmeye neden olabilir!)",
	"options.mtr.hide_special_rail_colors": "Özel ray renklerini gizle",
	"options.mtr.hide_translucent_parts": "Araçların yarı saydam parçalarını gizle",
	"options.mtr.language_options": "İşaretlerde Gösterilen Dil",
	"options.mtr.language_options_0": "Varsayılan",
	"options.mtr.language_options_1": "Sadece CJK",
	"options.mtr.language_options_2": "CJK Olmayan",
	"options.mtr.off": "Kapalı",
	"options.mtr.on": "Açık",
	"options.mtr.shift_to_toggle_sitting": "Araçların içerisinde oturmak için %s tuşunu kullanın",
	"options.mtr.show_announcement_messages": "\"gelecek istasyon\" mesajlarını sohbette göster",
	"options.mtr.support_patreon": "Bu modu Patreon'da destekleyin!",
	"options.mtr.track_texture_offset": "Yol Doku Aralığı",
	"options.mtr.use_dynamic_fps": "Dinamik olarak FPS'i yükselt",
	"options.mtr.use_mtr_font": "MTR'nin kendi fontunu kullan (bazı bilgisayarlarda çalışmayabilir)",
	"options.mtr.use_tts_announcements": "\"gelecek istasyon\" sesli anonsları etkinleştir",
	"options.mtr.vehicle_render_distance_ratio": "Araç görüntüleme mesafesinin, Minecraft'ın görüntüleme mesafesine oranı",
	"sign.mtr.airport": "Havalimanı",
	"sign.mtr.airport_arrivals": "Gelen Yolcular",
	"sign.mtr.airport_arrivals_cjk": "Varış",
	"sign.mtr.airport_cjk": "havalimanı",
	"sign.mtr.airport_departures": "Giden Yolcular",
	"sign.mtr.airport_departures_cjk": "Kalkış",
	"sign.mtr.airport_express": "Havalimanına Giden Trenler",
	"sign.mtr.airport_express_city": "Şehre Giden Trenler",
	"sign.mtr.airport_express_city_cjk": "往市區列車",
	"sign.mtr.airport_express_cjk": "往機場列車",
	"sign.mtr.airport_transfer": "Aktarma",
	"sign.mtr.airport_transfer_cjk": "Aktarma",
	"sign.mtr.baggage_claim": "Bagaj Teslim Yeri",
	"sign.mtr.baggage_claim_cjk": "Bagaj toplama",
	"sign.mtr.boat": "Feribotlar",
	"sign.mtr.boat_cjk": "渡輪",
	"sign.mtr.cable_car": "Teleferikler",
	"sign.mtr.cable_car_cjk": "纜車",
	"sign.mtr.check_in_passengers": "Yolcu Giriş",
	"sign.mtr.check_in_passengers_cjk": "登機乘客",
	"sign.mtr.cross": "Girilmez",
	"sign.mtr.cross_cjk": "不准進入",
	"sign.mtr.customer_service_centre": "Müşteri Hizmetleri Merkezi",
	"sign.mtr.customer_service_centre_cjk": "客務中心",
	"sign.mtr.emergency_exit": "Acil Durum Çıkışı",
	"sign.mtr.emergency_exit_cjk": "緊急出口",
	"sign.mtr.escalator_to_concourse_down": "Sadece Kalabalık İçin",
	"sign.mtr.escalator_to_concourse_down_cjk": "直落大堂",
	"sign.mtr.escalator_to_concourse_up": "Sadece Kalabalık İçin",
	"sign.mtr.escalator_to_concourse_up_cjk": "直上大堂",
	"sign.mtr.female": "Kadın Tuvaleti",
	"sign.mtr.female_cjk": "女洗手間",
	"sign.mtr.in_town_check_in": "Şehir İçi Giriş",
	"sign.mtr.in_town_check_in_cjk": "市區預辦登機",
	"sign.mtr.lift_1": "Asansör",
	"sign.mtr.lift_1_cjk": "升降機",
	"sign.mtr.lift_2": "Asansör",
	"sign.mtr.lift_2_cjk": "升降機",
	"sign.mtr.light_rail_1": "Hafif Raylı Sistem",
	"sign.mtr.light_rail_1_cjk": "輕鐵",
	"sign.mtr.light_rail_2": "Hafif Raylı Sistem",
	"sign.mtr.light_rail_2_cjk": "輕鐵",
	"sign.mtr.light_rail_3": "Hafif Raylı Sistem",
	"sign.mtr.light_rail_3_cjk": "輕鐵",
	"sign.mtr.light_rail_4": "Hafif Raylı Sistem",
	"sign.mtr.light_rail_4_cjk": "輕鐵",
	"sign.mtr.logo": "Minecraft Transit Railway",
	"sign.mtr.logo_cjk": "我的世界鐵路",
	"sign.mtr.male": "Erkek Tuvaleti",
	"sign.mtr.male_cjk": "男洗手間",
	"sign.mtr.platform": "Peron",
	"sign.mtr.platform_cjk": "月台",
	"sign.mtr.sp1900": "Trenler",
	"sign.mtr.sp1900_cjk": "列車",
	"sign.mtr.station": "İstasyon",
	"sign.mtr.station_cjk": "istasyon",
	"sign.mtr.tickets": "Biletler",
	"sign.mtr.tickets_cjk": "車票",
	"sign.mtr.toilets": "Tuvaletler",
	"sign.mtr.toilets_cjk": "洗手間",
	"sign.mtr.train": "Trenler",
	"sign.mtr.train_cjk": "列車",
	"sign.mtr.train_old": "Trenler",
	"sign.mtr.train_old_cjk": "列車",
	"sign.mtr.wheelchair": "Tuvaletler",
	"sign.mtr.wheelchair_cjk": "洗手間",
	"sign.mtr.wifi": "Ücretsiz Wi-Fi Bağlantı Noktası",
	"sign.mtr.wifi_cjk": "免費Wi-Fi熱點",
	"sign.mtr.xrl_1": "Yüksek Hızlı Tren",
	"sign.mtr.xrl_1_cjk": "高速鐵路",
	"sign.mtr.xrl_2": "Yüksek Hızlı Tren",
	"sign.mtr.xrl_2_cjk": "高速鐵路",
	"sign.mtr.yellow_head_1": "Trenler",
	"sign.mtr.yellow_head_1_cjk": "火車",
	"sign.mtr.yellow_head_2": "Trenler",
	"sign.mtr.yellow_head_2_cjk": "火車",
	"tooltip.block.mtr.glass_fence_cio": "City One Desenli",
	"tooltip.block.mtr.glass_fence_ckt": "Che Kung Temple Desenli",
	"tooltip.block.mtr.glass_fence_heo": "Heng On Desenli",
	"tooltip.block.mtr.glass_fence_mos": "Ma On Shan Desenli",
	"tooltip.block.mtr.glass_fence_plain": "İnce Cam",
	"tooltip.block.mtr.glass_fence_shm": "Shek Mun Desenli",
	"tooltip.block.mtr.glass_fence_stained": "Boyalı İnce Cam",
	"tooltip.block.mtr.glass_fence_stw": "Sha Tin Wai Desenli",
	"tooltip.block.mtr.glass_fence_tsh": "Tai Shui Hang Desenli",
	"tooltip.block.mtr.glass_fence_wks": "Wu Kai Sha Desenli",
	"tooltip.mtr.cable_car_node": "Peron veya oluşturucu bağlanamaz.\nSadece dümdüz bağlantı yapılabilir",
	"tooltip.mtr.cable_car_node_station": "Peron ve oluşturucu bağlanabilir.\nEğimli yollar oluşturabilir",
	"tooltip.mtr.pole_placement": "%s üzerine yerleştirilmelidir",
	"tooltip.mtr.psd_apg_door": "Kapı Kısmı",
	"tooltip.mtr.psd_apg_door_2": "Kapı Kısmı",
	"tooltip.mtr.psd_apg_glass": "Camlı Kısmı",
	"tooltip.mtr.psd_apg_glass_2": "Camlı Kısmı",
	"tooltip.mtr.psd_apg_glass_end": "Camlı Sonlandırma Kısmı",
	"tooltip.mtr.rail_action_depth": "Derinlik: %s",
	"tooltip.mtr.rail_action_height": "Yükseklik: %s",
	"tooltip.mtr.rail_action_width": "Genişlik: %s",
	"tooltip.mtr.rail_speed_limit": "Hız Sınırı: %s",
	"tooltip.mtr.railway_sign_even": "Konumlandırma: Tam",
	"tooltip.mtr.railway_sign_length": "Uzunluk: %s",
	"tooltip.mtr.railway_sign_odd": "Konumlandırma: Orta",
	"tooltip.mtr.selected_block": "Seçilen Blok: %s",
	"tooltip.mtr.selected_material": "Seçilen Materyal: %s",
	"tooltip.mtr.shift_right_click_to_clear": "%s tuşuna basılı tutun ve kullanın|%s tuşu ile sıfırlayın",
	"tooltip.mtr.shift_right_click_to_select_material": "Materyal seçmek için %s tuşuna|basın ve seçmek istediğiniz bloğa kullanın",
	"tooltip.mtr.station_color": "Rengi istasyonun rengine göre değişir",
	"tooltip.mtr.station_color_name": "Rengi ve yazısı istasyonun adı ve rengine göre değişir",
	"train.mtr.a320": "Airbus A320",
	"train.mtr.a_train_ael": "CAF Airport Express",
	"train.mtr.a_train_ael_mini": "CAF Airport Express (Ufak)",
	"train.mtr.a_train_tcl": "CAF Tung Chung Hattı",
	"train.mtr.a_train_tcl_mini": "CAF Tung Chung Hattı (Ufak)",
	"train.mtr.a_train_tcl_small": "CAF Tung Chung Hattı (Küçük)",
	"train.mtr.acacia_boat": "Akasya Tekne",
	"train.mtr.birch_boat": "Huş Tekne",
	"train.mtr.br_423": "DB BR 423",
	"train.mtr.c1141a": "1141A / TML C-Train",
	"train.mtr.c1141a_mini": "1141A / TML C-Train (Ufak)",
	"train.mtr.c1141a_small": "1141A / TML C-Train (Küçük)",
	"train.mtr.c_train": "C-Train",
	"train.mtr.c_train_mini": "C-Train (Ufak)",
	"train.mtr.c_train_small": "C-Train (Küçük)",
	"train.mtr.class_377_southern": "British Rail Class 377 (Güney)",
	"train.mtr.class_802_gwr": "British Rail Class 802 (GWR)",
	"train.mtr.class_802_gwr_mini": "British Rail Class 802 (GWR, Ufak)",
	"train.mtr.class_802_tpe": "British Rail Class 802 (TPE)",
	"train.mtr.class_802_tpe_mini": "British Rail Class 802 (TPE, Ufak)",
	"train.mtr.cm_stock": "Metro-Cammell Tren (Yenilenmemiş M-Train)",
	"train.mtr.cm_stock_mini": "Metro-Cammell Tren (Yenilenmemiş M-Train, Ufak)",
	"train.mtr.cm_stock_small": "Metro-Cammell Tren (Yenilenmemiş M-Train, Küçük)",
	"train.mtr.dark_oak_boat": "Koyu Meşe Tekne",
	"train.mtr.drl": "Disneyland Resort Hat Treni",
	"train.mtr.e44": "KCR E44 (Sarı Tepe)",
	"train.mtr.e44_mini": "KCR E44 (Sarı Tepe, Ufak)",
	"train.mtr.flying_minecart": "Ucan Vagon",
	"train.mtr.jungle_boat": "Orman Ağacı Tekne",
	"train.mtr.k_train": "K-Train",
	"train.mtr.k_train_ael": "K-Train Airport Express",
	"train.mtr.k_train_ael_mini": "K-Train Airport Express (Ufak)",
	"train.mtr.k_train_ael_small": "K-Train Airport Express (Küçük)",
	"train.mtr.k_train_mini": "K-Train (Ufak)",
	"train.mtr.k_train_small": "K-Train (Küçük)",
	"train.mtr.k_train_tcl": "K-Train Tung Chung Hattı",
	"train.mtr.k_train_tcl_mini": "K-Train Tung Chung Hattı (Ufak)",
	"train.mtr.k_train_tcl_small": "K-Train Tung Chung Hattı (Küçük)",
	"train.mtr.light_rail_1": "Hafif Raylı Sistem (1. Faz, LHT)",
	"train.mtr.light_rail_1_orange": "Hafif Raylı Sistem (1. Faz, Turuncu Görünümlü, LHT)",
	"train.mtr.light_rail_1_orange_rht": "Hafif Raylı Sistem (1. Faz, Turuncu Görünümlü, RHT)",
	"train.mtr.light_rail_1_rht": "Hafif Raylı Sistem (1. Faz, RHT)",
	"train.mtr.light_rail_1r": "Hafif Raylı Sistem (1. Faz Yenilenmiş, LHT)",
	"train.mtr.light_rail_1r_old": "Hafif Raylı Sistem (1. Faz Yenilenmiş, Mavi Görünümlü, LHT)",
	"train.mtr.light_rail_1r_old_rht": "Hafif Raylı Sistem (1. Faz Yenilenmiş, Mavi Görünümlü, RHT)",
	"train.mtr.light_rail_1r_orange": "Hafif Raylı Sistem (1. Faz Yenilenmiş, Turuncu Görünümlü, LHT)",
	"train.mtr.light_rail_1r_orange_rht": "Hafif Raylı Sistem (1. Faz Yenilenmiş, Turuncu Görünümlü, RHT)",
	"train.mtr.light_rail_1r_rht": "Hafif Raylı Sistem (1. Faz Yenilenmiş, RHT)",
	"train.mtr.light_rail_2": "Hafif Raylı Sistem (2. Faz, LHT)",
	"train.mtr.light_rail_2r": "Hafif Raylı Sistem (Faz 2 Yenilenmiş, LHT)",
	"train.mtr.light_rail_2r_rht": "Hafif Raylı Sistem (Faz 2 Yenilenmiş, LHT)",
	"train.mtr.light_rail_2_orange": "Hafif Raylı Sistem (2. Faz, Turuncu Görünümlü, LHT)",
	"train.mtr.light_rail_2_orange_rht": "Hafif Raylı Sistem (2. Faz, Turuncu Görünümlü, RHT)",
	"train.mtr.light_rail_2_rht": "Hafif Raylı Sistem (2. Faz, RHT)",
	"train.mtr.light_rail_3": "Hafif Raylı Sistem (3. Faz, LHT)",
	"train.mtr.light_rail_3r": "Hafif Raylı Sistem (Faz 3 Yenilenmiş, LHT)",
	"train.mtr.light_rail_3r_rht": "Hafif Raylı Sistem (Faz 3 Yenilenmiş, LHT)",
	"train.mtr.light_rail_3_orange": "Hafif Raylı Sistem (3. Faz, Turuncu Görünümlü, LHT)",
	"train.mtr.light_rail_3_orange_rht": "Hafif Raylı Sistem (3. Faz, Turuncu Görünümlü, RHT)",
	"train.mtr.light_rail_3_rht": "Hafif Raylı Sistem (3. Faz, RHT)",
	"train.mtr.light_rail_4": "Hafif Raylı Sistem (4. Faz, LHT)",
	"train.mtr.light_rail_4_old": "Hafif Raylı Sistem (4. Faz, Mavi Görünümlü, LHT)",
	"train.mtr.light_rail_4_old_rht": "Hafif Raylı Sistem (4. Faz, Mavi Görünümlü, RHT)",
	"train.mtr.light_rail_4_orange": "Hafif Raylı Sistem (4. Faz, Turuncu Görünümlü, LHT)",
	"train.mtr.light_rail_4_orange_rht": "Hafif Raylı Sistem (4. Faz, Turuncu Görünümlü, RHT)",
	"train.mtr.light_rail_4_rht": "Hafif Raylı Sistem (4. Faz, RHT)",
	"train.mtr.light_rail_5": "Hafif Raylı Sistem (5. Faz, LHT)",
	"train.mtr.light_rail_5_old": "Hafif Raylı Sistem (5. Faz, Mavi Görünümlü, LHT)",
	"train.mtr.light_rail_5_old_rht": "Hafif Raylı Sistem (5. Faz, Mavi Görünümlü, RHT)",
	"train.mtr.light_rail_5_orange": "Hafif Raylı Sistem (5. Faz, Turuncu Görünümlü, LHT)",
	"train.mtr.light_rail_5_orange_rht": "Hafif Raylı Sistem (5. Faz, Turuncu Görünümlü, RHT)",
	"train.mtr.light_rail_5_rht": "Hafif Raylı Sistem (5. Faz, RHT)",
	"train.mtr.london_underground_1995": "London Underground 1995 Stock",
	"train.mtr.london_underground_1996": "London Underground 1996 Stock",
	"train.mtr.london_underground_d78": "London Underground D78 Stock",
	"train.mtr.london_underground_d78_mini": "London Underground D78 Stock (Ufak)",
	"train.mtr.m_train": "M-Train",
	"train.mtr.m_train_mini": "M-Train (Ufak)",
	"train.mtr.m_train_small": "M-Train (Küçük)",
	"train.mtr.minecart": "Minecart",
	"train.mtr.mlr": "MLR Train",
	"train.mtr.mlr_christmas": "MLR Treni (Yılbaşı Versiyonu)",
	"train.mtr.mlr_christmas_mini": "MLR Treni (Yılbaşı Versiyonu, Mini)",
	"train.mtr.mlr_christmas_small": "MLR Treni (Yılbaşı Versiyonu, Küçük)",
	"train.mtr.mlr_mini": "MLR Train (Ufak)",
	"train.mtr.mlr_small": "MLR Train (Küçük)",
	"train.mtr.mpl_85": "MPL 85",
	"train.mtr.ngong_ping_360_crystal": "Ngong Ping 360 Crystal Cabin (LHT)",
	"train.mtr.ngong_ping_360_crystal_rht": "Ngong Ping 360 Crystal Cabin (RHT)",
	"train.mtr.ngong_ping_360_crystal_plus": "Ngong Ping 360 Kristal + Kabin (LHT)",
	"train.mtr.ngong_ping_360_crystal_plus_rht": "Ngong Ping 360 Kristal + Kabin (LHT)",
	"train.mtr.ngong_ping_360_normal_light_blue": "Ngong Ping 360 (Açık Mavi, LHT)",
	"train.mtr.ngong_ping_360_normal_light_blue_rht": "Ngong Ping 360 (Açık Mavi, RHT)",
	"train.mtr.ngong_ping_360_normal_orange": "Ngong Ping 360 (Turuncu, LHT)",
	"train.mtr.ngong_ping_360_normal_orange_rht": "Ngong Ping 360 (Turuncu, RHT)",
	"train.mtr.ngong_ping_360_normal_red": "Ngong Ping 360 (Kırmızı, LHT)",
	"train.mtr.ngong_ping_360_normal_red_rht": "Ngong Ping 360 (Kırmızı, RHT)",
	"train.mtr.oak_boat": "Meşe Tekne",
	"train.mtr.r179": "R179 (New York Şehir Metrosu)",
	"train.mtr.r179_mini": "R179 (New York Şehir Metrosu, Ufak)",
	"train.mtr.r211": "R211 (New York Şehir Metrosu)",
	"train.mtr.r211_mini": "R211 (New York Şehir Metrosu, Ufak)",
	"train.mtr.r211t": "R211T (New York Şehir Metrosu)",
	"train.mtr.r211t_mini": "R211T (New York Şehir Metrosu, Ufak)",
	"train.mtr.r_train": "R-Train",
	"train.mtr.r_train_mini": "R-Train (Ufak)",
	"train.mtr.r_train_small": "R-Train (Küçük)",
	"train.mtr.s_train": "S-Train",
	"train.mtr.s_train_mini": "S-Train (Ufak)",
	"train.mtr.s_train_small": "S-Train (Küçük)",
	"train.mtr.sp1900": "SP1900",
	"train.mtr.sp1900_mini": "SP1900 (Ufak)",
	"train.mtr.sp1900_small": "SP1900 (Küçük)",
	"train.mtr.spruce_boat": "Ladin Tekne"
}
