{
	"block.minecraft.bedrock_slab": "Бедрокова плита",
	"block.minecraft.birch_wood_slab": "Березова плита",
	"block.minecraft.bone_block_slab": "Плита з кісток",
	"block.minecraft.chiseled_quartz_block_slab": "Тичина кварцова плита",
	"block.minecraft.chiseled_stone_bricks_slab": "Плита з висічених кам'яних цеглин",
	"block.minecraft.clay_slab": "Глиняна плита",
	"block.minecraft.coal_ore_slab": "Плита з вугільної руди",
	"block.minecraft.concrete": "Бетон",
	"block.minecraft.concrete_powder": "Цемент",
	"block.minecraft.concrete_powder_slab": "Цементна плита",
	"block.minecraft.concrete_slab": "Плита з бетону",
	"block.minecraft.cracked_stone_bricks_slab": "Потріскана кам’яна плита",
	"block.minecraft.gravel_slab": "Плита з гравію",
	"block.minecraft.iron_block_slab": "Залізна плита",
	"block.minecraft.metal": "Металевий блок",
	"block.minecraft.metal_slab": "Металева плита",
	"block.minecraft.planks": "Дерев’яні дошки",
	"block.minecraft.planks_slab": "Дерев’яні дошки",
	"block.minecraft.purpur_block_slab": "Плита з блоків пурпуру",
	"block.minecraft.purpur_pillar_slab": "Пурпурова опорна плита",
	"block.minecraft.quartz_block_slab": "Плита з кварцового блоку",
	"block.minecraft.quartz_bricks_slab": "Плита з кварцової цегли",
	"block.minecraft.quartz_pillar_slab": "Кварцова опорна плита",
	"block.minecraft.snow_block_slab": "Плита зі снігового блоку",
	"block.minecraft.stained_glass": "Кольорове Скло",
	"block.minecraft.stained_glass_slab": "Вітражна скляна плита",
	"block.minecraft.stone_bricks_slab": "Кам'яна цегляна плита",
	"block.minecraft.wool": "Вовна",
	"block.minecraft.wool_slab": "Вовняна плита",
	"block.mtr.airplane_node": "Вузол літака",
	"block.mtr.apg_door": "Автоматичні платформні двері",
	"block.mtr.apg_glass": "Автоматичні платформні двері",
	"block.mtr.apg_glass_end": "Автоматичні платформні двері",
	"block.mtr.arrival_projector_1_large": "Проєктор прибуття поїзду (3х3)",
	"block.mtr.arrival_projector_1_medium": "Проєктор прибуття поїзду (3х2)",
	"block.mtr.arrival_projector_1_small": "Проєктор прибуття поїзду (1х1)",
	"block.mtr.boat_node": "Човновий вузол",
	"block.mtr.cable_car_node_lower": "З'єднувач лінії підіймача (нижній)",
	"block.mtr.cable_car_node_station": "Вузол станції канатної дороги",
	"block.mtr.cable_car_node_upper": "З'єднувач лінії підіймача (верхній)",
	"block.mtr.ceiling": "Стеля",
	"block.mtr.ceiling_light": "Стеля (зі світлом)",
	"block.mtr.ceiling_no_light": "Стеля (без світла)",
	"block.mtr.clock": "Годинник",
	"block.mtr.clock_pole": "Стовб з годинником",
	"block.mtr.escalator_side": "Ескалатор",
	"block.mtr.escalator_step": "Ескалатор",
	"block.mtr.glass_fence_cio": "Скляний паркан",
	"block.mtr.glass_fence_ckt": "Скляний паркан",
	"block.mtr.glass_fence_heo": "Скляний паркан",
	"block.mtr.glass_fence_mos": "Скляний паркан",
	"block.mtr.glass_fence_plain": "Скляний паркан",
	"block.mtr.glass_fence_shm": "Скляний паркан",
	"block.mtr.glass_fence_stained": "Скляний паркан",
	"block.mtr.glass_fence_stw": "Скляний паркан",
	"block.mtr.glass_fence_tsh": "Скляний паркан",
	"block.mtr.glass_fence_wks": "Скляний паркан",
	"block.mtr.lift_buttons_1": "Кнопки виклику ліфта",
	"block.mtr.lift_door_1": "Двері ліфту",
	"block.mtr.lift_door_odd_1": "Двері ліфту",
	"block.mtr.lift_panel_even_1": "Панель управління ліфтом / Elevator Display Panel",
	"block.mtr.lift_panel_even_2": "Панель управління ліфтом / Elevator Display Panel",
	"block.mtr.lift_panel_odd_1": "Панель управління ліфтом / Elevator Display Panel",
	"block.mtr.lift_panel_odd_2": "Панель управління ліфтом / Elevator Display Panel",
	"block.mtr.lift_track_1": "Ліфтова рейка",
	"block.mtr.lift_track_floor_1": "Ліфтова рейка (поверх)",
	"block.mtr.logo": "Логотип MTR",
	"block.mtr.marble_blue": "Блакитний мармур",
	"block.mtr.marble_blue_slab": "Плита з блакитного мармуру",
	"block.mtr.marble_sandy": "Піщаний мармур",
	"block.mtr.marble_sandy_slab": "Плита з пісочного мармуру",
	"block.mtr.metal": "Металевий блок",
	"block.mtr.metal_slab": "Металева плита",
	"block.mtr.pids_1": "Система табло з інформацією для пасажирів",
	"block.mtr.pids_2": "Система табло з інформацією для пасажирів",
	"block.mtr.pids_3": "Система табло з інформацією для пасажирів",
	"block.mtr.pids_pole": "Поле PIDS",
	"block.mtr.platform": "Платформа (Гонконг)",
	"block.mtr.platform_indented": "Платформа (Гонконг)",
	"block.mtr.platform_na_1": "Платформа (Північна Америка)",
	"block.mtr.platform_na_1_indented": "Платформа (Північна Америка)",
	"block.mtr.platform_na_2": "Платформа (Північна Америка)",
	"block.mtr.platform_na_2_indented": "Платформа (Північна Америка)",
	"block.mtr.platform_uk_1": "Платформа (Об'єднане Королівство)",
	"block.mtr.platform_uk_1_indented": "Платформа (Об'єднане Королівство)",
	"block.mtr.psd_door": "Платформні сітчасті двері",
	"block.mtr.psd_door_2": "Платформні сітчасті двері",
	"block.mtr.psd_glass": "Платформні сітчасті двері",
	"block.mtr.psd_glass_2": "Платформні сітчасті двері",
	"block.mtr.psd_glass_end": "Платформні сітчасті двері",
	"block.mtr.psd_glass_end_2": "Платформні сітчасті двері",
	"block.mtr.psd_top": "Платформні сітчасті двері",
	"block.mtr.rail": "З'єднувач колій",
	"block.mtr.railway_sign": "Залізничний знак",
	"block.mtr.railway_sign_pole": "Стовп залізничного знака",
	"block.mtr.route_sign_standing_light": "Вказівник маршруту (Підлога, легкий)",
	"block.mtr.route_sign_standing_metal": "Вказівник маршруту (Підлога, металічний)",
	"block.mtr.route_sign_wall_light": "Вказівник маршруту (Стіна, легкий)",
	"block.mtr.route_sign_wall_metal": "Вказівник маршруту (Стіна, металічний)",
	"block.mtr.rubbish_bin_1": "Відро для сміття",
	"block.mtr.signal_light_1": "Сигнальний ліхтар (2 аспекти)",
	"block.mtr.signal_light_2": "Сигнальна лампа (2 аспекти, двостороння)",
	"block.mtr.signal_light_3": "Сигнальний ліхтар (2 аспекти)",
	"block.mtr.signal_light_3_aspect_1": "Сигнальний ліхтар (3 аспекти)",
	"block.mtr.signal_light_3_aspect_2": "Сигнальна лампа (3 аспекти, двостороння)",
	"block.mtr.signal_light_4": "Сигнальна лампа (2 аспекти, двостороння)",
	"block.mtr.signal_light_4_aspect_1": "Сигнальний ліхтар (4 аспекти)",
	"block.mtr.signal_light_4_aspect_2": "Сигнальна лампа (4 аспекти, двостороння)",
	"block.mtr.signal_pole": "Сигнальний стовп",
	"block.mtr.signal_semaphore_1": "Сигнал семафора",
	"block.mtr.signal_semaphore_2": "Семафорний сигнал (двосторонній)",
	"block.mtr.station_name_entrance": "Назва станції (Вхід)",
	"block.mtr.station_name_tall_block": "Назва станції (високий блок)",
	"block.mtr.station_name_tall_block_double_sided": "Назва станції (високий блок, двосторонній)",
	"block.mtr.station_name_tall_wall": "Назва станції (текст на високій стіні)",
	"block.mtr.station_name_wall": "Назва станції (текст на стіні, білий)",
	"block.mtr.station_name_wall_black": "Назва станції (текст на стіні, чорний)",
	"block.mtr.station_name_wall_gray": "Назва станції (текст на стіні, сірий)",
	"block.mtr.station_pole": "Кольоровий полюс станції",
	"block.mtr.tactile_map": "Тактильна карта",
	"block.mtr.ticket_barrier_entrance_1": "Турнікет (Вхід)",
	"block.mtr.ticket_barrier_exit_1": "Турнікет (Вихід)",
	"block.mtr.ticket_machine": "Квитки",
	"block.mtr.ticket_processor": "Обробник квитків",
	"block.mtr.ticket_processor_enquiry": "Обробник запитів",
	"block.mtr.ticket_processor_entrance": "Касир (вхідний квиток)",
	"block.mtr.ticket_processor_exit": "Обробник квитків (вихід)",
	"block.mtr.train_announcer": "Диктор",
	"block.mtr.train_cargo_loader": "Вантажопідіймач",
	"block.mtr.train_cargo_unloader": "Вантажовідгрузчик",
	"block.mtr.train_schedule_sensor": "Датчик розкладу",
	"block.mtr.train_sensor": "Датчик редстоуну",
	"category.mtr.keybinding": "Транзитна Залізнична Зв'язка Minecraft",
	"entity.mtr.seat": "",
	"gui.mtr.acceleration": "Прискорення транспорту",
	"gui.mtr.add_balance_for_emeralds": "Додати $%s за %s смарагд(и)",
	"gui.mtr.add_depot": "Додати Депо",
	"gui.mtr.add_exit": "Додати вхід на станцію",
	"gui.mtr.add_exit_destination": "Додати місце призначення",
	"gui.mtr.add_route": "Додати маршрут",
	"gui.mtr.add_station": "Додати станцію",
	"gui.mtr.add_value": "Додати вартість",
	"gui.mtr.already_entered": "Станція вже існує",
	"gui.mtr.already_exited": "Записів не знайдено",
	"gui.mtr.announcement_message": "Оголошення",
	"gui.mtr.anticlockwise_to": "Проти годинникової стрілки до %s",
	"gui.mtr.anticlockwise_to_cjk": "Проти годинникової стрілки в напрямку %s",
	"gui.mtr.anticlockwise_via": "Проти годинникової стрілки в напрямку %s",
	"gui.mtr.anticlockwise_via_cjk": "Проти годинникової стрілки %s",
	"gui.mtr.arrival_car": "%s-вагон",
	"gui.mtr.arrival_car_cjk": "%s картка",
	"gui.mtr.arrival_min": "%s хв",
	"gui.mtr.arrival_min_cjk": "%s хв",
	"gui.mtr.arrival_sec": "%s сек",
	"gui.mtr.arrival_sec_cjk": "Секунда %s",
	"gui.mtr.automatically_detect_nearby_platform": "Автоматичне визначення найближчої платформи",
	"gui.mtr.available": "Доступно",
	"gui.mtr.available_model_parts": "Достуні частини моделі",
	"gui.mtr.balance": "Баланс: %s",
	"gui.mtr.cable_car_invalid_orientation": "Невірне кабельне з'єднання",
	"gui.mtr.cars_to_spawn": "Автомобілі для появи: %s",
	"gui.mtr.clear_vehicles": "Прибрати машини",
	"gui.mtr.clockwise_to": "За годинниковою стрілкою %s",
	"gui.mtr.clockwise_to_cjk": "За годинниковою стрілкою в напрямку %s",
	"gui.mtr.clockwise_via": "За годинниковою стрілкою %s",
	"gui.mtr.clockwise_via_cjk": "За годинниковою стрілкою через %s",
	"gui.mtr.color": "Колір",
	"gui.mtr.comma": ", ",
	"gui.mtr.comma_cjk": "、",
	"gui.mtr.comma_last": " і ",
	"gui.mtr.comma_last_cjk": "або",
	"gui.mtr.connecting_station_interchange_announcement_part": "Станція %1$s на станції %2$s",
	"gui.mtr.connecting_station_interchange_announcement_part_cjk": "往%2$s站轉乘%1$s",
	"gui.mtr.connecting_station_part": "Пасажири можуть перейти на %s.",
	"gui.mtr.connecting_station_part_cjk": "Пасажири можуть зупинитися на цій станції %s",
	"gui.mtr.cruising_altitude": "Крейсерська висота",
	"gui.mtr.custom_destination_suggestion": "Пункт призначення (\\r для скидання)",
	"gui.mtr.custom_resources_export_resource_pack": "Експортувати ресурспак",
	"gui.mtr.custom_resources_gangway_connection_id": "Ідентифікатор з'єднання Gangway",
	"gui.mtr.custom_resources_id": "Ідентифікатор",
	"gui.mtr.custom_resources_name": "Назва",
	"gui.mtr.custom_resources_rider_offset": "Переміщення пасажира: %s",
	"gui.mtr.custom_resources_train_barrier_id": "Ідентифікатор залізничного бар'єра",
	"gui.mtr.delete_confirmation": "Ви впевнені, що бажаєте видалити %s?",
	"gui.mtr.depot_color": "Колір Депо",
	"gui.mtr.depot_name": "Ім'я Депо",
	"gui.mtr.depots": "Депо",
	"gui.mtr.disable_next_station_announcements": "Вимкнути оголошення про наступну станцію",
	"gui.mtr.dismount_hold": "Утримуйте %s щоб примусово демонтувати: %s",
	"gui.mtr.display_page": "Номер сторінки",
	"gui.mtr.door_animation_type_bouncy_1": "Двері: Надувні (1)",
	"gui.mtr.door_animation_type_bouncy_2": "Двері: Надувні (2)",
	"gui.mtr.door_animation_type_constant": "Двері: Постійні",
	"gui.mtr.door_animation_type_mlr": "Двері: MLR",
	"gui.mtr.door_animation_type_plug_fast": "Двері: Швидко роз'ємні",
	"gui.mtr.door_animation_type_plug_slow": "Двері: повільно закриваються",
	"gui.mtr.door_animation_type_r179": "Двері: R179",
	"gui.mtr.door_animation_type_r211": "Двері: R211",
	"gui.mtr.door_animation_type_standard": "Двері: Стандартні",
	"gui.mtr.door_animation_type_standard_slow": "Двері: Повільно",
	"gui.mtr.drag_file_to_upload": "Перетягніть файл для завантаження",
	"gui.mtr.dwell_time": "Час затримки транспорту",
	"gui.mtr.edit_area": "Нажміть й перемістіть щоб вказати зону.",
	"gui.mtr.edit_instructions": "Редагувати інструкції для поїздів",
	"gui.mtr.edit_route": "Натисніть на платформу, щоб додати її до маршруту.",
	"gui.mtr.editing_part": "Редагування: %s",
	"gui.mtr.emeralds": "Смарагдів: %s",
	"gui.mtr.enter_barrier": "Введено %s - Баланс: $%s",
	"gui.mtr.exit_barrier": "Виведено %s - Доплата: $%s - Баланс: $%s",
	"gui.mtr.exit_destinations": "Напрямки",
	"gui.mtr.exit_parents": "Виходи станції",
	"gui.mtr.file_model": "Файл Blockbench",
	"gui.mtr.file_properties": "Файл властивостей (необов'язково)",
	"gui.mtr.file_texture": "Файл текстур",
	"gui.mtr.file_upload": "Завантаження...",
	"gui.mtr.filtered_platforms": "Обрані платформи (%s)",
	"gui.mtr.filtered_routes": "Відфільтровані маршрути (%s)",
	"gui.mtr.filtered_routes_condition": "Лише транспортні засоби, що працюють на наступних маршрутах, активуються цей блок",
	"gui.mtr.filtered_routes_empty": "Усі транспортні засоби активують цей блок",
	"gui.mtr.game_time": "Час гри",
	"gui.mtr.generate_map": "Створити карту маршруту",
	"gui.mtr.generating_path": "Створення шляху",
	"gui.mtr.hide_arrival": "Приховати прибуття",
	"gui.mtr.insufficient_balance": "Недостатньо коштів ($%s)",
	"gui.mtr.interchange_announcement": "Пересадка на Станцію %s.",
	"gui.mtr.interchange_announcement_cjk": "Пасажири зможуть пересісти о %s",
	"gui.mtr.invalid_orientation": "Не вдалося з'єднати рейсу; неправильне положення",
	"gui.mtr.is_anticlockwise_route": "Кільцевий маршрут проти часової стрілки",
	"gui.mtr.is_clockwise_route": "Кільцевий маршрут по часовій стрілці",
	"gui.mtr.is_light_rail_route": "Має номер маршруту",
	"gui.mtr.is_manual": "Керований транспортний засіб",
	"gui.mtr.is_route_hidden": "Приховати маршрут",
	"gui.mtr.last_airplane_station": "Цей рейс прямує до станції %s",
	"gui.mtr.last_airplane_station_cjk": "本航班往%s",
	"gui.mtr.last_boat_station": "This vessel is going to %s",
	"gui.mtr.last_boat_station_cjk": "本渡輪往%s",
	"gui.mtr.last_cable_car_station": "This cable car is going to %s",
	"gui.mtr.last_cable_car_station_cjk": "本纜車往%s",
	"gui.mtr.last_train_station": "Цей потяг їде до станції %s",
	"gui.mtr.last_train_station_cjk": "本列車往%s",
	"gui.mtr.left": "Left",
	"gui.mtr.lift_buttons_locked": "Кнопки заблоковані",
	"gui.mtr.lift_buttons_unlocked": "Кнопки розблоковано",
	"gui.mtr.lift_floor_description": "Опис",
	"gui.mtr.lift_floor_number": "Поверх",
	"gui.mtr.lift_is_double_sided": "Double-sided",
	"gui.mtr.lift_should_ding": "Відтворювати звук \"Ding\"",
	"gui.mtr.lift_style": "Style: %s",
	"gui.mtr.lift_style_opaque": "Opaque",
	"gui.mtr.lift_style_transparent": "Transparent",
	"gui.mtr.lift_track_required": "Lift / Elevator Tracks Required",
	"gui.mtr.light_rail_route_announcement": "Їде по маршруту %s до %s.",
	"gui.mtr.light_rail_route_announcement_cjk": "本班為%s綫列車前往%s。",
	"gui.mtr.light_rail_route_number": "Номер маршруту",
	"gui.mtr.london_train_interchange_announcement": "Change here for %s.",
	"gui.mtr.london_train_interchange_announcement_cjk": "乘客可在該站轉乘%s。",
	"gui.mtr.london_train_next_station_announcement": "The next station is %s.",
	"gui.mtr.london_train_next_station_announcement_cjk": "下一站是%s。",
	"gui.mtr.london_train_route_announcement": "This is a %s train terminating at %s.",
	"gui.mtr.london_train_route_announcement_cjk": "本班為%s列車前往%s。",
	"gui.mtr.london_train_terminating_announcement": "This train terminates here.",
	"gui.mtr.london_train_terminating_announcement_cjk": "列車以本站為終點站。",
	"gui.mtr.london_train_this_station_announcement": "This station is %s.",
	"gui.mtr.london_train_this_station_announcement_cjk": "本站是%s。",
	"gui.mtr.manual_to_automatic_time": "Drivable Timeout",
	"gui.mtr.max_manual_speed": "Максимальна швидкість руху",
	"gui.mtr.max_vehicles": "Максимальна кількість потягів на під'їзних коліях",
	"gui.mtr.mismatched_versions": "Будь ласка, оновіть Minecraft Transit Mod і спробуйте знову.",
	"gui.mtr.mismatched_versions_server_version": "Версія Серверу: %s",
	"gui.mtr.mismatched_versions_your_version": "Ваша версія: %s",
	"gui.mtr.moving_only": "Тільки для рухомих потягів",
	"gui.mtr.mtr_options": "Налаштування Minecraft Transit Railway",
	"gui.mtr.name": "Ім’я",
	"gui.mtr.next_departure": "Очікуваний наступний виїзд: %s",
	"gui.mtr.next_departure_none": "Ніяких відправлень не заплановано",
	"gui.mtr.next_route_airplane_announcement": "This flight will be changed to the %s to %s.",
	"gui.mtr.next_route_airplane_announcement_cjk": "本航班會改為%s前往%s。",
	"gui.mtr.next_route_boat_announcement": "This vessel will be changed to the %s to %s.",
	"gui.mtr.next_route_boat_announcement_cjk": "本渡輪會改為%s前往%s。",
	"gui.mtr.next_route_boat_light_rail_announcement": "This route will be changed to route %s. Passengers to %s, please take this vessel.",
	"gui.mtr.next_route_boat_light_rail_announcement_cjk": "本渡輪會改為%s路綫。前往%s沿途各站之乘客，可乘本渡輪。",
	"gui.mtr.next_route_cable_car_announcement": "This cable car will be changed to the %s to %s.",
	"gui.mtr.next_route_cable_car_announcement_cjk": "本纜車會改為%s前往%s。",
	"gui.mtr.next_route_train_announcement": "This train will be changed to the %s to %s.",
	"gui.mtr.next_route_train_announcement_cjk": "本班車會改為%s前往%s。",
	"gui.mtr.next_route_train_light_rail_announcement": "This route will be changed to route %s. Passengers to %s, please take this train.",
	"gui.mtr.next_route_train_light_rail_announcement_cjk": "本班車會改為%s路綫。前往%s沿途各站之乘客，可乘本列車。",
	"gui.mtr.next_station": "Наступна станція: %s",
	"gui.mtr.next_station_announcement": "Наступна станція: %s.",
	"gui.mtr.next_station_announcement_cjk": "下一站：%s。",
	"gui.mtr.next_station_cjk": "下一站是%s",
	"gui.mtr.next_station_light_rail_announcement": "Наступна зупинка: %s.",
	"gui.mtr.next_station_light_rail_announcement_cjk": "下一站：%s。",
	"gui.mtr.no_lift_tracks_floor_found": "No Lift / Elevator Floor Tracks Found",
	"gui.mtr.offset_x": "Зсув по X: %s",
	"gui.mtr.offset_y": "Зсув по Y: %s",
	"gui.mtr.offset_z": "Зсув по Z: %s",
	"gui.mtr.part_blacklisted_cars": "Вагони в чорному списку",
	"gui.mtr.part_display_cjk_size_ratio": "CJK Size: %s",
	"gui.mtr.part_display_force_single_line": "Force Single Line",
	"gui.mtr.part_display_force_upper_case": "Force Upper Case",
	"gui.mtr.part_display_should_scroll": "Scrolling Text",
	"gui.mtr.part_display_text_color": "Colour",
	"gui.mtr.part_display_text_color_cjk": "CJK/Non-CJK Colour",
	"gui.mtr.part_display_type_destination": "Type: Destination",
	"gui.mtr.part_display_type_next_station_kcr": "Type: Next Station (KCR)",
	"gui.mtr.part_display_type_next_station_mtr": "Type: Next Station (MTR)",
	"gui.mtr.part_display_type_next_station_plain": "Type: Next Station",
	"gui.mtr.part_display_type_next_station_uk": "Type: Next Station (UK)",
	"gui.mtr.part_display_type_route_number": "Type: Route Number",
	"gui.mtr.part_display_x_padding": "X Padding: %s",
	"gui.mtr.part_display_y_padding": "Y Padding: %s",
	"gui.mtr.part_door_offset_left_negative": "Door Offset: -Left",
	"gui.mtr.part_door_offset_left_positive": "Door Offset: +Left",
	"gui.mtr.part_door_offset_none": "Door Offset: None",
	"gui.mtr.part_door_offset_right_negative": "Door Offset: -Right",
	"gui.mtr.part_door_offset_right_positive": "Door Offset: +Right",
	"gui.mtr.part_is_display": "Is Display",
	"gui.mtr.part_mirror": "Mirrored",
	"gui.mtr.part_positions": "Позиції",
	"gui.mtr.part_render_condition_all": "Render: Always",
	"gui.mtr.part_render_condition_door_left_closed": "Render: Left Doors Closed",
	"gui.mtr.part_render_condition_door_left_open": "Render: Left Doors Open",
	"gui.mtr.part_render_condition_door_right_closed": "Render: Right Doors Closed",
	"gui.mtr.part_render_condition_door_right_open": "Render: Right Doors Open",
	"gui.mtr.part_render_condition_doors_closed": "Рендеринг: Двері зачинені",
	"gui.mtr.part_render_condition_doors_open": "Рендеринг: Двері відкриті",
	"gui.mtr.part_render_condition_moving_backwards": "Рендеринг: Рух назад",
	"gui.mtr.part_render_condition_moving_forwards": "Рендеринг: Рух вперед",
	"gui.mtr.part_skip_rendering_if_too_far": "Приховати якщо далеко",
	"gui.mtr.part_stage_always_on_lights": "Світло (завжди ввімкнено)",
	"gui.mtr.part_stage_exterior": "Екстер'єр",
	"gui.mtr.part_stage_interior": "Всередині",
	"gui.mtr.part_stage_interior_translucent": "Всередині (напівпрозорий)",
	"gui.mtr.part_stage_lights": "Ліхтарі",
	"gui.mtr.part_whitelisted_cars": "Дозволені транспортні засоби",
	"gui.mtr.path_found": "Маршрути створено успішно",
	"gui.mtr.path_not_found_between": "Маршрут не знайдено|> %s|між|> %s|та|> %s|",
	"gui.mtr.path_not_generated": "Маршрут не створено",
	"gui.mtr.percentage_complete_bridge": "Будівництво мосту (%s%%)",
	"gui.mtr.percentage_complete_tunnel": "Будівництво тунелю (%s%%)",
	"gui.mtr.percentage_complete_tunnel_wall": "Будівництво тунельної стіни (%s%%)",
	"gui.mtr.pids_message": "Користувацькі повідомлення \"Інформаційні табло\"",
	"gui.mtr.platform": "Платформа %s",
	"gui.mtr.platform_number": "Номер платформи",
	"gui.mtr.platform_or_siding_exists": "Кожен вузол рейок може бути підключений тільки до однієї платформи або на стороні",
	"gui.mtr.press_to_select_floor": "Натисніть %s, щоб обрати поверх",
	"gui.mtr.psd_apg_door_locked": "Door Locked",
	"gui.mtr.psd_apg_door_unlocked": "Door Unlocked",
	"gui.mtr.radius_too_small": "Не вдалося з'єднати рейку; радіус має бути щонайменше 2",
	"gui.mtr.rail_action_bridge": "Міст від %s (%s блоків завдовжки, %s)",
	"gui.mtr.rail_action_tunnel": "Тунель від %s (%s блоків завдовжки)",
	"gui.mtr.rail_action_tunnel_wall": "Тунельна стіна на %s (%s блоків завдовжки, %s)",
	"gui.mtr.rail_actions": "Поточні збірні операції",
	"gui.mtr.rail_actions_button": "Операція...",
	"gui.mtr.rail_not_found": "Не вдалося створити сигнал; не знайдено рейки",
	"gui.mtr.rail_not_found_action": "Не вдалося виконати дію; не знайдено рейки",
	"gui.mtr.refresh_path": "Оновити маршрут",
	"gui.mtr.repeat_indefinitely": "Repeat Instructions Forever",
	"gui.mtr.reset_sign": "Скинути",
	"gui.mtr.right": "Right",
	"gui.mtr.rotate_anticlockwise": "Rotate Anticlockwise",
	"gui.mtr.rotate_clockwise": "Rotate Clockwise",
	"gui.mtr.route_color": "Колір маршруту",
	"gui.mtr.route_name": "Назва маршруту",
	"gui.mtr.route_type_boat_high_speed": "Тип: Швидка порома",
	"gui.mtr.route_type_boat_light_rail": "Тип: Круїз",
	"gui.mtr.route_type_boat_normal": "Тип: Пором",
	"gui.mtr.route_type_train_high_speed": "Тип: Висока швидкість",
	"gui.mtr.route_type_train_light_rail": "Тип: Трамвай",
	"gui.mtr.route_type_train_normal": "Тип: Звичайний",
	"gui.mtr.routes": "Маршрути",
	"gui.mtr.s": "с",
	"gui.mtr.schedule_mode_real_time_off": "Schedule: Minecraft Time",
	"gui.mtr.schedule_mode_real_time_on": "Schedule: Real Time",
	"gui.mtr.search": "Пошук",
	"gui.mtr.select_all_platforms": "Показати прибуття з усіх платформ",
	"gui.mtr.selected": "Обрані",
	"gui.mtr.selected_vehicle": "Обрані транспортні засоби",
	"gui.mtr.separator": "/",
	"gui.mtr.separator_cjk": "/",
	"gui.mtr.settings": "Налаштування",
	"gui.mtr.siding_number": "Номер напрямку",
	"gui.mtr.sidings_in_depot": "Sidings in this depot: %s",
	"gui.mtr.sound_file": "Звуковий файл",
	"gui.mtr.station": "Станція %s",
	"gui.mtr.station_cjk": "Станція %s",
	"gui.mtr.station_color": "Колір станції",
	"gui.mtr.station_name": "Назва станції",
	"gui.mtr.stations": "Станції",
	"gui.mtr.stopped_only": "Тільки для зупинених потягів",
	"gui.mtr.support": "Підтримка",
	"gui.mtr.this_station": "Це станція %s",
	"gui.mtr.this_station_cjk": "本站是%s",
	"gui.mtr.to": "до %s",
	"gui.mtr.to_cjk": "до %s",
	"gui.mtr.tph": "/год",
	"gui.mtr.train_schedule_sensor": "Запізднюєтся на (секунд)",
	"gui.mtr.transport_mode_airplane": "Type: Airplane",
	"gui.mtr.transport_mode_boat": "Type: Boat",
	"gui.mtr.transport_mode_cable_car": "Type: Cable Car",
	"gui.mtr.transport_mode_train": "Type: Train",
	"gui.mtr.unlimited": "Необмежено",
	"gui.mtr.unlimited_vehicles": "Необмежена кількість транспортних засобів",
	"gui.mtr.untitled": "Без назви",
	"gui.mtr.use_time_and_wind_sync": "Automatically sync time using the Time & Wind mod",
	"gui.mtr.used_model_parts": "Used Model Parts",
	"gui.mtr.vehicle_brightness": "Brightness: %s%%",
	"gui.mtr.vehicle_cars": "Cars: %s",
	"gui.mtr.vehicle_direction_backwards": "Direction: Backwards",
	"gui.mtr.vehicle_direction_forwards": "Direction: Forwards",
	"gui.mtr.vehicle_door_max": "Door: %s",
	"gui.mtr.vehicle_length": "Length: %s",
	"gui.mtr.vehicle_speed": "Speed: %s m/s (%s km/h)",
	"gui.mtr.vehicle_width": "Width: %s",
	"gui.mtr.vehicles_per_hour": "Vehicles Per Hour",
	"gui.mtr.welcome_station": "Ласкаво просимо на %s Station.",
	"gui.mtr.welcome_station_cjk": "歡迎光臨%s站。",
	"gui.mtr.zone": "Тарифна Зона",
	"gui.mtr.zone_number": "Зона %s",
	"item.mtr.apg_door": "Автоматичні ворота платформи",
	"item.mtr.apg_glass": "Автоматичні ворота платформи",
	"item.mtr.apg_glass_end": "Автоматичні ворота платформи",
	"item.mtr.bridge_creator_3": "Bridge Creator",
	"item.mtr.bridge_creator_5": "Bridge Creator",
	"item.mtr.bridge_creator_7": "Bridge Creator",
	"item.mtr.bridge_creator_9": "Bridge Creator",
	"item.mtr.brush": "Пензлик",
	"item.mtr.dashboard": "Панель залізничних шляхів",
	"item.mtr.dashboard_2": "Boat Dashboard",
	"item.mtr.dashboard_3": "Cable Car Dashboard",
	"item.mtr.dashboard_4": "Flight Dashboard",
	"item.mtr.driver_key": "Driver Key",
	"item.mtr.escalator": "Ескалатор",
	"item.mtr.lift_buttons_link_connector": "Lift / Elevator Buttons Link Connector",
	"item.mtr.lift_buttons_link_remover": "Lift / Elevator Buttons Link Remover",
	"item.mtr.lift_door_1": "Lift / Elevator Doors",
	"item.mtr.lift_door_odd_1": "Lift / Elevator Doors",
	"item.mtr.lift_refresher": "Lift / Elevator Refresher",
	"item.mtr.psd_door": "Платформні сітчасті двері",
	"item.mtr.psd_door_2": "Платформні сітчасті двері",
	"item.mtr.psd_glass": "Платформні сітчасті двері",
	"item.mtr.psd_glass_2": "Платформні сітчасті двері",
	"item.mtr.psd_glass_end": "Платформні сітчасті двері",
	"item.mtr.psd_glass_end_2": "Платформні сітчасті двері",
	"item.mtr.rail_connector_120": "Obsidian Rail Connector",
	"item.mtr.rail_connector_120_one_way": "Obsidian Rail Connector (One-way)",
	"item.mtr.rail_connector_160": "Blaze Rail Connector",
	"item.mtr.rail_connector_160_one_way": "Blaze Rail Connector (One-way)",
	"item.mtr.rail_connector_20": "Wooden Rail Connector",
	"item.mtr.rail_connector_200": "Quartz Rail Connector",
	"item.mtr.rail_connector_200_one_way": "Кварцовий з'єднувач рейок (Односторонній)",
	"item.mtr.rail_connector_20_one_way": "Дерев'яний з'єднувач рейок (Односторонній)",
	"item.mtr.rail_connector_300": "Діамантовий з'єднувач рейок",
	"item.mtr.rail_connector_300_one_way": "Діамантовий з'єднувач рейок (Односторонній)",
	"item.mtr.rail_connector_40": "Кам'яний з'єднувач рейок",
	"item.mtr.rail_connector_40_one_way": "Кам'яний з'єднувач рейок (Односторонній)",
	"item.mtr.rail_connector_60": "Смарагдовий з'єднувач рейок",
	"item.mtr.rail_connector_60_one_way": "Смарагдовий з'єднувач рейок (Односторонній)",
	"item.mtr.rail_connector_80": "Залізний з'єднувач рейок",
	"item.mtr.rail_connector_80_one_way": "Залізний з'єднувач рейок (Односторонній)",
	"item.mtr.rail_connector_cable_car": "З'єднувач фунікулерів",
	"item.mtr.rail_connector_platform": "Платформа залізничного з'єднувача",
	"item.mtr.rail_connector_runway": "Runway Rail Connector",
	"item.mtr.rail_connector_siding": "Ведучий залізничний з'єднувач",
	"item.mtr.rail_connector_turn_back": "Рейси Оберту",
	"item.mtr.rail_remover": "Видаляч рейс",
	"item.mtr.resource_pack_creator": "Творець ресурспаків",
	"item.mtr.signal_connector_black": "Чорний з'єднувач сигналу",
	"item.mtr.signal_connector_blue": "Синій з'єднувач сигналу",
	"item.mtr.signal_connector_brown": "Коричневий з'єднувач сигналу",
	"item.mtr.signal_connector_cyan": "Бірюзовий з'єднувач сигналу",
	"item.mtr.signal_connector_gray": "Сірий з'єднувач сигналу",
	"item.mtr.signal_connector_green": "Зелений з'єднувач сигналу",
	"item.mtr.signal_connector_light_blue": "Блакитний з'єднувач сигналу",
	"item.mtr.signal_connector_light_gray": "Світло-сірий з'єднувач сигналу",
	"item.mtr.signal_connector_lime": "Салатовий з'єднувач сигналу",
	"item.mtr.signal_connector_magenta": "Малиновий з'єднувач сигналу",
	"item.mtr.signal_connector_orange": "Помаранчевий з'єднувач сигналу",
	"item.mtr.signal_connector_pink": "Рожевий з'єднувач сигналу",
	"item.mtr.signal_connector_purple": "Пурпуровий з'єднувач сигналу",
	"item.mtr.signal_connector_red": "Червоний з'єднувач сигналу",
	"item.mtr.signal_connector_white": "Білий з'єднувач сигналу",
	"item.mtr.signal_connector_yellow": "Жовтий з'єднувач сигналу",
	"item.mtr.signal_remover_black": "Вимикач чорного сигналу",
	"item.mtr.signal_remover_blue": "Вимикач білого сигналу",
	"item.mtr.signal_remover_brown": "Вимикач коричневого сигналу",
	"item.mtr.signal_remover_cyan": "Вимикач бірюзового сигналу",
	"item.mtr.signal_remover_gray": "Вимикач сірого сигналу",
	"item.mtr.signal_remover_green": "Вимикач зеленого сигналу",
	"item.mtr.signal_remover_light_blue": "Вимикач блакитного сигналу",
	"item.mtr.signal_remover_light_gray": "Вимикач світло-сірого сигналу",
	"item.mtr.signal_remover_lime": "Вимикач салатового сигналу",
	"item.mtr.signal_remover_magenta": "Вимикач малинового сигналу",
	"item.mtr.signal_remover_orange": "Вимикач помаранчевого сигналу",
	"item.mtr.signal_remover_pink": "Вимикач рожевого сигналу",
	"item.mtr.signal_remover_purple": "Вимикач пурпурового сигналу",
	"item.mtr.signal_remover_red": "Вимикач червоного сигналу",
	"item.mtr.signal_remover_white": "Вимикач білого сигналу",
	"item.mtr.signal_remover_yellow": "Вимикач жовтого сигналу",
	"item.mtr.tunnel_creator_4_3": "Генератор тунелів",
	"item.mtr.tunnel_creator_4_5": "Генератор тунелів",
	"item.mtr.tunnel_creator_4_7": "Генератор тунелів",
	"item.mtr.tunnel_creator_4_9": "Генератор тунелів",
	"item.mtr.tunnel_creator_5_3": "Генератор тунелів",
	"item.mtr.tunnel_creator_5_5": "Генератор тунелів",
	"item.mtr.tunnel_creator_5_7": "Генератор тунелів",
	"item.mtr.tunnel_creator_5_9": "Tunnel Creator",
	"item.mtr.tunnel_creator_6_3": "Tunnel Creator",
	"item.mtr.tunnel_creator_6_5": "Tunnel Creator",
	"item.mtr.tunnel_creator_6_7": "Tunnel Creator",
	"item.mtr.tunnel_creator_6_9": "Tunnel Creator",
	"item.mtr.tunnel_wall_creator_4_3": "Tunnel Wall Creator",
	"item.mtr.tunnel_wall_creator_4_5": "Tunnel Wall Creator",
	"item.mtr.tunnel_wall_creator_4_7": "Tunnel Wall Creator",
	"item.mtr.tunnel_wall_creator_4_9": "Tunnel Wall Creator",
	"item.mtr.tunnel_wall_creator_5_3": "Tunnel Wall Creator",
	"item.mtr.tunnel_wall_creator_5_5": "Tunnel Wall Creator",
	"item.mtr.tunnel_wall_creator_5_7": "Tunnel Wall Creator",
	"item.mtr.tunnel_wall_creator_5_9": "Tunnel Wall Creator",
	"item.mtr.tunnel_wall_creator_6_3": "Tunnel Wall Creator",
	"item.mtr.tunnel_wall_creator_6_5": "Tunnel Wall Creator",
	"item.mtr.tunnel_wall_creator_6_7": "Tunnel Wall Creator",
	"item.mtr.tunnel_wall_creator_6_9": "Tunnel Wall Creator",
	"itemGroup.mtr.core": "Minecraft Transit Railway Core",
	"itemGroup.mtr.escalators_lifts": "Escalators and Lifts / Elevators",
	"itemGroup.mtr.railway_facilities": "Railway Facilities",
	"itemGroup.mtr.station_building_blocks": "Station Building Blocks",
	"key.mtr.debug_1_negative": "Debug Field 1 (Subtract)",
	"key.mtr.debug_1_positive": "Debug Field 1 (Add)",
	"key.mtr.debug_2_negative": "Debug Field 2 (Subtract)",
	"key.mtr.debug_2_positive": "Debug Field 2 (Add)",
	"key.mtr.debug_3_negative": "Debug Field 3 (Subtract)",
	"key.mtr.debug_3_positive": "Debug Field 3 (Add)",
	"key.mtr.debug_cycle_negative": "Cycle Debug Category (Backwards)",
	"key.mtr.debug_cycle_positive": "Cycle Debug Category (Forwards)",
	"key.mtr.lift_menu": "Open Lift / Elevator Floor Selection",
	"key.mtr.train_accelerate": "Accelerate Vehicle",
	"key.mtr.train_brake": "Brake Vehicle",
	"key.mtr.train_toggle_doors": "Перемкнути двері",
	"options.mtr.anonymous": "Anonymous",
	"options.mtr.dynamic_texture_resolution": "Dynamic texture resolution (higher values might crash!)",
	"options.mtr.hide_special_rail_colors": "Hide special rail colours",
	"options.mtr.hide_translucent_parts": "Hide translucent parts on vehicles",
	"options.mtr.language_options": "Language display on signs",
	"options.mtr.language_options_0": "Default",
	"options.mtr.language_options_1": "CJK Only",
	"options.mtr.language_options_2": "Non-CJK",
	"options.mtr.off": "Off",
	"options.mtr.on": "On",
	"options.mtr.shift_to_toggle_sitting": "Використовуйте %s щоб перемкнути сидіння в транспортних засобах",
	"options.mtr.show_announcement_messages": "Show \"next station\" messages in chat",
	"options.mtr.support_patreon": "Support the mod on Patreon!",
	"options.mtr.track_texture_offset": "Track Texture Offset",
	"options.mtr.use_dynamic_fps": "Dynamically boost FPS",
	"options.mtr.use_mtr_font": "Use custom MTR fonts (might not work on some computers)",
	"options.mtr.use_tts_announcements": "Enable \"next station\" text-to-speech announcements",
	"options.mtr.vehicle_render_distance_ratio": "Vehicle rendering to Minecraft render distance ratio",
	"sign.mtr.airport": "Airport",
	"sign.mtr.airport_arrivals": "Arrivals",
	"sign.mtr.airport_arrivals_cjk": "抵港",
	"sign.mtr.airport_cjk": "機場",
	"sign.mtr.airport_departures": "Departures",
	"sign.mtr.airport_departures_cjk": "離港",
	"sign.mtr.airport_express": "Trains to Airport",
	"sign.mtr.airport_express_city": "Trains to City",
	"sign.mtr.airport_express_city_cjk": "往市區列車",
	"sign.mtr.airport_express_cjk": "往機場列車",
	"sign.mtr.airport_transfer": "Transfer",
	"sign.mtr.airport_transfer_cjk": "轉機",
	"sign.mtr.baggage_claim": "Baggage Claim",
	"sign.mtr.baggage_claim_cjk": "提取行李",
	"sign.mtr.boat": "Ferries",
	"sign.mtr.boat_cjk": "渡輪",
	"sign.mtr.cable_car": "Cable Cars",
	"sign.mtr.cable_car_cjk": "纜車",
	"sign.mtr.check_in_passengers": "Check-in Passengers",
	"sign.mtr.check_in_passengers_cjk": "登機乘客",
	"sign.mtr.cross": "No Entry",
	"sign.mtr.cross_cjk": "不准進入",
	"sign.mtr.customer_service_centre": "Customer Service Centre",
	"sign.mtr.customer_service_centre_cjk": "客務中心",
	"sign.mtr.emergency_exit": "Emergency Exit",
	"sign.mtr.emergency_exit_cjk": "Евакуаційний вихід",
	"sign.mtr.escalator_to_concourse_down": "До вестибюля",
	"sign.mtr.escalator_to_concourse_down_cjk": "Вестибюль",
	"sign.mtr.escalator_to_concourse_up": "До вестибюля",
	"sign.mtr.escalator_to_concourse_up_cjk": "Вестибюль",
	"sign.mtr.female": "Жіночий туалет",
	"sign.mtr.female_cjk": "Жіночий туалет",
	"sign.mtr.in_town_check_in": "Реєстрація у місті",
	"sign.mtr.in_town_check_in_cjk": "Реєстрація у місті",
	"sign.mtr.lift_1": "Ліфт",
	"sign.mtr.lift_1_cjk": "Ліфт",
	"sign.mtr.lift_2": "Ліфт",
	"sign.mtr.lift_2_cjk": "Ліфт",
	"sign.mtr.light_rail_1": "Трамвай",
	"sign.mtr.light_rail_1_cjk": "Трамвай",
	"sign.mtr.light_rail_2": "Трамвай",
	"sign.mtr.light_rail_2_cjk": "Трамвай",
	"sign.mtr.light_rail_3": "Трамвай",
	"sign.mtr.light_rail_3_cjk": "Трамвай",
	"sign.mtr.light_rail_4": "Трамвай",
	"sign.mtr.light_rail_4_cjk": "Трамвай",
	"sign.mtr.logo": "Minecraft Transit Railway",
	"sign.mtr.logo_cjk": "Minecraft Transit Railway",
	"sign.mtr.male": "Чоловічий туалет",
	"sign.mtr.male_cjk": "Чоловічий туалет",
	"sign.mtr.platform": "Платформа",
	"sign.mtr.platform_cjk": "Платформа",
	"sign.mtr.sp1900": "Потяги",
	"sign.mtr.sp1900_cjk": "Потяги",
	"sign.mtr.station": "Station",
	"sign.mtr.station_cjk": "車站",
	"sign.mtr.tickets": "Квитки",
	"sign.mtr.tickets_cjk": "Квитки",
	"sign.mtr.toilets": "Туалети",
	"sign.mtr.toilets_cjk": "Туалети",
	"sign.mtr.train": "Потяги",
	"sign.mtr.train_cjk": "Потяги",
	"sign.mtr.train_old": "Потяги",
	"sign.mtr.train_old_cjk": "Потяги",
	"sign.mtr.wheelchair": "Туалети для людей з особливими потребами",
	"sign.mtr.wheelchair_cjk": "Туалети для людей з особливими потребами",
	"sign.mtr.wifi": "Безплатний Wi-Fi",
	"sign.mtr.wifi_cjk": "Безплатний Wif-Fi",
	"sign.mtr.xrl_1": "Високошвидкісна залізниця",
	"sign.mtr.xrl_1_cjk": "Високошвидкісна залізниця",
	"sign.mtr.xrl_2": "Високошвидкісна залізниця",
	"sign.mtr.xrl_2_cjk": "Високошвидкісна залізниця",
	"sign.mtr.yellow_head_1": "Потяги",
	"sign.mtr.yellow_head_1_cjk": "Потяги",
	"sign.mtr.yellow_head_2": "Потяги",
	"sign.mtr.yellow_head_2_cjk": "Потяги",
	"tooltip.block.mtr.glass_fence_cio": "City One",
	"tooltip.block.mtr.glass_fence_ckt": "Che Kung Temple",
	"tooltip.block.mtr.glass_fence_heo": "Heng On",
	"tooltip.block.mtr.glass_fence_mos": "Ma On Shan",
	"tooltip.block.mtr.glass_fence_plain": "Glass Pane",
	"tooltip.block.mtr.glass_fence_shm": "Shek Mun",
	"tooltip.block.mtr.glass_fence_stained": "Stained Glass Pane",
	"tooltip.block.mtr.glass_fence_stw": "Sha Tin Wai",
	"tooltip.block.mtr.glass_fence_tsh": "Tai Shui Hang",
	"tooltip.block.mtr.glass_fence_wks": "Wu Kai Sha",
	"tooltip.mtr.cable_car_node": "No platform and sidings\nStraight connections only",
	"tooltip.mtr.cable_car_node_station": "Платформи та депо можуть бути створені\nПовороти можуть бути створені",
	"tooltip.mtr.pole_placement": "Must be placed on top of an existing\n%s",
	"tooltip.mtr.psd_apg_door": "Door Section",
	"tooltip.mtr.psd_apg_door_2": "Door Section",
	"tooltip.mtr.psd_apg_glass": "Glass Section",
	"tooltip.mtr.psd_apg_glass_2": "Glass Section",
	"tooltip.mtr.psd_apg_glass_end": "Glass End Section",
	"tooltip.mtr.rail_action_depth": "Depth: %s",
	"tooltip.mtr.rail_action_height": "Height: %s",
	"tooltip.mtr.rail_action_width": "Width: %s",
	"tooltip.mtr.rail_speed_limit": "Speed Limit: %s",
	"tooltip.mtr.railway_sign_even": "Orientation: Even",
	"tooltip.mtr.railway_sign_length": "Length: %s",
	"tooltip.mtr.railway_sign_odd": "Orientation: Odd",
	"tooltip.mtr.selected_block": "Selected Block: %s",
	"tooltip.mtr.selected_material": "Selected Material: %s",
	"tooltip.mtr.shift_right_click_to_clear": "Hold %s and use on|a %s to reset",
	"tooltip.mtr.shift_right_click_to_select_material": "Hold %s and use on|a block to select material",
	"tooltip.mtr.station_color": "Colour depends on the station",
	"tooltip.mtr.station_color_name": "Colour and text depend on the station",
	"train.mtr.a320": "Airbus A320",
	"train.mtr.a_train_ael": "CAF Airport Express",
	"train.mtr.a_train_ael_mini": "CAF Airport Express (Mini)",
	"train.mtr.a_train_tcl": "CAF Tung Chung Line",
	"train.mtr.a_train_tcl_mini": "CAF Tung Chung Line (Mini)",
	"train.mtr.a_train_tcl_small": "CAF Tung Chung Line (Small)",
	"train.mtr.acacia_boat": "Acacia Boat",
	"train.mtr.birch_boat": "Birch Boat",
	"train.mtr.br_423": "DB BR 423",
	"train.mtr.c1141a": "1141A / TML C-Train",
	"train.mtr.c1141a_mini": "1141A / TML C-Train (Mini)",
	"train.mtr.c1141a_small": "1141A / TML C-Train (Small)",
	"train.mtr.c_train": "C-Train",
	"train.mtr.c_train_mini": "C-Train (міні)",
	"train.mtr.c_train_small": "C-Train (маленький)",
	"train.mtr.class_377_southern": "British Rail Class 377 (Southern)",
	"train.mtr.class_802_gwr": "British Rail Class 802 (GWR)",
	"train.mtr.class_802_gwr_mini": "British Rail Class 802 (GWR, Mini)",
	"train.mtr.class_802_tpe": "British Rail Class 802 (TPE)",
	"train.mtr.class_802_tpe_mini": "British Rail Class 802 (TPE, Mini)",
	"train.mtr.cm_stock": "Metro-Cammell Train (Unrefurbished M-Train)",
	"train.mtr.cm_stock_mini": "Metro-Cammell Train (Unrefurbished M-Train, Mini)",
	"train.mtr.cm_stock_small": "Metro-Cammell Train (Unrefurbished M-Train, Small)",
	"train.mtr.dark_oak_boat": "Човен з темного дуба",
	"train.mtr.drl": "Потяг Disneyland Resort",
	"train.mtr.e44": "KCR E44 (Yellow Head)",
	"train.mtr.e44_mini": "KCR E44 (Yellow Head)",
	"train.mtr.flying_minecart": "Flying Minecart",
	"train.mtr.jungle_boat": "Човен з тропічного дерева",
	"train.mtr.k_train": "K-Train",
	"train.mtr.k_train_ael": "K-Train Airport Express",
	"train.mtr.k_train_ael_mini": "K-Train Airport Express (Mini)",
	"train.mtr.k_train_ael_small": "K-Train Airport Express (Small)",
	"train.mtr.k_train_mini": "K-Train (Mini)",
	"train.mtr.k_train_small": "K-Train (Small)",
	"train.mtr.k_train_tcl": "K-Train Tung Chung",
	"train.mtr.k_train_tcl_mini": "K-Train Tung Chung (Mini)",
	"train.mtr.k_train_tcl_small": "K-Train Tung Chung (Small)",
	"train.mtr.light_rail_1": "Трамвай (Phase 1, LHT)",
	"train.mtr.light_rail_1_orange": "Трамвай (Phase 1, Orange Livery, LHT)",
	"train.mtr.light_rail_1_orange_rht": "Трамвай (Phase 1, Orange Livery, RHT)",
	"train.mtr.light_rail_1_rht": "Трамвай (Phase 1, RHT)",
	"train.mtr.light_rail_1r": "Трамвай (Phase 1, Відновлений, LHT)",
	"train.mtr.light_rail_1r_old": "Трамвай (Phase 1 Відновлений, Blue Livery, LHT)",
	"train.mtr.light_rail_1r_old_rht": "Трамвай (Phase 1 Відновлений, Blue Livery, RHT)",
	"train.mtr.light_rail_1r_orange": "Трамвай (Phase 1 Відновлений, Orange Livery, LHT)",
	"train.mtr.light_rail_1r_orange_rht": "Трамвай (Phase 1 Відновлений, Orange Livery, RHT)",
	"train.mtr.light_rail_1r_rht": "Трамвай (Phase 1 Відновлений, RHT)",
	"train.mtr.light_rail_2": "Трамвай (Phase 2, LHT)",
	"train.mtr.light_rail_2r": "Light Rail (Phase 2 Refurbished, LHT)",
	"train.mtr.light_rail_2r_rht": "Light Rail (Phase 2 Refurbished, RHT)",
	"train.mtr.light_rail_2_orange": "Трамвай (Phase 2, Jrange Livery, LHT)",
	"train.mtr.light_rail_2_orange_rht": "Трамвай (Phase 2, Orange Livery, RHT)",
	"train.mtr.light_rail_2_rht": "Трамвай (Phase 2, RHT)",
	"train.mtr.light_rail_3": "Трамвай (Phase 3, LHT)",
	"train.mtr.light_rail_3r": "Light Rail (Phase 3 Refurbished, LHT)",
	"train.mtr.light_rail_3r_rht": "Light Rail (Phase 3 Refurbished, RHT)",
	"train.mtr.light_rail_3_orange": "Трамвай (Phase 3, Orange Livery, LHT)",
	"train.mtr.light_rail_3_orange_rht": "Трамвай (Phase 3, Jrange Livery, RHT)",
	"train.mtr.light_rail_3_rht": "Трамвай (Phase 3, RHT)",
	"train.mtr.light_rail_4": "Трамвай (Phase 4, LHT)",
	"train.mtr.light_rail_4_old": "Трамвай (Phase 4, Blue Livery, LHT)",
	"train.mtr.light_rail_4_old_rht": "Трамвай (Phase 4, Blue Livery, RHT)",
	"train.mtr.light_rail_4_orange": "Трамвай (Phase 4, Orange Livery, LHT)",
	"train.mtr.light_rail_4_orange_rht": "Трамвай (Phase 4, Orange Livery, RHT)",
	"train.mtr.light_rail_4_rht": "Трамвай (Phase 4, RHT)",
	"train.mtr.light_rail_5": "Трамвай (Phase 5, LHT)",
	"train.mtr.light_rail_5_old": "Трамвай (Phase 5, Blue Livery, LHT)",
	"train.mtr.light_rail_5_old_rht": "Трамвай (Phase 5, Blue Livery, RHT)",
	"train.mtr.light_rail_5_orange": "Трамвай (Phase 5, Orange Livery, LHT)",
	"train.mtr.light_rail_5_orange_rht": "Трамвай (Phase 5, Orange Livery, RHT)",
	"train.mtr.light_rail_5_rht": "Трамвай (Phase 5, RHT)",
	"train.mtr.london_underground_1995": "Лондонський метрополітен (серія 1995)",
	"train.mtr.london_underground_1996": "Лондонський метрополітен (серія 1996)",
	"train.mtr.london_underground_d78": "Лондонський метрополітен (серія D78)",
	"train.mtr.london_underground_d78_mini": "Лондонський метрополітен (серія D78 Mini)",
	"train.mtr.m_train": "Потяг метро",
	"train.mtr.m_train_mini": "Потяг метро (Mini)",
	"train.mtr.m_train_small": "M-Train (Small)",
	"train.mtr.minecart": "Minecart",
	"train.mtr.mlr": "MLR Train",
	"train.mtr.mlr_christmas": "MLR Train Christmas Edition",
	"train.mtr.mlr_christmas_mini": "MLR Train Christmas Edition (Mini)",
	"train.mtr.mlr_christmas_small": "MLR Train Christmas Edition (Small)",
	"train.mtr.mlr_mini": "MLR Train (Mini)",
	"train.mtr.mlr_small": "MLR Train (Small)",
	"train.mtr.mpl_85": "MPL 85",
	"train.mtr.ngong_ping_360_crystal": "Ngong Ping 360 Crystal Cabin (LHT)",
	"train.mtr.ngong_ping_360_crystal_rht": "Ngong Ping 360 Crystal Cabin (RHT)",
	"train.mtr.ngong_ping_360_crystal_plus": "Ngong Ping 360 Crystal+ Cabin (LHT)",
	"train.mtr.ngong_ping_360_crystal_plus_rht": "Ngong Ping 360 Crystal+ Cabin (RHT)",
	"train.mtr.ngong_ping_360_normal_light_blue": "Ngong Ping 360 (Light Blue, LHT)",
	"train.mtr.ngong_ping_360_normal_light_blue_rht": "Ngong Ping 360 (Light Blue, RHT)",
	"train.mtr.ngong_ping_360_normal_orange": "Ngong Ping 360 (Orange, LHT)",
	"train.mtr.ngong_ping_360_normal_orange_rht": "Ngong Ping 360 (Orange, RHT)",
	"train.mtr.ngong_ping_360_normal_red": "Ngong Ping 360 (Red, LHT)",
	"train.mtr.ngong_ping_360_normal_red_rht": "Ngong Ping 360 (Red, RHT)",
	"train.mtr.oak_boat": "Oak Boat",
	"train.mtr.r179": "R179 (New York City Subway)",
	"train.mtr.r179_mini": "R179 (New York City Subway, Mini)",
	"train.mtr.r211": "R211 (New York City Subway)",
	"train.mtr.r211_mini": "R211 (New York City Subway, Mini)",
	"train.mtr.r211t": "R211T (New York City Subway)",
	"train.mtr.r211t_mini": "R211T (New York City Subway, Mini)",
	"train.mtr.r_train": "R-Train",
	"train.mtr.r_train_mini": "R-Train (Mini)",
	"train.mtr.r_train_small": "R-Train (Small)",
	"train.mtr.s_train": "S-Train",
	"train.mtr.s_train_mini": "S-Train (Mini)",
	"train.mtr.s_train_small": "S-Train (Small)",
	"train.mtr.sp1900": "SP1900",
	"train.mtr.sp1900_mini": "SP1900 (Mini)",
	"train.mtr.sp1900_small": "SP1900 (Small)",
	"train.mtr.spruce_boat": "Spruce Boat"
}
