{
	"block.minecraft.bedrock_slab": "基岩半磚",
	"block.minecraft.birch_wood_slab": "樺木半磚",
	"block.minecraft.bone_block_slab": "骨塊半磚",
	"block.minecraft.chiseled_quartz_block_slab": "浮雕石英半磚",
	"block.minecraft.chiseled_stone_bricks_slab": "浮雕石半磚",
	"block.minecraft.clay_slab": "黏土半磚",
	"block.minecraft.coal_ore_slab": "煤礦半磚",
	"block.minecraft.concrete": "混凝土",
	"block.minecraft.concrete_powder": "混凝土粉末",
	"block.minecraft.concrete_powder_slab": "混凝土粉末半磚",
	"block.minecraft.concrete_slab": "混凝土半磚",
	"block.minecraft.cracked_stone_bricks_slab": "裂紋石半磚",
	"block.minecraft.gravel_slab": "砂礫半磚",
	"block.minecraft.iron_block_slab": "鐵半磚",
	"block.minecraft.metal": "金屬塊",
	"block.minecraft.metal_slab": "金屬半磚",
	"block.minecraft.planks": "木材",
	"block.minecraft.planks_slab": "木材半磚",
	"block.minecraft.purpur_block_slab": "紫珀半磚",
	"block.minecraft.purpur_pillar_slab": "紫珀柱半磚",
	"block.minecraft.quartz_block_slab": "石英半磚",
	"block.minecraft.quartz_bricks_slab": "磚紋石英半磚",
	"block.minecraft.quartz_pillar_slab": "石英柱半磚",
	"block.minecraft.snow_block_slab": "雪半磚",
	"block.minecraft.stained_glass": "彩色玻璃",
	"block.minecraft.stained_glass_slab": "彩色玻璃半磚",
	"block.minecraft.stone_bricks_slab": "石磚半磚",
	"block.minecraft.wool": "羊毛",
	"block.minecraft.wool_slab": "羊毛半磚",
	"block.mtr.airplane_node": "飛機節點",
	"block.mtr.apg_door": "月台自動閘門",
	"block.mtr.apg_glass": "月台自動閘門",
	"block.mtr.apg_glass_end": "月台自動閘門",
	"block.mtr.arrival_projector_1_large": "到站時間表投影機 （3x3）",
	"block.mtr.arrival_projector_1_medium": "到站時間表投影機 （3x2）",
	"block.mtr.arrival_projector_1_small": "到站時間表投影機 （1x1）",
	"block.mtr.boat_node": "船節點",
	"block.mtr.cable_car_node_lower": "纜車節點",
	"block.mtr.cable_car_node_station": "纜車站節點",
	"block.mtr.cable_car_node_upper": "纜車節點",
	"block.mtr.ceiling": "天花板",
	"block.mtr.ceiling_light": "天花板 （有燈）",
	"block.mtr.ceiling_no_light": "天花板 （無燈）",
	"block.mtr.clock": "時鐘",
	"block.mtr.clock_pole": "鐘柱",
	"block.mtr.escalator_side": "扶手電梯",
	"block.mtr.escalator_step": "扶手電梯",
	"block.mtr.glass_fence_cio": "玻璃圍欄",
	"block.mtr.glass_fence_ckt": "玻璃圍欄",
	"block.mtr.glass_fence_heo": "玻璃圍欄",
	"block.mtr.glass_fence_mos": "玻璃圍欄",
	"block.mtr.glass_fence_plain": "玻璃圍欄",
	"block.mtr.glass_fence_shm": "玻璃圍欄",
	"block.mtr.glass_fence_stained": "玻璃圍欄",
	"block.mtr.glass_fence_stw": "玻璃圍欄",
	"block.mtr.glass_fence_tsh": "玻璃圍欄",
	"block.mtr.glass_fence_wks": "玻璃圍欄",
	"block.mtr.lift_buttons_1": "升降機按鈕",
	"block.mtr.lift_door_1": "升降機門",
	"block.mtr.lift_door_odd_1": "升降機門",
	"block.mtr.lift_panel_even_1": "升降機顯示屏",
	"block.mtr.lift_panel_even_2": "升降機顯示屏",
	"block.mtr.lift_panel_odd_1": "升降機顯示屏",
	"block.mtr.lift_panel_odd_2": "升降機顯示屏",
	"block.mtr.lift_track_1": "升降機軌道",
	"block.mtr.lift_track_floor_1": "升降機樓層軌道",
	"block.mtr.logo": "MTR 標誌",
	"block.mtr.marble_blue": "藍色大理石",
	"block.mtr.marble_blue_slab": "藍色大理石半磚",
	"block.mtr.marble_sandy": "沙質大理石",
	"block.mtr.marble_sandy_slab": "沙質大理石半磚",
	"block.mtr.metal": "金屬塊",
	"block.mtr.metal_slab": "金屬半磚",
	"block.mtr.pids_1": "乘客資訊顯示屏",
	"block.mtr.pids_2": "乘客資訊顯示屏",
	"block.mtr.pids_3": "乘客資訊顯示屏",
	"block.mtr.pids_pole": "乘客資訊顯示屏柱",
	"block.mtr.platform": "月台方塊 （香港）",
	"block.mtr.platform_indented": "月台方塊 （香港）",
	"block.mtr.platform_na_1": "月台方塊 （北美）",
	"block.mtr.platform_na_1_indented": "月台方塊 （北美）",
	"block.mtr.platform_na_2": "月台方塊 （北美）",
	"block.mtr.platform_na_2_indented": "月台方塊 （北美）",
	"block.mtr.platform_uk_1": "月台方塊 （英國）",
	"block.mtr.platform_uk_1_indented": "月台方塊 （英國）",
	"block.mtr.psd_door": "月台幕門",
	"block.mtr.psd_door_2": "月台幕門",
	"block.mtr.psd_glass": "月台幕門",
	"block.mtr.psd_glass_2": "月台幕門",
	"block.mtr.psd_glass_end": "月台幕門",
	"block.mtr.psd_glass_end_2": "月台幕門",
	"block.mtr.psd_top": "月台幕門",
	"block.mtr.rail": "鐵軌節點",
	"block.mtr.railway_sign": "指示牌",
	"block.mtr.railway_sign_pole": "指示牌柱",
	"block.mtr.route_sign_standing_light": "路綫牌 （立柱、有燈）",
	"block.mtr.route_sign_standing_metal": "路綫牌 （立柱、無燈）",
	"block.mtr.route_sign_wall_light": "路綫牌 （牆上、有燈）",
	"block.mtr.route_sign_wall_metal": "路綫牌 （牆上、無燈）",
	"block.mtr.rubbish_bin_1": "垃圾桶",
	"block.mtr.signal_light_1": "信號燈 （兩燈）",
	"block.mtr.signal_light_2": "信號燈 （兩燈，雙向）",
	"block.mtr.signal_light_3": "信號燈 （兩燈）",
	"block.mtr.signal_light_3_aspect_1": "信號燈 （三燈）",
	"block.mtr.signal_light_3_aspect_2": "信號燈 （三燈，雙向）",
	"block.mtr.signal_light_4": "信號燈 （兩燈，雙向）",
	"block.mtr.signal_light_4_aspect_1": "信號燈 （四燈）",
	"block.mtr.signal_light_4_aspect_2": "信號燈 （四燈，雙向）",
	"block.mtr.signal_pole": "信號柱",
	"block.mtr.signal_semaphore_1": "旗語信號",
	"block.mtr.signal_semaphore_2": "旗語信號 （雙向）",
	"block.mtr.station_name_entrance": "站名 （出入口）",
	"block.mtr.station_name_tall_block": "站名 （高）",
	"block.mtr.station_name_tall_block_double_sided": "站名 （高，雙面）",
	"block.mtr.station_name_tall_wall": "站名 （高、牆上）",
	"block.mtr.station_name_wall": "站名 （牆上，白色）",
	"block.mtr.station_name_wall_black": "站名 （牆上，黑色）",
	"block.mtr.station_name_wall_gray": "站名 （牆上，灰色）",
	"block.mtr.station_pole": "車站顔色立柱",
	"block.mtr.tactile_map": "觸覺地圖",
	"block.mtr.ticket_barrier_entrance_1": "閘機 （入口）",
	"block.mtr.ticket_barrier_exit_1": "閘機 （出口）",
	"block.mtr.ticket_machine": "售票機",
	"block.mtr.ticket_processor": "車票處理器",
	"block.mtr.ticket_processor_enquiry": "車票查閱器",
	"block.mtr.ticket_processor_entrance": "車票處理器 （入口）",
	"block.mtr.ticket_processor_exit": "車票處理器 （出口）",
	"block.mtr.train_announcer": "廣播器",
	"block.mtr.train_cargo_loader": "貨物裝載器",
	"block.mtr.train_cargo_unloader": "貨物卸載器",
	"block.mtr.train_schedule_sensor": "時間表傳感器",
	"block.mtr.train_sensor": "紅石感應器",
	"category.mtr.keybinding": "Minecraft Transit Railway 按鍵綁定",
	"entity.mtr.seat": "",
	"gui.mtr.acceleration": "車輛加速度",
	"gui.mtr.add_balance_for_emeralds": "增值 $%s （%s 綠寶石）",
	"gui.mtr.add_depot": "新增車廠",
	"gui.mtr.add_exit": "新增車站出口",
	"gui.mtr.add_exit_destination": "新增出口目的地",
	"gui.mtr.add_route": "新增路綫",
	"gui.mtr.add_station": "新增車站",
	"gui.mtr.add_value": "增值",
	"gui.mtr.already_entered": "車站已進入",
	"gui.mtr.already_exited": "沒有入閘記錄",
	"gui.mtr.announcement_message": "廣播",
	"gui.mtr.anticlockwise_to": "Anticlockwise to %s",
	"gui.mtr.anticlockwise_to_cjk": "逆時針往%s",
	"gui.mtr.anticlockwise_via": "Anticlockwise via %s",
	"gui.mtr.anticlockwise_via_cjk": "逆時針經%s",
	"gui.mtr.arrival_car": "%s-car",
	"gui.mtr.arrival_car_cjk": "%s 卡",
	"gui.mtr.arrival_min": "%s min",
	"gui.mtr.arrival_min_cjk": "%s 分鐘",
	"gui.mtr.arrival_sec": "%s sec",
	"gui.mtr.arrival_sec_cjk": "%s 秒",
	"gui.mtr.automatically_detect_nearby_platform": "自動檢測附近月台",
	"gui.mtr.available": "可選擇",
	"gui.mtr.available_model_parts": "可用的模型部件",
	"gui.mtr.balance": "餘額：$%s",
	"gui.mtr.cable_car_invalid_orientation": "纜索連接無效",
	"gui.mtr.cars_to_spawn": "生成車節：%s",
	"gui.mtr.clear_vehicles": "清除車輛",
	"gui.mtr.clockwise_to": "Clockwise to %s",
	"gui.mtr.clockwise_to_cjk": "順時針往%s",
	"gui.mtr.clockwise_via": "Clockwise via %s",
	"gui.mtr.clockwise_via_cjk": "順時針經%s",
	"gui.mtr.color": "顔色",
	"gui.mtr.comma": ", ",
	"gui.mtr.comma_cjk": "、",
	"gui.mtr.comma_last": " and ",
	"gui.mtr.comma_last_cjk": "或",
	"gui.mtr.connecting_station_interchange_announcement_part": "the %1$s at %2$s station",
	"gui.mtr.connecting_station_interchange_announcement_part_cjk": "往%2$s站轉乘%1$s",
	"gui.mtr.connecting_station_part": "Passengers may change to %s.",
	"gui.mtr.connecting_station_part_cjk": "乘客可在該站%s。",
	"gui.mtr.cruising_altitude": "巡航高度",
	"gui.mtr.custom_destination_suggestion": "目的地（使用 \\r 並重設）",
	"gui.mtr.custom_resources_export_resource_pack": "匯出資源包",
	"gui.mtr.custom_resources_gangway_connection_id": "車廂過道連接識別碼",
	"gui.mtr.custom_resources_id": "識別碼",
	"gui.mtr.custom_resources_name": "檔案名稱",
	"gui.mtr.custom_resources_rider_offset": "乘坐偏移值：%s",
	"gui.mtr.custom_resources_train_barrier_id": "車廂外部接駁識別碼",
	"gui.mtr.delete_confirmation": "確定要刪除%s嗎？",
	"gui.mtr.depot_color": "車廠顔色",
	"gui.mtr.depot_name": "車廠名稱",
	"gui.mtr.depots": "車廠",
	"gui.mtr.disable_next_station_announcements": "停用下一站廣播",
	"gui.mtr.dismount_hold": "按%s強制下車：%s",
	"gui.mtr.display_page": "頁碼",
	"gui.mtr.door_animation_type_bouncy_1": "車門動畫：彈 （1）",
	"gui.mtr.door_animation_type_bouncy_2": "車門動畫：彈 （2）",
	"gui.mtr.door_animation_type_constant": "車門動畫：平穩",
	"gui.mtr.door_animation_type_mlr": "車門動畫：MLR",
	"gui.mtr.door_animation_type_plug_fast": "車門動畫：塞 （快）",
	"gui.mtr.door_animation_type_plug_slow": "車門動畫：塞 （慢）",
	"gui.mtr.door_animation_type_r179": "車門動畫：R179",
	"gui.mtr.door_animation_type_r211": "車門動畫：R211",
	"gui.mtr.door_animation_type_standard": "車門動畫：標準",
	"gui.mtr.door_animation_type_standard_slow": "車門動畫：慢",
	"gui.mtr.drag_file_to_upload": "將文件拖落嚟",
	"gui.mtr.dwell_time": "停留時間",
	"gui.mtr.edit_area": "點擊並拖動以繪製區域。",
	"gui.mtr.edit_instructions": "編輯指令",
	"gui.mtr.edit_route": "點擊月台以將其添加到路線。",
	"gui.mtr.editing_part": "正在編輯：%s",
	"gui.mtr.emeralds": "綠寶石：%s",
	"gui.mtr.enter_barrier": "入站：%s - 餘額：$%s",
	"gui.mtr.exit_barrier": "出站：%s - 車費：$%s - 餘額：$%s",
	"gui.mtr.exit_destinations": "出口目的地",
	"gui.mtr.exit_parents": "車站出口",
	"gui.mtr.file_model": "Blockbench 檔案",
	"gui.mtr.file_properties": "屬性檔案（可選）",
	"gui.mtr.file_texture": "材質檔案",
	"gui.mtr.file_upload": "上載...",
	"gui.mtr.filtered_platforms": "已篩選站台 (%s)",
	"gui.mtr.filtered_routes": "已篩選路綫 (%s)",
	"gui.mtr.filtered_routes_condition": "只有行走以下路綫的車輛均可啓動傳感器",
	"gui.mtr.filtered_routes_empty": "所有車輛均可啓動傳感器",
	"gui.mtr.game_time": "遊戲時間",
	"gui.mtr.generate_map": "創建路綫圖",
	"gui.mtr.generating_path": "正在刷新路綫",
	"gui.mtr.hide_arrival": "隱藏抵站資料",
	"gui.mtr.insufficient_balance": "餘額不足（$%s）",
	"gui.mtr.interchange_announcement": "Interchange station for the %s.",
	"gui.mtr.interchange_announcement_cjk": "乘客可以轉乘%s。",
	"gui.mtr.invalid_orientation": "無法連接鐵軌，方向無效",
	"gui.mtr.is_anticlockwise_route": "是逆時針循環綫",
	"gui.mtr.is_clockwise_route": "是順時針循環綫",
	"gui.mtr.is_light_rail_route": "有路綫號碼",
	"gui.mtr.is_manual": "可駕駛車輛",
	"gui.mtr.is_route_hidden": "隱藏路綫",
	"gui.mtr.last_airplane_station": "This flight is going to %s",
	"gui.mtr.last_airplane_station_cjk": "本航班往%s",
	"gui.mtr.last_boat_station": "This vessel is going to %s",
	"gui.mtr.last_boat_station_cjk": "本渡輪往%s",
	"gui.mtr.last_cable_car_station": "This cable car is going to %s",
	"gui.mtr.last_cable_car_station_cjk": "本纜車往%s",
	"gui.mtr.last_train_station": "This train is going to %s",
	"gui.mtr.last_train_station_cjk": "本列車往%s",
	"gui.mtr.left": "左",
	"gui.mtr.lift_buttons_locked": "按鈕已鎖定",
	"gui.mtr.lift_buttons_unlocked": "按鈕已解鎖",
	"gui.mtr.lift_floor_description": "描述",
	"gui.mtr.lift_floor_number": "樓層號碼",
	"gui.mtr.lift_is_double_sided": "雙面",
	"gui.mtr.lift_should_ding": "播放「叮」聲音",
	"gui.mtr.lift_style": "款式：%s",
	"gui.mtr.lift_style_opaque": "不透明",
	"gui.mtr.lift_style_transparent": "透明",
	"gui.mtr.lift_track_required": "必須用於升降機軌道",
	"gui.mtr.light_rail_route_announcement": "This is route %s to %s.",
	"gui.mtr.light_rail_route_announcement_cjk": "本班為%s綫列車前往%s。",
	"gui.mtr.light_rail_route_number": "路綫號碼",
	"gui.mtr.london_train_interchange_announcement": "Change here for %s.",
	"gui.mtr.london_train_interchange_announcement_cjk": "乘客可在該站轉乘%s。",
	"gui.mtr.london_train_next_station_announcement": "The next station is %s.",
	"gui.mtr.london_train_next_station_announcement_cjk": "下一站是%s。",
	"gui.mtr.london_train_route_announcement": "This is a %s train terminating at %s.",
	"gui.mtr.london_train_route_announcement_cjk": "本班為%s列車前往%s。",
	"gui.mtr.london_train_terminating_announcement": "This train terminates here.",
	"gui.mtr.london_train_terminating_announcement_cjk": "列車以本站為終點站。",
	"gui.mtr.london_train_this_station_announcement": "This station is %s.",
	"gui.mtr.london_train_this_station_announcement_cjk": "本站是%s。",
	"gui.mtr.manual_to_automatic_time": "駕駛超時時間",
	"gui.mtr.max_manual_speed": "駕駛限速",
	"gui.mtr.max_vehicles": "側軌車輛總數上限",
	"gui.mtr.mismatched_versions": "請更新 Minecraft Transit Railway 模組並重試。",
	"gui.mtr.mismatched_versions_server_version": "伺服器版本：%s",
	"gui.mtr.mismatched_versions_your_version": "目前版本：%s",
	"gui.mtr.moving_only": "僅移動車輛",
	"gui.mtr.mtr_options": "Minecraft Transit Railway 設置",
	"gui.mtr.name": "名稱",
	"gui.mtr.next_departure": "下一班車預計出發時間：%s",
	"gui.mtr.next_departure_none": "沒有預計班次",
	"gui.mtr.next_route_airplane_announcement": "This flight will be changed to the %s to %s.",
	"gui.mtr.next_route_airplane_announcement_cjk": "本航班會改為%s前往%s。",
	"gui.mtr.next_route_boat_announcement": "This vessel will be changed to the %s to %s.",
	"gui.mtr.next_route_boat_announcement_cjk": "本渡輪會改為%s前往%s。",
	"gui.mtr.next_route_boat_light_rail_announcement": "This route will be changed to route %s. Passengers to %s, please take this vessel.",
	"gui.mtr.next_route_boat_light_rail_announcement_cjk": "本渡輪會改為%s路綫。前往%s沿途各站之乘客，可乘本渡輪。",
	"gui.mtr.next_route_cable_car_announcement": "This cable car will be changed to the %s to %s.",
	"gui.mtr.next_route_cable_car_announcement_cjk": "本纜車會改為%s前往%s。",
	"gui.mtr.next_route_train_announcement": "This train will be changed to the %s to %s.",
	"gui.mtr.next_route_train_announcement_cjk": "本班車會改為%s前往%s。",
	"gui.mtr.next_route_train_light_rail_announcement": "This route will be changed to route %s. Passengers to %s, please take this train.",
	"gui.mtr.next_route_train_light_rail_announcement_cjk": "本班車會改為%s路綫。前往%s沿途各站之乘客，可乘本列車。",
	"gui.mtr.next_station": "The next station is %s",
	"gui.mtr.next_station_announcement": "Next station: %s.",
	"gui.mtr.next_station_announcement_cjk": "下一站：%s。",
	"gui.mtr.next_station_cjk": "下一站是%s",
	"gui.mtr.next_station_light_rail_announcement": "Next stop: %s.",
	"gui.mtr.next_station_light_rail_announcement_cjk": "下一站：%s。",
	"gui.mtr.no_lift_tracks_floor_found": "沒有升降機樓層軌道",
	"gui.mtr.offset_x": "X 偏移： %s",
	"gui.mtr.offset_y": "Y 偏移： %s",
	"gui.mtr.offset_z": "Z 偏移： %s",
	"gui.mtr.part_blacklisted_cars": "列入黑名單的車廂",
	"gui.mtr.part_display_cjk_size_ratio": "CJK 文字大小：%s",
	"gui.mtr.part_display_force_single_line": "强制單行",
	"gui.mtr.part_display_force_upper_case": "强制大寫",
	"gui.mtr.part_display_should_scroll": "滾動文字",
	"gui.mtr.part_display_text_color": "顔色",
	"gui.mtr.part_display_text_color_cjk": "CJK/非 CJK 顔色",
	"gui.mtr.part_display_type_destination": "模式：終點站",
	"gui.mtr.part_display_type_next_station_kcr": "模式：下一站（九鐵）",
	"gui.mtr.part_display_type_next_station_mtr": "模式：下一站（港鐵）",
	"gui.mtr.part_display_type_next_station_plain": "模式：下一站",
	"gui.mtr.part_display_type_next_station_uk": "模式：下一站（英式）",
	"gui.mtr.part_display_type_route_number": "模式：路綫號碼",
	"gui.mtr.part_display_x_padding": "X 邊距：%s",
	"gui.mtr.part_display_y_padding": "Y 邊距：%s",
	"gui.mtr.part_door_offset_left_negative": "車門偏移：-左",
	"gui.mtr.part_door_offset_left_positive": "車門偏移：+左",
	"gui.mtr.part_door_offset_none": "車門偏移：無",
	"gui.mtr.part_door_offset_right_negative": "車門偏移：-右",
	"gui.mtr.part_door_offset_right_positive": "車門偏移：+右",
	"gui.mtr.part_is_display": "顯示屏",
	"gui.mtr.part_mirror": "翻轉",
	"gui.mtr.part_positions": "位置",
	"gui.mtr.part_render_condition_all": "渲染：總是",
	"gui.mtr.part_render_condition_door_left_closed": "渲染：左邊車門關閉時",
	"gui.mtr.part_render_condition_door_left_open": "渲染：左邊車門打開時",
	"gui.mtr.part_render_condition_door_right_closed": "渲染：右邊車門關閉時",
	"gui.mtr.part_render_condition_door_right_open": "渲染：右邊車門打開時",
	"gui.mtr.part_render_condition_doors_closed": "渲染：車門關閉時",
	"gui.mtr.part_render_condition_doors_open": "渲染：車門打開時",
	"gui.mtr.part_render_condition_moving_backwards": "渲染：車輛退後時",
	"gui.mtr.part_render_condition_moving_forwards": "渲染：車輛前行時",
	"gui.mtr.part_skip_rendering_if_too_far": "在遠處時隱藏",
	"gui.mtr.part_stage_always_on_lights": "燈（常亮）",
	"gui.mtr.part_stage_exterior": "外部",
	"gui.mtr.part_stage_interior": "内部",
	"gui.mtr.part_stage_interior_translucent": "内部（半透明）",
	"gui.mtr.part_stage_lights": "燈",
	"gui.mtr.part_whitelisted_cars": "列入白名單的車廂",
	"gui.mtr.path_found": "路徑創建成功",
	"gui.mtr.path_not_found_between": "在|> %s|> %s|與|> %s|之間找不到路徑",
	"gui.mtr.path_not_generated": "路徑未創建",
	"gui.mtr.percentage_complete_bridge": "橋樑建造中 （%s%%）",
	"gui.mtr.percentage_complete_tunnel": "隧道建造中 （%s%%）",
	"gui.mtr.percentage_complete_tunnel_wall": "隧道牆壁建造中 （%s%%）",
	"gui.mtr.pids_message": "自訂顯示屏信息",
	"gui.mtr.platform": "月台 %s",
	"gui.mtr.platform_number": "月台號碼",
	"gui.mtr.platform_or_siding_exists": "每個鐵軌節點只能連接到一個月台或側線",
	"gui.mtr.press_to_select_floor": "按%s選擇樓層",
	"gui.mtr.psd_apg_door_locked": "門已鎖定",
	"gui.mtr.psd_apg_door_unlocked": "門已解鎖",
	"gui.mtr.radius_too_small": "無法連接鐵軌，半徑必須至少為 2",
	"gui.mtr.rail_action_bridge": "由 %s 構建的橋樑 （%s 方塊長，%s）",
	"gui.mtr.rail_action_tunnel": "由 %s 構建的隧道 （%s 方塊長）",
	"gui.mtr.rail_action_tunnel_wall": "由 %s 構建的隧道牆壁 （%s 方塊長，%s）",
	"gui.mtr.rail_actions": "當前創建操作",
	"gui.mtr.rail_actions_button": "操作...",
	"gui.mtr.rail_not_found": "無法連接信號，沒有鐵軌",
	"gui.mtr.rail_not_found_action": "無法執行，沒有鐵軌",
	"gui.mtr.refresh_path": "刷新路徑",
	"gui.mtr.repeat_indefinitely": "永久重複車輛指令",
	"gui.mtr.reset_sign": "重設",
	"gui.mtr.right": "右",
	"gui.mtr.rotate_anticlockwise": "逆時針旋轉",
	"gui.mtr.rotate_clockwise": "順時針旋轉",
	"gui.mtr.route_color": "路綫顔色",
	"gui.mtr.route_name": "路綫名稱",
	"gui.mtr.route_type_boat_high_speed": "類別：快船",
	"gui.mtr.route_type_boat_light_rail": "類型：郵輪",
	"gui.mtr.route_type_boat_normal": "類別：渡輪",
	"gui.mtr.route_type_train_high_speed": "類別：高速",
	"gui.mtr.route_type_train_light_rail": "類別：輕鐵",
	"gui.mtr.route_type_train_normal": "類別：普通",
	"gui.mtr.routes": "路綫",
	"gui.mtr.s": "秒",
	"gui.mtr.schedule_mode_real_time_off": "時間表：Minecraft 時間",
	"gui.mtr.schedule_mode_real_time_on": "時間表：真實時間",
	"gui.mtr.search": "搜尋",
	"gui.mtr.select_all_platforms": "顯示所有站台的到站時間",
	"gui.mtr.selected": "已選定",
	"gui.mtr.selected_vehicle": "已選擇車輛",
	"gui.mtr.separator": "/",
	"gui.mtr.separator_cjk": "/",
	"gui.mtr.settings": "設定",
	"gui.mtr.siding_number": "側線號碼",
	"gui.mtr.sidings_in_depot": "本車廠的側線數目：%s",
	"gui.mtr.sound_file": "音訊檔案",
	"gui.mtr.station": "%s Station",
	"gui.mtr.station_cjk": "%s站",
	"gui.mtr.station_color": "車站顔色",
	"gui.mtr.station_name": "車站名稱",
	"gui.mtr.stations": "車站",
	"gui.mtr.stopped_only": "僅停頓車輛",
	"gui.mtr.support": "支持",
	"gui.mtr.this_station": "This station is %s",
	"gui.mtr.this_station_cjk": "本站是%s",
	"gui.mtr.to": "to %s",
	"gui.mtr.to_cjk": "往%s",
	"gui.mtr.tph": "/小時",
	"gui.mtr.train_schedule_sensor": "列車到站偏差（秒）",
	"gui.mtr.transport_mode_airplane": "類別：飛機",
	"gui.mtr.transport_mode_boat": "類型：渡輪",
	"gui.mtr.transport_mode_cable_car": "類型：纜車",
	"gui.mtr.transport_mode_train": "類型：列車",
	"gui.mtr.unlimited": "無限",
	"gui.mtr.unlimited_vehicles": "無限次車輛",
	"gui.mtr.untitled": "未命名",
	"gui.mtr.use_time_and_wind_sync": "使用 Time & Wind 模組自動同步時間",
	"gui.mtr.used_model_parts": "已選擇模型部件",
	"gui.mtr.vehicle_brightness": "亮度：%s%%",
	"gui.mtr.vehicle_cars": "車卡數量：%s",
	"gui.mtr.vehicle_direction_backwards": "方向：後退",
	"gui.mtr.vehicle_direction_forwards": "方向：前行",
	"gui.mtr.vehicle_door_max": "門：%s",
	"gui.mtr.vehicle_length": "長度：%s",
	"gui.mtr.vehicle_speed": "速度：%s m/s (%s km/h)",
	"gui.mtr.vehicle_width": "寬度：%s",
	"gui.mtr.vehicles_per_hour": "每小時車輛",
	"gui.mtr.welcome_station": "Welcome to %s Station.",
	"gui.mtr.welcome_station_cjk": "歡迎光臨%s站。",
	"gui.mtr.zone": "收費區",
	"gui.mtr.zone_number": "%s 號收費區",
	"item.mtr.apg_door": "月台自動閘門",
	"item.mtr.apg_glass": "月台自動閘門",
	"item.mtr.apg_glass_end": "月台自動閘門",
	"item.mtr.bridge_creator_3": "橋樑創建器",
	"item.mtr.bridge_creator_5": "橋樑創建器",
	"item.mtr.bridge_creator_7": "橋樑創建器",
	"item.mtr.bridge_creator_9": "橋樑創建器",
	"item.mtr.brush": "刷",
	"item.mtr.dashboard": "鐵路儀表板",
	"item.mtr.dashboard_2": "渡輪儀表板",
	"item.mtr.dashboard_3": "纜車儀表板",
	"item.mtr.dashboard_4": "航班儀表板",
	"item.mtr.driver_key": "司機鎖匙",
	"item.mtr.escalator": "扶手電梯",
	"item.mtr.lift_buttons_link_connector": "升降機按鈕連接器",
	"item.mtr.lift_buttons_link_remover": "升降機按鈕斷連器",
	"item.mtr.lift_door_1": "升降機門",
	"item.mtr.lift_door_odd_1": "升降機門",
	"item.mtr.lift_refresher": "升降機更新器",
	"item.mtr.psd_door": "月台幕門",
	"item.mtr.psd_door_2": "月台幕門",
	"item.mtr.psd_glass": "月台幕門",
	"item.mtr.psd_glass_2": "月台幕門",
	"item.mtr.psd_glass_end": "月台幕門",
	"item.mtr.psd_glass_end_2": "月台幕門",
	"item.mtr.rail_connector_120": "黑曜石軌連接器",
	"item.mtr.rail_connector_120_one_way": "黑曜石軌連接器 （單向）",
	"item.mtr.rail_connector_160": "烈焰鐵軌連接器",
	"item.mtr.rail_connector_160_one_way": "烈焰鐵軌連接器 （單向）",
	"item.mtr.rail_connector_20": "木材鐵軌連接器",
	"item.mtr.rail_connector_200": "石英鐵軌連接器",
	"item.mtr.rail_connector_200_one_way": "石英鐵軌連接器 （單向）",
	"item.mtr.rail_connector_20_one_way": "木材鐵軌連接器 （單向）",
	"item.mtr.rail_connector_300": "鑽石鐵軌連接器",
	"item.mtr.rail_connector_300_one_way": "鑽石鐵軌連接器 （單向）",
	"item.mtr.rail_connector_40": "石頭鐵軌連接器",
	"item.mtr.rail_connector_40_one_way": "石頭鐵軌連接器 （單向）",
	"item.mtr.rail_connector_60": "綠寶石軌連接器",
	"item.mtr.rail_connector_60_one_way": "綠寶石軌連接器 （單向）",
	"item.mtr.rail_connector_80": "鐵軌連接器",
	"item.mtr.rail_connector_80_one_way": "鐵軌連接器 （單向）",
	"item.mtr.rail_connector_cable_car": "纜車纜索連接器",
	"item.mtr.rail_connector_platform": "月台鐵軌連接器",
	"item.mtr.rail_connector_runway": "跑道鐵軌連接器",
	"item.mtr.rail_connector_siding": "側線鐵軌連接器",
	"item.mtr.rail_connector_turn_back": "掉頭鐵軌連接器",
	"item.mtr.rail_remover": "鐵軌移除器",
	"item.mtr.resource_pack_creator": "資源包創建器",
	"item.mtr.signal_connector_black": "黑色信號連接器",
	"item.mtr.signal_connector_blue": "藍色信號連接器",
	"item.mtr.signal_connector_brown": "咖啡色信號連接器",
	"item.mtr.signal_connector_cyan": "青色信號連接器",
	"item.mtr.signal_connector_gray": "灰色信號連接器",
	"item.mtr.signal_connector_green": "綠色信號連接器",
	"item.mtr.signal_connector_light_blue": "淺藍色信號連接器",
	"item.mtr.signal_connector_light_gray": "淺灰色信號連接器",
	"item.mtr.signal_connector_lime": "淺綠色信號連接器",
	"item.mtr.signal_connector_magenta": "品紅色信號連接器",
	"item.mtr.signal_connector_orange": "橙色信號連接器",
	"item.mtr.signal_connector_pink": "粉紅色信號連接器",
	"item.mtr.signal_connector_purple": "紫色信號連接器",
	"item.mtr.signal_connector_red": "紅色信號連接器",
	"item.mtr.signal_connector_white": "白色信號連接器",
	"item.mtr.signal_connector_yellow": "黃色信號連接器",
	"item.mtr.signal_remover_black": "黑色信號移除器",
	"item.mtr.signal_remover_blue": "藍色信號移除器",
	"item.mtr.signal_remover_brown": "棕色信號移除器",
	"item.mtr.signal_remover_cyan": "青色信號移除器",
	"item.mtr.signal_remover_gray": "灰色信號移除器",
	"item.mtr.signal_remover_green": "綠色信號移除器",
	"item.mtr.signal_remover_light_blue": "淺藍色信號移除器",
	"item.mtr.signal_remover_light_gray": "淺灰色信號移除器",
	"item.mtr.signal_remover_lime": "淺綠色信號移除器",
	"item.mtr.signal_remover_magenta": "品紅色信號移除器",
	"item.mtr.signal_remover_orange": "橙色信號移除器",
	"item.mtr.signal_remover_pink": "粉紅色信號移除器",
	"item.mtr.signal_remover_purple": "紫色信號移除器",
	"item.mtr.signal_remover_red": "紅色信號移除器",
	"item.mtr.signal_remover_white": "白色信號移除器",
	"item.mtr.signal_remover_yellow": "黃色信號移除器",
	"item.mtr.tunnel_creator_4_3": "隧道創建器",
	"item.mtr.tunnel_creator_4_5": "隧道創建器",
	"item.mtr.tunnel_creator_4_7": "隧道創建器",
	"item.mtr.tunnel_creator_4_9": "隧道創建器",
	"item.mtr.tunnel_creator_5_3": "隧道創建器",
	"item.mtr.tunnel_creator_5_5": "隧道創建器",
	"item.mtr.tunnel_creator_5_7": "隧道創建器",
	"item.mtr.tunnel_creator_5_9": "隧道創建器",
	"item.mtr.tunnel_creator_6_3": "隧道創建器",
	"item.mtr.tunnel_creator_6_5": "隧道創建器",
	"item.mtr.tunnel_creator_6_7": "隧道創建器",
	"item.mtr.tunnel_creator_6_9": "隧道創建器",
	"item.mtr.tunnel_wall_creator_4_3": "隧道牆壁創建器",
	"item.mtr.tunnel_wall_creator_4_5": "隧道牆壁創建器",
	"item.mtr.tunnel_wall_creator_4_7": "隧道牆壁創建器",
	"item.mtr.tunnel_wall_creator_4_9": "隧道牆壁創建器",
	"item.mtr.tunnel_wall_creator_5_3": "隧道牆壁創建器",
	"item.mtr.tunnel_wall_creator_5_5": "隧道牆壁創建器",
	"item.mtr.tunnel_wall_creator_5_7": "隧道牆壁創建器",
	"item.mtr.tunnel_wall_creator_5_9": "隧道牆壁創建器",
	"item.mtr.tunnel_wall_creator_6_3": "隧道牆壁創建器",
	"item.mtr.tunnel_wall_creator_6_5": "隧道牆壁創建器",
	"item.mtr.tunnel_wall_creator_6_7": "隧道牆壁創建器",
	"item.mtr.tunnel_wall_creator_6_9": "隧道牆壁創建器",
	"itemGroup.mtr.core": "Minecraft Transit Railway 核心",
	"itemGroup.mtr.escalators_lifts": "電梯和升降機",
	"itemGroup.mtr.railway_facilities": "鐵路設施",
	"itemGroup.mtr.station_building_blocks": "車站建築方塊",
	"key.mtr.debug_1_negative": "調試數值 1 （減）",
	"key.mtr.debug_1_positive": "調試數值 1 （加）",
	"key.mtr.debug_2_negative": "調試數值 2 （減）",
	"key.mtr.debug_2_positive": "調試數值 2 （加）",
	"key.mtr.debug_3_negative": "調試數值 3 （減）",
	"key.mtr.debug_3_positive": "調試數值 3 （加）",
	"key.mtr.debug_cycle_negative": "循環調試類別 （往後）",
	"key.mtr.debug_cycle_positive": "循環調試類別 （往前）",
	"key.mtr.lift_menu": "打開升降機樓層選擇",
	"key.mtr.train_accelerate": "車輛加速",
	"key.mtr.train_brake": "刹車",
	"key.mtr.train_toggle_doors": "開關車門",
	"options.mtr.anonymous": "匿名",
	"options.mtr.dynamic_texture_resolution": "動態紋理分辨率（較高的數值可能崩潰！）",
	"options.mtr.hide_special_rail_colors": "隱藏特別鐵軌顔色",
	"options.mtr.hide_translucent_parts": "隱藏車輛半透明部分",
	"options.mtr.language_options": "指示牌語言",
	"options.mtr.language_options_0": "預設",
	"options.mtr.language_options_1": "只供 CJK",
	"options.mtr.language_options_2": "非 CJK",
	"options.mtr.off": "關閉",
	"options.mtr.on": "開啓",
	"options.mtr.shift_to_toggle_sitting": "使用%s切換車上坐立姿勢",
	"options.mtr.show_announcement_messages": "在聊天室顯示「下一站」信息",
	"options.mtr.support_patreon": "在 Patreon 上贊助本模組！",
	"options.mtr.track_texture_offset": "軌道紋理偏移",
	"options.mtr.use_dynamic_fps": "動態提升影格率",
	"options.mtr.use_mtr_font": "使用自訂MTR字體（在一些電腦上可能無法使用）",
	"options.mtr.use_tts_announcements": "使用文字轉語音「下一站」廣播",
	"options.mtr.vehicle_render_distance_ratio": "車輛渲染到 Minecraft 渲染距離比率",
	"sign.mtr.airport": "Airport",
	"sign.mtr.airport_arrivals": "Arrivals",
	"sign.mtr.airport_arrivals_cjk": "抵港",
	"sign.mtr.airport_cjk": "機場",
	"sign.mtr.airport_departures": "Departures",
	"sign.mtr.airport_departures_cjk": "離港",
	"sign.mtr.airport_express": "Trains to Airport",
	"sign.mtr.airport_express_city": "Trains to City",
	"sign.mtr.airport_express_city_cjk": "往市區列車",
	"sign.mtr.airport_express_cjk": "往機場列車",
	"sign.mtr.airport_transfer": "Transfer",
	"sign.mtr.airport_transfer_cjk": "轉機",
	"sign.mtr.baggage_claim": "Baggage Claim",
	"sign.mtr.baggage_claim_cjk": "提取行李",
	"sign.mtr.boat": "Ferries",
	"sign.mtr.boat_cjk": "渡輪",
	"sign.mtr.cable_car": "Cable Cars",
	"sign.mtr.cable_car_cjk": "纜車",
	"sign.mtr.check_in_passengers": "Check-in Passengers",
	"sign.mtr.check_in_passengers_cjk": "登機乘客",
	"sign.mtr.cross": "No Entry",
	"sign.mtr.cross_cjk": "不准進入",
	"sign.mtr.customer_service_centre": "Customer Service Centre",
	"sign.mtr.customer_service_centre_cjk": "客務中心",
	"sign.mtr.emergency_exit": "Emergency Exit",
	"sign.mtr.emergency_exit_cjk": "緊急出口",
	"sign.mtr.escalator_to_concourse_down": "To Concourse Only",
	"sign.mtr.escalator_to_concourse_down_cjk": "直落大堂",
	"sign.mtr.escalator_to_concourse_up": "To Concourse Only",
	"sign.mtr.escalator_to_concourse_up_cjk": "直上大堂",
	"sign.mtr.female": "Female Toilet",
	"sign.mtr.female_cjk": "女洗手間",
	"sign.mtr.in_town_check_in": "In-town Check-in",
	"sign.mtr.in_town_check_in_cjk": "市區預辦登機",
	"sign.mtr.lift_1": "Lift",
	"sign.mtr.lift_1_cjk": "升降機",
	"sign.mtr.lift_2": "Lift",
	"sign.mtr.lift_2_cjk": "升降機",
	"sign.mtr.light_rail_1": "Light Rail",
	"sign.mtr.light_rail_1_cjk": "輕鐵",
	"sign.mtr.light_rail_2": "Light Rail",
	"sign.mtr.light_rail_2_cjk": "輕鐵",
	"sign.mtr.light_rail_3": "Light Rail",
	"sign.mtr.light_rail_3_cjk": "輕鐵",
	"sign.mtr.light_rail_4": "Light Rail",
	"sign.mtr.light_rail_4_cjk": "輕鐵",
	"sign.mtr.logo": "Minecraft Transit Railway",
	"sign.mtr.logo_cjk": "我的世界鐵路",
	"sign.mtr.male": "Male Toilet",
	"sign.mtr.male_cjk": "男洗手間",
	"sign.mtr.platform": "Platform",
	"sign.mtr.platform_cjk": "月台",
	"sign.mtr.sp1900": "Trains",
	"sign.mtr.sp1900_cjk": "列車",
	"sign.mtr.station": "Station",
	"sign.mtr.station_cjk": "車站",
	"sign.mtr.tickets": "Tickets",
	"sign.mtr.tickets_cjk": "車票",
	"sign.mtr.toilets": "Toilets",
	"sign.mtr.toilets_cjk": "洗手間",
	"sign.mtr.train": "Trains",
	"sign.mtr.train_cjk": "列車",
	"sign.mtr.train_old": "Trains",
	"sign.mtr.train_old_cjk": "列車",
	"sign.mtr.wheelchair": "Toilets",
	"sign.mtr.wheelchair_cjk": "洗手間",
	"sign.mtr.wifi": "Free Wi-Fi Hotspot",
	"sign.mtr.wifi_cjk": "免費Wi-Fi熱點",
	"sign.mtr.xrl_1": "High Speed Rail",
	"sign.mtr.xrl_1_cjk": "高速鐵路",
	"sign.mtr.xrl_2": "High Speed Rail",
	"sign.mtr.xrl_2_cjk": "高速鐵路",
	"sign.mtr.yellow_head_1": "Trains",
	"sign.mtr.yellow_head_1_cjk": "火車",
	"sign.mtr.yellow_head_2": "Trains",
	"sign.mtr.yellow_head_2_cjk": "火車",
	"tooltip.block.mtr.glass_fence_cio": "第一城",
	"tooltip.block.mtr.glass_fence_ckt": "車公廟",
	"tooltip.block.mtr.glass_fence_heo": "恆安",
	"tooltip.block.mtr.glass_fence_mos": "馬鞍山",
	"tooltip.block.mtr.glass_fence_plain": "玻璃板",
	"tooltip.block.mtr.glass_fence_shm": "石門",
	"tooltip.block.mtr.glass_fence_stained": "白色染色玻璃",
	"tooltip.block.mtr.glass_fence_stw": "沙田圍",
	"tooltip.block.mtr.glass_fence_tsh": "大水坑",
	"tooltip.block.mtr.glass_fence_wks": "烏溪沙",
	"tooltip.mtr.cable_car_node": "不能擺放月台或側綫\n只供直綫連接",
	"tooltip.mtr.cable_car_node_station": "允許擺放月台或側綫\n允許擺放曲綫軌道",
	"tooltip.mtr.pole_placement": "必須放在%s上",
	"tooltip.mtr.psd_apg_door": "門",
	"tooltip.mtr.psd_apg_door_2": "門",
	"tooltip.mtr.psd_apg_glass": "玻璃",
	"tooltip.mtr.psd_apg_glass_2": "玻璃",
	"tooltip.mtr.psd_apg_glass_end": "玻璃尾部",
	"tooltip.mtr.rail_action_depth": "深度：%s",
	"tooltip.mtr.rail_action_height": "高度：%s",
	"tooltip.mtr.rail_action_width": "寬度：%s",
	"tooltip.mtr.rail_speed_limit": "最高車速：%s",
	"tooltip.mtr.railway_sign_even": "擺放模式：雙數",
	"tooltip.mtr.railway_sign_length": "長度：%s",
	"tooltip.mtr.railway_sign_odd": "擺放模式：單數",
	"tooltip.mtr.selected_block": "已選定方塊：%s",
	"tooltip.mtr.selected_material": "已選定材料：%s",
	"tooltip.mtr.shift_right_click_to_clear": "按%s並在%s使用以重置",
	"tooltip.mtr.shift_right_click_to_select_material": "按%s並在方塊使用來選擇材料",
	"tooltip.mtr.station_color": "顏色取決於車站",
	"tooltip.mtr.station_color_name": "顏色和文字取決於車站",
	"train.mtr.a320": "空中巴士 A320",
	"train.mtr.a_train_ael": "CAF 機場快綫列車",
	"train.mtr.a_train_ael_mini": "CAF 機場快綫列車 （迷你）",
	"train.mtr.a_train_tcl": "CAF 東涌綫列車",
	"train.mtr.a_train_tcl_mini": "CAF 東涌綫列車 （迷你）",
	"train.mtr.a_train_tcl_small": "CAF 東涌綫列車 （小型）",
	"train.mtr.acacia_boat": "金合歡木船",
	"train.mtr.birch_boat": "樺木船",
	"train.mtr.br_423": "德國鐵路 423 型",
	"train.mtr.c1141a": "1141A / 屯馬綫中國製列車",
	"train.mtr.c1141a_mini": "1141A / 屯馬綫中國製列車 （迷你）",
	"train.mtr.c1141a_small": "1141A / 屯馬綫中國製列車 （小型）",
	"train.mtr.c_train": "C-Train",
	"train.mtr.c_train_mini": "C-Train （迷你）",
	"train.mtr.c_train_small": "C-Train （小型）",
	"train.mtr.class_377_southern": "英國鐵路 377 型 （南方）",
	"train.mtr.class_802_gwr": "英國鐵路 802 型 （GWR）",
	"train.mtr.class_802_gwr_mini": "英國鐵路 802 型 （GWR，迷你）",
	"train.mtr.class_802_tpe": "英國鐵路 802 型 （TPE）",
	"train.mtr.class_802_tpe_mini": "英國鐵路 802 型 （TPE，迷你）",
	"train.mtr.cm_stock": "都城嘉慕列車 （未翻新 M-Train）",
	"train.mtr.cm_stock_mini": "都城嘉慕列車 （未翻新 M-Train，迷你）",
	"train.mtr.cm_stock_small": "都城嘉慕列車 （未翻新 M-Train，小型）",
	"train.mtr.dark_oak_boat": "黑橡木船",
	"train.mtr.drl": "迪士尼綫列車",
	"train.mtr.e44": "KCR E44 （黃頭列車）",
	"train.mtr.e44_mini": "KCR E44 （黃頭列車，迷你）",
	"train.mtr.flying_minecart": "飛行礦車",
	"train.mtr.jungle_boat": "叢林木船",
	"train.mtr.k_train": "K-Train",
	"train.mtr.k_train_ael": "K-Train 機場快綫列車",
	"train.mtr.k_train_ael_mini": "K-Train 機場快綫列車 （迷你）",
	"train.mtr.k_train_ael_small": "K-Train 機場快綫列車 （小型）",
	"train.mtr.k_train_mini": "K-Train （迷你）",
	"train.mtr.k_train_small": "K-Train （小型）",
	"train.mtr.k_train_tcl": "K-Train 東涌綫列車",
	"train.mtr.k_train_tcl_mini": "K-Train 東涌綫列車 （迷你）",
	"train.mtr.k_train_tcl_small": "K-Train 東涌綫列車 （小型）",
	"train.mtr.light_rail_1": "輕鐵第一期列車（左上右落）",
	"train.mtr.light_rail_1_orange": "輕鐵第一期列車 （橙色，左上右落）",
	"train.mtr.light_rail_1_orange_rht": "輕鐵第一期列車 （橙色，右上左落）",
	"train.mtr.light_rail_1_rht": "輕鐵第一期列車（右上左落）",
	"train.mtr.light_rail_1r": "輕鐵第一期列車 （翻新後，左上右落）",
	"train.mtr.light_rail_1r_old": "輕鐵第一期列車 （翻新後，藍色，左上右落）",
	"train.mtr.light_rail_1r_old_rht": "輕鐵第一期列車 （翻新後，藍色，右上左落）",
	"train.mtr.light_rail_1r_orange": "輕鐵第一期列車 （翻新後，橙色，左上右落）",
	"train.mtr.light_rail_1r_orange_rht": "輕鐵第一期列車 （翻新後，橙色，右上左落）",
	"train.mtr.light_rail_1r_rht": "輕鐵第一期列車 （翻新後，右上左落）",
	"train.mtr.light_rail_2": "輕鐵第二期列車（左上右落）",
	"train.mtr.light_rail_2r": "輕鐵第二期列車（翻新後，左上右落）",
	"train.mtr.light_rail_2r_rht": "輕鐵第二期列車 （翻新後，右上左落）",
	"train.mtr.light_rail_2_orange": "輕鐵第二期列車 （橙色，左上右落）",
	"train.mtr.light_rail_2_orange_rht": "輕鐵第二期列車 （橙色，右上左落）",
	"train.mtr.light_rail_2_rht": "輕鐵第二期列車（右上左落）",
	"train.mtr.light_rail_3": "輕鐵第三期列車（左上右落）",
	"train.mtr.light_rail_3r": "輕鐵第三期列車（翻新後，左上右落）",
	"train.mtr.light_rail_3r_rht": "輕鐵第三期列車 （翻新後，右上左落）",
	"train.mtr.light_rail_3_orange": "輕鐵第三期列車 （橙色，左上右落）",
	"train.mtr.light_rail_3_orange_rht": "輕鐵第三期列車 （橙色，右上左落）",
	"train.mtr.light_rail_3_rht": "輕鐵第三期列車（右上左落）",
	"train.mtr.light_rail_4": "輕鐵第四期列車（左上右落）",
	"train.mtr.light_rail_4_old": "輕鐵第四期列車 （藍色，左上右落）",
	"train.mtr.light_rail_4_old_rht": "輕鐵第四期列車 （藍色，右上左落）",
	"train.mtr.light_rail_4_orange": "輕鐵第四期列車 （橙色，左上右落）",
	"train.mtr.light_rail_4_orange_rht": "輕鐵第四期列車 （橙色，右上左落）",
	"train.mtr.light_rail_4_rht": "輕鐵第四期列車（右上左落）",
	"train.mtr.light_rail_5": "輕鐵第五期列車（左上右落）",
	"train.mtr.light_rail_5_old": "輕鐵第五期列車 （藍色，左上右落）",
	"train.mtr.light_rail_5_old_rht": "輕鐵第五期列車 （藍色，右上左落）",
	"train.mtr.light_rail_5_orange": "輕鐵第五期列車 （橙色，左上右落）",
	"train.mtr.light_rail_5_orange_rht": "輕鐵第五期列車 （橙色，右上左落）",
	"train.mtr.light_rail_5_rht": "輕鐵第五期列車（右上左落）",
	"train.mtr.london_underground_1995": "倫敦地鐵 1995 型",
	"train.mtr.london_underground_1996": "倫敦地鐵 1996 型",
	"train.mtr.london_underground_d78": "倫敦地鐵 D78 型",
	"train.mtr.london_underground_d78_mini": "倫敦地鐵 D78 型（迷你）",
	"train.mtr.m_train": "M-Train",
	"train.mtr.m_train_mini": "M-Train （迷你）",
	"train.mtr.m_train_small": "M-Train （小型）",
	"train.mtr.minecart": "礦車",
	"train.mtr.mlr": "MLR 列車",
	"train.mtr.mlr_christmas": "聖誕 MLR 列車",
	"train.mtr.mlr_christmas_mini": "聖誕 MLR 列車（迷你）",
	"train.mtr.mlr_christmas_small": "聖誕 MLR 列車（小型）",
	"train.mtr.mlr_mini": "MLR 列車 （迷你）",
	"train.mtr.mlr_small": "MLR 列車 （小型）",
	"train.mtr.mpl_85": "里昂地鐵 MPL 85",
	"train.mtr.ngong_ping_360_crystal": "昂坪 360 水晶車廂（左上右落）",
	"train.mtr.ngong_ping_360_crystal_rht": "昂坪 360 水晶車廂（右上左落）",
	"train.mtr.ngong_ping_360_crystal_plus": "昂坪 360 全景纜車（左上右落）",
	"train.mtr.ngong_ping_360_crystal_plus_rht": "昂坪 360 全景纜車（右上左落）",
	"train.mtr.ngong_ping_360_normal_light_blue": "昂坪360（淺藍色，左上右落）",
	"train.mtr.ngong_ping_360_normal_light_blue_rht": "昂坪360（淺藍色，右上左落）",
	"train.mtr.ngong_ping_360_normal_orange": "昂坪 360（橙色，左上右落）",
	"train.mtr.ngong_ping_360_normal_orange_rht": "昂坪 360（橙色，右上左落）",
	"train.mtr.ngong_ping_360_normal_red": "昂坪 360（紅色，左上右落）",
	"train.mtr.ngong_ping_360_normal_red_rht": "昂坪 360（紅色，右上左落）",
	"train.mtr.oak_boat": "橡木船",
	"train.mtr.r179": "R179 （紐約地鐵）",
	"train.mtr.r179_mini": "R179 （紐約地鐵，迷你）",
	"train.mtr.r211": "R211 （紐約地鐵）",
	"train.mtr.r211_mini": "R211 （紐約地鐵，迷你）",
	"train.mtr.r211t": "R211T （紐約地鐵）",
	"train.mtr.r211t_mini": "R211T （紐約地鐵，迷你）",
	"train.mtr.r_train": "R-Train",
	"train.mtr.r_train_mini": "R-Train （迷你）",
	"train.mtr.r_train_small": "R-Train （小型）",
	"train.mtr.s_train": "S-Train",
	"train.mtr.s_train_mini": "S-Train （迷你）",
	"train.mtr.s_train_small": "S-Train （小型）",
	"train.mtr.sp1900": "SP1900",
	"train.mtr.sp1900_mini": "SP1900 （迷你）",
	"train.mtr.sp1900_small": "SP1900 （小型）",
	"train.mtr.spruce_boat": "雲杉木船"
}
